Run,Event,E1,px1,py1,pz1,pt1,eta1,phi1,Q1,E2,px2,py2,pz2,pt2,eta2,phi2,Q2,M
146511,0,16.8024,-2.6529,5.2796,-15.7288,5.9087,-1.7058,2.0364,1.0,56.6118,-15.2021,1.8433,-54.5012,15.3134,-1.9818,3.0209,-1.0,9.3724
146511,1,11.9152,3.2098,11.3873,1.4103,11.831,0.1189,1.2961,1.0,0.5566,0.2569,0.3701,0.3093,0.4506,0.6416,0.964,-1.0,1.5284
146511,2,5.4329,-4.9949,-0.7197,-2.0096,5.0464,-0.3884,-2.9985,1.0,4.096,3.6101,-0.2977,1.9091,3.6223,0.5053,-0.0823,-1.0,9.3721
146511,3,4.1493,-2.4297,-2.154,2.5812,3.247,0.7287,-2.4163,-1.0,0.651,0.016,0.1776,-0.6171,0.1784,-1.9546,1.481,1.0,3.0746
146511,4,1.5315,1.2473,-0.0256,-0.8821,1.2475,-0.6584,-0.0206,-1.0,1.7088,-0.9357,-0.394,-1.3704,1.0153,-1.1084,-2.7431,1.0,2.27
146511,5,52.651,31.6784,-24.6455,-34.0763,40.1363,-0.7705,-0.6612,-1.0,40.4043,-26.8521,20.3643,22.2881,33.7007,0.6207,2.4927,1.0,92.0799
146511,6,4.909,-1.3667,3.2743,-3.3908,3.5481,-0.8497,1.9662,-1.0,4.5812,1.3756,-2.9367,3.2341,3.2429,0.8794,-1.1327,1.0,9.4828
146511,7,5.6115,2.4214,0.1273,-5.0595,2.4247,-1.4817,0.0525,1.0,4.8011,-4.4283,0.9484,1.5906,4.5287,0.3444,2.9306,-1.0,9.5501
146511,8,1.0796,-0.6622,0.4945,0.6866,0.8265,0.7565,2.5001,1.0,1.0592,-0.4456,-0.8516,-0.4323,0.9612,-0.4358,-2.0529,-1.0,1.7763
146511,9,8.5913,-1.1798,5.0209,-6.8701,5.1577,-1.0978,1.8016,1.0,7.1922,2.4034,-5.6745,3.7068,6.1625,0.5701,-1.1702,-1.0,15.4009
146511,10,9.9494,-2.6343,9.5926,-0.1473,9.9478,-0.0148,1.8388,-1.0,0.3825,-0.1557,0.1652,0.2892,0.227,1.0625,2.3266,1.0,1.9312
146511,11,45.178,3.6467,13.3785,42.9972,13.8666,1.8498,1.3047,-1.0,44.1415,-0.0688,-8.4855,-43.3181,8.4857,-2.3328,-1.5789,1.0,89.1131
146511,12,1.42,0.0973,-0.1894,-1.4,0.213,-2.582,-1.0962,1.0,2.8456,2.6026,1.0964,0.3326,2.8241,0.1175,0.3987,-1.0,2.9906
146511,13,3.9402,2.7041,-0.8074,-2.7477,2.822,-0.8626,-0.2902,1.0,7.4981,-6.5097,3.1484,-1.9803,7.2311,-0.2705,2.6911,-1.0,9.4083
146511,14,1.4626,0.0537,-1.4435,0.2031,1.4445,0.1401,-1.5336,1.0,3.131,-1.6422,-2.5234,0.8531,3.0107,0.2797,-2.1477,-1.0,1.3136
146511,15,20.3145,-3.8754,-2.683,-19.7598,4.7135,-2.1403,-2.5361,1.0,31.839,-5.5958,-5.6041,-30.8381,7.9195,-2.0687,-2.3554,-1.0,1.2053
146511,16,1.1951,0.0651,0.5781,-1.0386,0.5817,-1.3433,1.4587,-1.0,2.383,0.7719,-1.9597,1.1096,2.1063,0.5051,-1.1956,1.0,3.1919
146511,17,17.169,-3.7019,-2.6953,16.5467,4.5792,1.9964,-2.5123,-1.0,3.2908,-1.204,-0.9387,2.9134,1.5266,1.4019,-2.4794,1.0,1.6233
146511,18,4.9506,-3.8606,-3.0653,-0.444,4.9295,-0.0899,-2.4705,-1.0,4.5894,2.9237,3.4943,-0.5412,4.5561,-0.1185,0.8741,1.0,9.4328
146511,19,1.6572,0.5698,1.4715,0.495,1.578,0.3087,1.2014,1.0,1.7893,-0.1172,-1.5386,0.8996,1.5431,0.5542,-1.6468,-1.0,3.1183
146511,20,5.6146,-5.4468,0.5465,1.2436,5.4741,0.2253,3.0416,1.0,7.611,2.0254,-0.5473,7.3154,2.098,1.9621,-0.2639,-1.0,9.4845
146511,21,10.1025,-5.6449,-4.3713,7.1467,7.1396,0.8821,-2.4827,-1.0,10.171,4.9836,5.8007,-6.7048,7.6475,-0.7915,0.861,1.0,20.2074
146511,22,50.9217,31.9931,-24.5969,31.0555,40.3554,0.7087,-0.6554,1.0,43.5956,-23.672,18.0827,-31.8311,29.7883,-0.929,2.4893,-1.0,93.9214
146511,23,50.6753,13.8396,45.6856,-17.0077,47.7358,-0.3492,1.2767,-1.0,47.2472,-5.294,-45.4856,-11.6329,45.7926,-0.2514,-1.6867,1.0,93.2495
146511,24,15.6213,1.8668,3.1494,15.1858,3.6611,2.13,1.0357,1.0,24.812,6.4285,-6.4624,23.0767,9.1153,1.6589,-0.788,-1.0,9.5414
146511,25,2.2655,-0.0443,1.426,1.7567,1.4267,1.0359,1.6019,-1.0,1.2436,1.1592,-0.323,0.2954,1.2033,0.2431,-0.2718,1.0,2.3755
146511,26,18.1539,3.0247,3.2192,-17.608,4.4172,-2.0914,0.8165,1.0,39.9892,4.077,10.5882,-38.3457,11.346,-1.9321,1.2032,-1.0,2.9543
146511,27,2.5167,-2.4784,-0.4217,0.0436,2.5141,0.0174,-2.9731,-1.0,2.4791,2.4335,0.4613,0.0015,2.4768,0.0006,0.1874,1.0,4.9952
146511,28,43.6726,9.8466,-13.1304,-40.4712,16.4123,-1.6345,-0.9274,-1.0,33.3004,-12.8826,12.5419,28.0293,17.9795,1.227,2.3696,1.0,75.8978
146511,29,5.9617,3.9972,-1.8366,4.0225,4.3989,0.8196,-0.4307,1.0,3.5317,1.0228,-2.8564,1.8046,3.034,0.5644,-1.227,-1.0,2.9909
146511,30,0.402,-0.0249,-0.285,-0.262,0.2861,-0.8205,-1.6581,1.0,6.9139,-0.2718,6.7453,1.4892,6.7508,0.2188,1.6111,-1.0,3.1926
146511,31,114.7175,52.0295,-4.6465,-102.1344,52.2365,-1.4234,-0.0891,-1.0,26.4599,-25.0259,-8.0844,-2.9096,26.2993,-0.1104,-2.8291,1.0,89.4738
146511,32,5.9351,0.5488,5.8206,1.0164,5.8464,0.173,1.4768,-1.0,6.7023,0.1994,-6.289,2.3062,6.2921,0.3588,-1.5391,1.0,12.1608
146511,33,7.0807,1.6702,1.7385,-6.6569,2.4108,-1.7401,0.8054,-1.0,0.5015,0.4601,-0.1417,-0.0927,0.4814,-0.1914,-0.2987,1.0,2.2015
146511,34,0.9101,-0.308,0.3253,-0.7852,0.4479,-1.3273,2.3289,-1.0,1.0013,0.7628,0.2081,0.6052,0.7906,0.7055,0.2664,1.0,1.7691
146511,35,2.3587,1.612,-0.9381,1.4401,1.8651,0.7108,-0.527,-1.0,2.6228,-1.8195,1.079,-1.5469,2.1154,-0.6781,2.6063,1.0,4.974
146511,36,1.3437,-0.9886,-0.2713,-0.8622,1.0251,-0.7644,-2.8737,-1.0,4.347,-3.8913,-1.8342,-0.6152,4.3019,-0.1425,-2.7011,1.0,1.3979
146511,37,2.3751,-2.3508,0.3011,-0.1135,2.37,-0.0479,3.0142,-1.0,1.5498,0.6716,-0.4002,1.334,0.7819,1.304,-0.5374,1.0,3.3296
146511,38,2.1897,-1.8152,0.3451,1.1703,1.8477,0.5972,2.9537,-1.0,2.6514,1.8036,-0.1172,-1.9371,1.8074,-0.9312,-0.0649,1.0,4.7746
146511,39,1.8395,-1.0421,1.5118,0.033,1.8362,0.018,2.1743,1.0,1.7342,1.6258,0.0779,-0.5892,1.6277,-0.3545,0.0479,-1.0,3.0975
146511,40,2.0792,1.62,0.0298,-1.2987,1.6203,-0.7338,0.0184,1.0,0.6015,0.1678,0.5479,0.1496,0.573,0.2582,1.2736,-1.0,1.5284
146511,41,111.1207,31.9759,-38.504,99.2108,50.0501,1.4357,-0.8778,-1.0,0.3233,-0.0302,-0.2552,-0.1654,0.257,-0.6058,-1.6887,1.0,9.3258
146511,42,4.6966,-0.5009,-3.3046,-3.2979,3.3423,-0.8719,-1.7212,1.0,2.6225,0.1468,0.2893,-2.6002,0.3244,-2.7783,1.1013,-1.0,3.0927
146511,43,17.0097,1.7911,-4.3614,-16.3429,4.7149,-1.9564,-1.1811,1.0,19.3816,0.9862,-8.0773,-17.5904,8.1373,-1.5137,-1.4493,-1.0,3.2296
146511,44,2.1846,-0.6046,2.0511,0.4345,2.1383,0.2018,1.8575,-1.0,10.3652,5.8832,-8.2186,-2.295,10.1073,-0.2252,-0.9495,1.0,9.3879
146511,45,4.1492,3.0261,2.8299,0.1972,4.1431,0.0476,0.7519,1.0,18.5703,7.7722,4.269,-16.316,8.8675,-1.3697,0.5023,-1.0,9.4529
146511,46,2.8938,-0.9083,0.1309,-2.7424,0.9177,-1.8147,2.9985,-1.0,8.4468,-0.8338,-2.039,-8.1538,2.2029,-2.0196,-1.959,1.0,1.7906
146511,47,4.2081,-2.2695,2.0216,-2.9085,3.0393,-0.8506,2.4139,1.0,0.9518,0.9092,-0.0721,-0.2506,0.9121,-0.2714,-0.0791,-1.0,3.3156
146511,48,5.8232,-0.1543,1.4502,5.6367,1.4583,2.0615,1.6768,1.0,13.4182,-4.7555,1.8022,12.4167,5.0855,1.6253,2.7794,-1.0,3.1024
146511,49,7.3073,5.4074,3.4642,-3.485,6.4219,-0.5191,0.5698,-1.0,17.2887,0.0185,3.6583,-16.8969,3.6584,-2.2348,1.5657,1.0,10.4581
146511,50,11.8672,-0.7763,-6.2842,10.0363,6.3319,1.241,-1.6937,-1.0,40.849,-0.6165,-23.5237,33.3899,23.5318,1.1489,-1.597,1.0,1.6495
146511,51,3.7755,-0.4629,-2.9986,2.2444,3.0341,0.6849,-1.724,-1.0,2.3955,1.1284,1.7778,-1.1373,2.1056,-0.5168,1.0053,1.0,5.9095
146511,52,3.5739,0.417,1.4214,-3.2507,1.4813,-1.5274,1.2854,-1.0,9.1225,-2.7678,6.1149,6.1771,6.7121,0.8239,1.9958,1.0,9.5033
146511,53,5.4786,0.4366,-0.3006,5.4519,0.5301,3.0262,-0.6029,-1.0,5.1609,-0.3725,-2.9278,4.2323,2.9515,1.1576,-1.6974,1.0,2.998
146511,54,1.9023,-0.375,0.2928,1.8389,0.4757,2.0615,2.4786,1.0,2.6166,-2.2504,1.2229,-0.5252,2.5612,-0.2037,2.6438,-1.0,3.0831
146511,55,2.8691,2.6889,0.9686,0.2282,2.858,0.0798,0.3458,-1.0,16.5394,1.5513,-4.7306,15.772,4.9785,1.8703,-1.2539,1.0,9.4102
146511,56,2.5785,1.5017,1.3127,-1.6307,1.9945,-0.7464,0.7183,-1.0,10.8483,4.5714,6.551,-7.3391,7.9883,-0.8227,0.9615,1.0,1.0501
146511,57,5.0515,-1.0805,-3.9417,-2.9669,4.0871,-0.6738,-1.8383,1.0,2.7226,0.3058,-0.3507,-2.6805,0.4653,-2.4517,-0.8538,-1.0,3.0854
146511,58,0.9066,-0.2064,-0.7514,0.4511,0.7792,0.5506,-1.8389,-1.0,9.7564,2.1309,5.5196,7.7569,5.9166,1.0852,1.2024,1.0,4.4596
146511,59,0.6715,-0.6368,0.0712,0.1707,0.6408,0.2633,3.0302,-1.0,1.25,0.2461,-0.2313,1.1989,0.3377,1.9795,-0.7544,1.0,1.2799
146511,60,17.7416,-7.2908,14.9087,-6.2712,16.596,-0.3694,2.0256,-1.0,3.2937,-0.0697,2.9627,-1.4335,2.9635,-0.4666,1.5943,1.0,3.0917
146511,61,0.8164,0.2772,0.7356,0.1936,0.7861,0.2439,1.2105,-1.0,0.6557,-0.1333,-0.5464,-0.32,0.5624,-0.5421,-1.8101,1.0,1.4473
146511,62,5.3157,1.9419,-1.3361,-4.7634,2.3571,-1.4529,-0.6027,1.0,5.9011,0.5237,-4.0689,-4.2404,4.1025,-0.905,-1.4428,-1.0,3.0749
146511,63,4.7133,0.8527,-3.4003,-3.1488,3.5056,-0.8076,-1.3251,-1.0,5.2156,1.9811,3.9644,2.7476,4.4319,0.5859,1.1074,1.0,9.4906
146511,64,1.3011,-1.0204,0.6542,-0.4611,1.2121,-0.3718,2.5715,-1.0,1.8291,1.1738,-1.3315,0.4288,1.775,0.2393,-0.8483,1.0,3.052
146511,65,16.8096,-3.4143,-3.3343,16.1176,4.7723,1.9315,-2.368,-1.0,1.15,-0.8231,0.2148,0.7666,0.8506,0.8098,2.8863,1.0,3.1279
146511,66,3.1231,0.15,1.6394,2.6519,1.6463,1.2547,1.4796,1.0,3.5027,2.9628,0.3871,1.8249,2.9879,0.578,0.1299,-1.0,3.1725
146511,67,2.1848,0.5729,-1.8248,-1.0508,1.9126,-0.525,-1.2666,1.0,2.8192,-0.6279,1.0474,2.5388,1.2212,1.4784,2.1109,-1.0,4.7137
146511,68,1.4761,-1.2154,0.6594,0.5056,1.3827,0.358,2.6445,-1.0,0.3802,-0.2134,-0.1511,-0.2549,0.2615,-0.8634,-2.5255,1.0,1.0407
146511,69,2.2763,1.5278,1.6623,-0.27,2.2578,-0.1193,0.8275,-1.0,2.5946,0.4389,2.4004,0.8755,2.4402,0.3515,1.3899,1.0,1.728
146511,70,3.9663,0.7898,0.3965,-3.8652,0.8837,-2.1816,0.4653,1.0,0.9065,0.4787,0.603,-0.4668,0.7699,-0.5743,0.8998,-1.0,1.5397
146511,71,16.0883,11.4026,10.0266,5.3171,15.1839,0.3434,0.7213,1.0,4.7044,-0.0275,-2.1251,-4.1957,2.1252,-1.432,-1.5837,-1.0,15.4679
146511,72,5.0642,0.7615,2.29,4.4509,2.4133,1.3718,1.2498,1.0,4.4175,-0.3874,-1.9001,-3.9676,1.9392,-1.464,-1.7719,-1.0,9.4539
146511,73,0.5302,-0.1267,0.2848,-0.4157,0.3117,-1.099,1.9894,-1.0,40.5069,-5.1702,6.9705,-39.5662,8.6787,-2.2221,2.209,1.0,2.1909
146511,74,0.5703,-0.0559,-0.1406,-0.5396,0.1513,-1.984,-1.9493,1.0,40.8974,-13.9943,8.7986,-37.4076,16.5304,-1.5554,2.5803,-1.0,2.6846
146511,75,1.6115,-0.5922,1.4905,-0.1166,1.6038,-0.0726,1.949,1.0,1.905,0.5902,-0.8605,1.5903,1.0435,1.208,-0.9696,-1.0,3.13
146511,76,6.044,-2.5023,0.0466,-5.5004,2.5027,-1.5287,3.123,1.0,0.5862,-0.4157,-0.1718,-0.3609,0.4498,-0.7346,-2.7497,-1.0,1.0366
146511,77,3.4468,1.5463,-2.266,-2.0841,2.7433,-0.7009,-0.972,-1.0,10.9172,1.3152,-10.18,-3.7166,10.2646,-0.3546,-1.4423,1.0,3.0962
146511,78,1.3781,-1.2324,0.5677,-0.2166,1.3569,-0.1589,2.7099,-1.0,1.9818,1.9097,-0.0062,-0.5191,1.9097,-0.2686,-0.0033,1.0,3.1582
146511,79,4.7608,-3.0059,-0.0409,-3.6901,3.0062,-1.0335,-3.128,1.0,5.1132,3.0137,2.8519,2.9862,4.1492,0.6687,0.7578,-1.0,9.4392
146511,80,3.8281,1.9375,1.5305,-2.9235,2.4691,-1.0057,0.6686,-1.0,2.8324,-0.5722,2.5132,-1.1695,2.5775,-0.4394,1.7947,1.0,3.0649
146511,81,0.5183,-0.1736,-0.4741,0.0516,0.5048,0.102,-1.9218,1.0,1.7463,0.9944,-0.8264,-1.169,1.293,-0.8119,-0.6934,-1.0,1.2308
146511,82,4.6271,4.5112,0.0129,-1.0239,4.5112,-0.2251,0.0029,-1.0,4.8439,-4.6198,-0.0479,1.4517,4.62,0.3093,-3.1312,1.0,9.4607
146511,83,0.9027,0.3636,-0.8144,0.0906,0.8919,0.1015,-1.1509,1.0,1.9429,-1.3255,-0.9596,1.042,1.6364,0.6001,-2.515,-1.0,1.6559
146511,84,5.9781,-1.5478,-1.5753,-5.5542,2.2085,-1.6528,-2.3474,-1.0,1.2405,-0.0944,-1.0889,-0.5771,1.093,-0.5061,-1.6572,1.0,2.1728
146511,85,5.6026,-0.0303,2.2871,5.1133,2.2873,1.5443,1.584,1.0,2.6647,-1.4449,-0.5891,2.1575,1.5604,1.1279,-2.7544,-1.0,3.2286
146511,86,2.3399,0.413,1.3517,1.8618,1.4134,1.0889,1.2743,1.0,1.0384,0.2507,-0.3596,-0.9353,0.4384,-1.5018,-0.9621,-1.0,3.0215
146511,87,0.5822,-0.3219,0.3285,0.3409,0.46,0.6861,2.3461,-1.0,5.5381,-0.7542,1.7515,5.1984,1.907,1.728,1.9774,1.0,1.1358
146511,88,20.2073,-1.3614,-12.782,15.5914,12.8543,1.0242,-1.6769,1.0,5.3899,-3.301,-1.0458,4.1292,3.4627,1.0112,-2.8348,-1.0,7.3056
146511,89,5.0435,-0.1287,4.5214,2.2284,4.5232,0.4746,1.5992,-1.0,10.3598,-3.867,9.3551,2.2007,10.1228,0.2157,1.9628,1.0,3.0203
146511,90,5.6638,5.3316,-0.6601,1.7904,5.3723,0.3274,-0.1232,1.0,4.3842,3.8499,1.205,1.7136,4.0341,0.4129,0.3033,-1.0,2.0217
146511,91,2.9759,2.1582,1.8872,0.7909,2.8669,0.2725,0.7185,1.0,25.6447,23.539,9.6775,3.1468,25.4507,0.1233,0.3901,-1.0,3.0899
146511,92,23.0407,-5.7498,-3.8941,-21.969,6.9444,-1.8689,-2.5463,1.0,16.2261,-3.2167,-2.4457,-15.7145,4.0408,-2.0674,-2.4915,-1.0,1.1132
146511,93,0.7866,-0.4126,0.3375,0.5687,0.533,0.9279,2.456,-1.0,0.9332,-0.1497,-0.915,0.0102,0.9272,0.011,-1.733,1.0,1.4046
146511,94,2.4968,-2.0243,-0.6789,-1.2901,2.1351,-0.5724,-2.818,-1.0,6.9396,-0.2875,1.5457,-6.7583,1.5722,-2.1647,1.7547,1.0,4.2631
146511,95,1.8139,-0.0585,-1.759,0.4259,1.76,0.2397,-1.604,-1.0,8.8597,0.8163,-4.6508,7.4958,4.7219,1.2423,-1.397,1.0,3.0842
146511,96,9.5709,5.391,7.634,-2.0618,9.3456,-0.2189,0.9559,1.0,5.8292,-1.287,-5.6671,0.4422,5.8114,0.076,-1.7941,-1.0,14.6229
146511,97,1.3334,-0.4181,1.0556,0.6912,1.1354,0.5764,1.9479,-1.0,2.706,-2.3896,1.2244,0.3194,2.685,0.1187,2.6681,1.0,1.4881
146511,98,11.3655,-5.7067,-3.3357,-9.2451,6.6101,-1.1372,-2.6126,1.0,1.9239,-0.6939,-0.2044,-1.7796,0.7233,-1.6324,-2.8551,-1.0,1.2516
146511,99,46.7225,-28.4189,11.2577,35.3357,30.5675,0.9875,2.7644,-1.0,43.5342,26.0707,-8.4331,-33.8292,27.4007,-1.0379,-0.3128,1.0,90.1693
146511,100,44.3786,8.0215,-26.575,34.6248,27.7592,1.0459,-1.2776,1.0,48.8537,-8.0851,23.4892,-42.0661,24.8417,-1.2975,1.9023,-1.0,92.8836
146511,101,2.4297,0.1969,2.4096,0.217,2.4177,0.0896,1.4893,-1.0,2.651,-0.3261,0.4674,2.5869,0.5699,2.2178,2.18,1.0,3.1077
146511,102,12.7265,-3.3445,3.3205,11.8212,4.7129,1.6503,2.3598,1.0,3.2205,-0.5561,1.2943,2.8941,1.4087,1.4677,1.9766,-1.0,1.1199
146511,103,42.7958,-42.2616,-2.9054,-6.0817,42.3613,-0.1431,-3.073,1.0,73.2658,13.4237,33.5954,63.7105,36.178,1.3314,1.1907,-1.0,91.519
146511,104,4.4202,-0.4153,-1.5695,-4.1098,1.6235,-1.6589,-1.8295,1.0,7.2901,6.7063,2.1717,1.8558,7.0492,0.2603,0.3132,-1.0,9.5974
146511,105,4.9133,-2.7605,-0.6749,-4.0067,2.8419,-1.1437,-2.9018,-1.0,15.4681,-3.9699,-0.8037,-14.928,4.0504,-2.0155,-2.9418,1.0,3.0653
146511,106,6.1441,1.6624,-1.3185,5.7652,2.1218,1.725,-0.6705,1.0,15.1794,2.6543,-4.3129,14.3093,5.0642,1.7618,-1.0191,-1.0,1.1668
146511,107,0.5793,-0.3303,-0.0841,-0.4564,0.3408,-1.102,-2.8924,-1.0,0.9576,-0.4721,0.5617,0.6062,0.7338,0.7529,2.2698,1.0,1.2115
146511,108,1.7531,-1.2173,-0.5063,1.1506,1.3183,0.7885,-2.7475,-1.0,5.0553,-2.3138,-0.6531,4.4458,2.4042,1.3741,-2.8665,1.0,1.1052
146511,109,42.4128,17.0262,-31.0509,-23.3406,35.4126,-0.6188,-1.0692,1.0,46.9702,-15.6806,32.0073,30.5915,35.642,0.7775,2.0263,-1.0,89.0732
146511,110,3.3457,2.2149,0.4007,-2.4731,2.2508,-0.9495,0.179,1.0,6.5927,-1.7908,-1.6932,6.1138,2.4646,1.64,-2.3842,-1.0,9.147
146511,111,0.2843,0.2428,0.0952,0.0403,0.2609,0.154,0.3738,1.0,4.628,2.0653,-2.0944,-3.5714,2.9414,-1.025,-0.7924,-1.0,1.529
146511,112,4.4289,-1.559,-3.7955,1.6635,4.1032,0.3951,-1.9605,-1.0,11.5873,-5.4201,-8.5363,5.6575,10.1117,0.5338,-2.1365,1.0,1.462
146511,113,9.8595,-0.944,-4.1873,8.8755,4.2924,1.4735,-1.7925,1.0,3.2719,-0.8937,0.2783,3.1334,0.936,1.923,2.8397,-1.0,3.0925
146511,114,9.6212,3.4482,-0.3494,8.9746,3.4659,1.6799,-0.101,1.0,4.4239,-2.1419,0.657,-3.8132,2.2404,-1.3019,2.844,-1.0,12.9932
146511,115,20.9612,-8.6162,-1.4009,-19.0568,8.7293,-1.5226,-2.9804,-1.0,1.7971,0.3773,1.7526,0.0673,1.7928,0.0376,1.3588,1.0,9.4521
146511,116,4.5024,2.4614,-1.4886,-3.4621,2.8765,-1.0183,-0.5439,1.0,4.896,-1.8116,1.1919,4.3883,2.1686,1.4541,2.5597,-1.0,9.3254
146511,117,1.4507,-0.7947,0.8905,0.8179,1.1935,0.6406,2.2994,-1.0,1.9136,1.0318,-1.6001,0.1611,1.9039,0.0845,-0.9981,1.0,3.1306
146511,118,4.3185,-0.2071,-0.5539,-4.2765,0.5913,-2.6764,-1.9286,1.0,8.0383,-0.6212,-2.4983,-7.6142,2.5744,-1.805,-1.8145,-1.0,1.1401
146511,119,1.5149,0.4025,-0.234,1.4378,0.4656,1.8459,-0.5265,1.0,1.5521,0.0053,-0.2225,-1.5324,0.2226,-2.6275,-1.5468,-1.0,3.0038
146511,120,4.1847,-1.106,-0.5576,3.9958,1.2387,1.8875,-2.6746,1.0,1.7437,-1.2506,1.1152,0.4708,1.6756,0.2774,2.4134,-1.0,3.0546
146511,121,1.7818,-1.3224,-1.1428,-0.3298,1.7478,-0.1876,-2.4289,1.0,3.4625,-2.3278,0.6962,2.4646,2.4297,0.8915,2.851,-1.0,3.0695
146511,122,1.3675,-0.3594,-1.178,0.585,1.2316,0.4587,-1.8669,1.0,5.0231,0.7255,-4.4858,2.1382,4.5441,0.4547,-1.4104,-1.0,1.1011
146511,123,11.5581,0.5305,-4.1064,-10.7905,4.1406,-1.6859,-1.4423,1.0,15.9678,-0.2865,-3.7352,-15.5218,3.7462,-2.1289,-1.6473,-1.0,1.9468
146511,124,1.0681,-0.1544,-0.9897,0.3555,1.0016,0.3479,-1.7255,-1.0,0.8735,0.216,0.7714,-0.3319,0.8011,-0.4032,1.2978,1.0,1.9282
146511,125,9.309,-1.4202,-5.6716,7.2431,5.8468,1.0406,-1.8162,-1.0,5.8339,0.3302,-0.2274,5.8191,0.4009,3.3696,-0.603,1.0,4.7644
146511,126,3.2241,-1.1221,-1.9017,-2.347,2.208,-0.9252,-2.1039,1.0,2.3713,0.4778,1.798,1.4666,1.8604,0.7235,1.3111,-1.0,5.487
146511,127,0.5077,-0.1827,-0.4214,-0.1888,0.4593,-0.4003,-1.98,1.0,1.1141,0.7096,0.7862,0.3294,1.059,0.3062,0.8366,-1.0,1.4832
146511,128,6.2537,-2.3716,4.981,-2.9431,5.5168,-0.511,2.0152,1.0,1.6306,-1.0012,0.9041,-0.9099,1.349,-0.6317,2.4071,-1.0,1.1425
146511,129,2.719,2.2575,0.6183,-1.3796,2.3407,-0.5597,0.2673,-1.0,7.1375,1.7955,2.3305,-6.5021,2.942,-1.5338,0.9143,1.0,3.1475
146511,130,0.5112,0.4582,0.1097,-0.168,0.4712,-0.3493,0.2349,1.0,0.8102,-0.6049,-0.192,0.4924,0.6346,0.7137,-2.8342,-1.0,1.2699
146511,131,46.2995,44.4567,5.5087,11.7001,44.7967,0.2583,0.1233,1.0,47.2163,-45.093,-11.9943,-7.2193,46.661,-0.1541,-2.8816,-1.0,93.1808
146511,132,0.7218,-0.0644,-0.6183,-0.3513,0.6217,-0.5387,-1.6746,1.0,6.737,0.9268,3.0205,-5.9492,3.1595,-1.39,1.2731,-1.0,3.0697
146511,133,1.3515,-0.2894,0.3265,-1.2748,0.4363,-1.7934,2.2961,1.0,3.1839,-2.0675,-2.2119,0.9794,3.0277,0.3181,-2.3224,-1.0,3.3724
146511,134,7.3391,0.3483,-2.6052,-6.8515,2.6284,-1.6862,-1.4379,1.0,9.2146,1.5941,-6.0323,-6.78,6.2394,-0.9413,-1.3124,-1.0,3.1352
146511,135,1.0064,0.5584,0.7817,-0.2808,0.9606,-0.2883,0.9505,1.0,1.0512,-0.3981,-0.6871,0.6807,0.7941,0.7767,-2.0959,-1.0,2.0097
146511,136,69.8758,28.8115,-49.0568,-40.5703,56.8918,-0.6634,-1.0398,-1.0,54.5465,-25.4054,29.2866,-38.3688,38.7704,-0.874,2.2853,1.0,94.0588
146511,137,12.1218,1.9885,1.9462,-11.7977,2.7824,-2.1514,0.7747,-1.0,1.3867,0.1481,0.5833,-1.2448,0.6018,-1.4738,1.3221,1.0,1.1871
146511,138,5.9555,-2.7684,0.5087,5.2473,2.8148,1.3812,2.9599,1.0,5.5131,1.2788,4.9723,-2.0059,5.1341,-0.3814,1.3191,-1.0,9.4213
146511,139,0.5784,-0.3138,0.3397,-0.3309,0.4624,-0.6654,2.3166,-1.0,0.9132,-0.2439,-0.7165,-0.4999,0.7569,-0.6199,-1.8988,1.0,1.04
146511,140,1.2004,1.0642,0.4699,0.2764,1.1633,0.2354,0.4158,-1.0,1.8996,1.7359,-0.3055,-0.7006,1.7625,-0.3877,-0.1742,1.0,1.2501
146511,141,2.3345,1.2316,-1.7953,0.836,2.1772,0.3751,-0.9695,1.0,3.6233,0.4447,0.1699,3.5903,0.4761,2.718,0.365,-1.0,3.2329
146511,142,70.2975,-15.9568,52.2044,-44.2923,54.5886,-0.7415,1.8674,-1.0,30.158,13.0342,-25.7815,8.6556,28.889,0.2953,-1.1027,1.0,90.0813
146511,143,3.2987,-0.7942,-2.2802,2.2451,2.4145,0.8309,-1.906,1.0,2.1664,-1.9249,0.4491,0.8804,1.9766,0.4319,2.9124,-1.0,3.0581
146511,144,28.5336,-3.694,-5.0737,-27.8346,6.276,-2.1952,-2.2001,1.0,3.4338,-0.6418,-2.5198,-2.2402,2.6003,-0.78,-1.8202,-1.0,6.3999
146511,145,7.5352,-2.4696,1.0137,-7.0457,2.6695,-1.6978,2.7521,-1.0,3.7138,-0.2141,0.2445,-3.698,0.325,-3.1269,2.2901,1.0,1.5255
146511,146,2.8202,1.5718,-0.1918,-2.3313,1.5835,-1.1793,-0.1214,-1.0,1.402,1.2725,0.4505,-0.3639,1.3499,-0.2664,0.3402,1.0,1.5512
146511,147,1.313,0.0069,1.1095,0.6941,1.1095,0.5907,1.5646,-1.0,0.7825,-0.0894,-0.7561,-0.1462,0.7614,-0.1909,-1.6884,1.0,1.9897
146511,148,6.4538,6.4137,0.0602,0.7074,6.414,0.1101,0.0094,-1.0,0.5389,0.3085,-0.2541,0.3457,0.3997,0.7827,-0.6891,1.0,1.6009
146511,149,1.76,0.1395,1.7486,0.0954,1.7542,0.0543,1.4912,1.0,3.5675,-2.5223,-1.7616,1.8028,3.0766,0.5568,-2.5319,-1.0,4.3704
146511,150,7.1104,3.9023,-2.2044,-5.5189,4.4819,-1.0359,-0.5142,-1.0,15.0407,12.4713,6.7084,-5.0669,14.1611,-0.3506,0.4935,1.0,9.4987
146511,151,38.2982,-8.2422,-28.7763,-23.89,29.9334,-0.7312,-1.8498,-1.0,60.0733,14.6566,24.5885,52.8146,28.6253,1.3721,1.0333,1.0,93.7104
146511,152,3.3508,0.8033,-1.777,2.7229,1.9501,1.1358,-1.1462,1.0,1.1471,-0.1218,0.301,1.0951,0.3247,1.9302,1.9554,-1.0,1.7354
146511,153,1.8959,-0.812,-1.5768,0.6615,1.7736,0.3648,-2.0464,-1.0,1.5144,0.9255,1.0344,0.5963,1.388,0.4174,0.8409,1.0,3.121
146511,154,2.2042,1.5964,1.0482,1.0955,1.9098,0.5461,0.581,1.0,0.3708,-0.1547,0.3138,0.0623,0.3499,0.1772,2.0288,-1.0,1.1646
146511,155,25.7577,5.9058,-4.1006,24.7337,7.1899,1.9491,-0.6069,-1.0,5.1796,-0.1281,-0.4817,5.1545,0.4984,3.0317,-1.8307,1.0,3.0718
146511,156,3.0214,2.7952,-0.9748,-0.5953,2.9603,-0.1998,-0.3356,1.0,8.7558,0.0933,3.5797,-7.9893,3.581,-1.5424,1.5447,-1.0,7.0623
146511,157,4.1846,1.9306,1.0489,-3.5598,2.1971,-1.2597,0.4977,1.0,2.6693,-0.4679,-1.1032,-2.3829,1.1983,-1.4385,-1.972,-1.0,3.0852
146511,158,8.8633,-7.3573,3.6708,-3.3079,8.2222,-0.3922,2.6788,1.0,5.6644,-5.5379,0.2237,-1.1644,5.5424,-0.2086,3.1012,-1.0,3.0982
146511,159,4.4322,2.9451,2.6034,-2.0451,3.9308,-0.4993,0.7239,-1.0,5.4131,-4.7297,-2.6273,-0.1329,5.4105,-0.0246,-2.6345,1.0,9.4341
146511,160,4.3688,1.3148,1.0959,-4.0182,1.7117,-1.5891,0.6949,1.0,17.6237,3.9208,0.1863,-17.1807,3.9252,-2.1823,0.0475,-1.0,2.2856
146511,161,49.4793,22.8177,42.3726,-11.4936,48.1257,-0.2366,1.0768,-1.0,43.8084,-28.2569,-32.8247,6.5764,43.3119,0.1513,-2.2816,1.0,92.5076
146511,162,9.2577,2.96,-1.2677,-8.679,3.2201,-1.7174,-0.4046,-1.0,5.249,1.9345,-1.48,-4.6484,2.4357,-1.4019,-0.6531,1.0,1.1477
146511,163,22.3749,-17.3498,-2.1602,13.9621,17.4838,0.7316,-3.0177,-1.0,21.6571,16.7565,2.8987,-13.4104,17.0053,-0.7237,0.1713,1.0,44.0184
146511,164,4.3312,3.9208,1.8345,0.1001,4.3288,0.0231,0.4376,1.0,1.6514,0.3238,0.6146,1.4945,0.6947,1.5093,1.0859,-1.0,3.0388
146511,165,7.3715,4.2053,2.4256,5.5461,4.8547,0.9786,0.5232,-1.0,22.0435,13.094,5.2359,16.9422,14.102,1.0169,0.3804,1.0,1.2463
146511,166,9.2276,8.9897,1.1037,-1.762,9.0572,-0.1933,0.1222,-1.0,3.8655,-1.8769,1.9784,-2.7376,2.727,-0.8841,2.3299,1.0,9.5442
146511,167,4.7344,1.8797,3.8253,2.0584,4.2622,0.4659,1.1141,1.0,5.3533,-1.1225,-5.1026,1.1623,5.2246,0.2207,-1.7873,-1.0,9.4438
146511,168,3.8378,-2.9452,-2.0768,-1.3153,3.6038,-0.3573,-2.5274,1.0,24.9417,-16.7909,-12.3232,-13.7216,20.8277,-0.6186,-2.5085,-1.0,2.2971
146511,169,52.0488,-19.4039,12.7438,46.5849,23.2146,1.4466,2.5605,-1.0,39.7789,13.989,-8.0721,-36.3524,16.1509,-1.5505,-0.5234,1.0,90.9751
146511,170,8.3348,-1.8006,-4.5768,-6.7281,4.9182,-1.1192,-1.9456,-1.0,3.5045,-1.2867,-2.7977,1.6695,3.0794,0.5186,-2.0019,1.0,7.1177
146511,171,7.7772,6.998,1.379,-3.0982,7.1326,-0.4218,0.1946,-1.0,5.8587,-4.5397,0.8339,3.6067,4.6157,0.7181,2.9599,1.0,13.2188
146511,172,2.837,-0.1023,2.8155,-0.3162,2.8174,-0.112,1.6071,-1.0,1.6616,0.1465,-0.5377,-1.5617,0.5574,-1.7539,-1.3047,1.0,3.3942
146511,173,52.8488,21.3983,45.3819,-16.6007,50.1737,-0.3251,1.1302,1.0,42.0539,-13.0414,-39.6347,-5.2465,41.7252,-0.1254,-1.8887,-1.0,91.7951
146511,174,6.0079,3.9533,-2.8904,-3.4786,4.8973,-0.6611,-0.6313,1.0,3.6188,2.3848,-0.6761,-2.6345,2.4788,-0.9251,-0.2763,-1.0,1.5534
146511,175,11.4139,8.496,6.5913,-3.8259,10.753,-0.3487,0.6598,1.0,4.4433,3.7461,1.9588,-1.3641,4.2274,-0.3173,0.4818,-1.0,1.2397
146511,176,1.0407,0.0734,-0.0778,-1.0298,0.1069,-2.9606,-0.8143,1.0,1.154,-0.1776,0.0351,1.1348,0.181,2.535,2.9463,-1.0,2.1893
146511,177,51.9317,-50.7995,-4.8817,9.6163,51.0335,0.1873,-3.0458,-1.0,57.0783,19.9017,49.9208,-19.2289,53.7417,-0.3506,1.1914,1.0,93.8488
146511,178,58.782,-46.5547,34.1988,-10.8819,57.7659,-0.1873,2.508,-1.0,36.7098,27.1528,-24.3964,3.8911,36.5028,0.1064,-0.732,1.0,92.7216
146511,179,5.1295,-2.4301,0.4438,-4.4943,2.4703,-1.3598,2.961,1.0,2.1611,0.7675,-0.7373,-1.8778,1.0643,-1.333,-0.7653,-1.0,3.1142
146511,180,27.8233,-5.9221,-23.5565,-13.57,24.2895,-0.5331,-1.8171,1.0,74.7893,3.3836,55.7091,49.7843,55.8118,0.8029,1.5101,-1.0,90.4303
146511,181,44.5938,11.6557,28.728,-32.0538,31.0024,-0.9052,1.1854,1.0,43.2815,-8.8233,-27.9215,31.8718,29.2825,0.9425,-1.8769,-1.0,87.8257
146511,182,10.6731,-3.3857,0.1137,10.1207,3.3877,1.8145,3.108,-1.0,34.2744,-6.874,-0.4955,33.5742,6.8918,2.2869,-3.0696,1.0,2.3728
146511,183,0.9457,-0.3932,-0.1004,-0.8476,0.4058,-1.4827,-2.8917,-1.0,1.1483,0.1444,1.0717,0.3715,1.0814,0.3371,1.4369,1.0,1.7756
146511,184,19.6024,-11.6613,-9.9918,-12.1828,15.3565,-0.7274,-2.4331,1.0,5.2125,-4.7588,-1.7326,1.229,5.0644,0.2404,-2.7924,-1.0,9.4186
146511,185,3.7465,-2.7486,2.5172,-0.3664,3.727,-0.0982,2.4001,-1.0,4.5274,-4.1843,-0.0042,-1.7256,4.1843,-0.4015,-3.1406,1.0,3.1146
146511,186,4.0328,-2.239,-0.0357,-3.3522,2.2393,-1.1931,-3.1256,-1.0,1.3336,1.1932,0.131,0.5713,1.2004,0.4596,0.1094,1.0,4.4679
146511,187,6.7143,-0.2093,2.7514,6.1202,2.7594,1.5371,1.6467,-1.0,1.3311,0.7572,0.8021,0.7375,1.103,0.6267,0.8141,1.0,2.1847
146511,188,1.9459,-1.1071,-1.472,0.6187,1.8419,0.3299,-2.2157,1.0,1.5931,0.3964,1.1596,1.0125,1.2255,0.753,1.2414,-1.0,3.0432
146511,189,2.4369,1.27,1.8223,0.9967,2.2212,0.4349,0.9621,1.0,3.107,-0.8851,-1.9816,-2.2209,2.1703,-0.8978,-1.9909,-1.0,5.391
146511,190,43.6761,17.3914,-35.4406,-18.6841,39.4778,-0.4572,-1.1146,-1.0,47.3371,-25.9466,39.5063,2.6112,47.2649,0.0552,2.1519,1.0,89.0806
146511,191,6.2311,0.5653,6.1973,-0.2985,6.223,-0.0479,1.4798,-1.0,1.609,-0.3381,1.5388,-0.3086,1.5756,-0.1946,1.7871,1.0,1.0946
146511,192,1.4644,0.5034,-1.167,-0.7197,1.271,-0.5397,-1.1635,-1.0,0.6356,0.4107,-0.3067,0.3607,0.5126,0.6557,-0.6414,1.0,1.1286
146511,193,4.8373,-1.5764,0.3226,-4.5606,1.609,-1.7647,2.9397,-1.0,4.5385,1.4296,-0.4206,4.2856,1.4902,1.7785,-0.2862,1.0,9.37
146511,194,13.8877,3.1023,11.7953,6.6411,12.1964,0.5207,1.3136,-1.0,14.2477,-3.1027,-12.4807,-6.1312,12.8605,-0.4603,-1.8145,1.0,28.1224
146511,195,2.4037,-0.5573,-0.1148,2.333,0.569,2.1187,-2.9385,-1.0,9.6351,-4.2077,-1.7971,8.4788,4.5754,1.376,-2.7379,1.0,1.2952
146511,196,5.9999,4.279,-2.4422,3.4224,4.9269,0.6483,-0.5186,1.0,2.9609,0.7553,0.0161,2.8609,0.7555,2.0417,0.0213,-1.0,3.0959
146511,197,47.2763,12.6194,-34.3949,29.8794,36.6368,0.7448,-1.2191,1.0,48.9544,-13.3883,38.5885,-26.9852,40.8451,-0.6201,1.9048,-1.0,96.0926
146511,198,2.7289,-0.6953,-1.1748,-2.3605,1.3651,-1.3155,-2.1052,1.0,2.1217,0.3455,-0.8314,-1.9183,0.9003,-1.5006,-1.1769,-1.0,1.0357
146511,199,15.6055,3.4622,-5.9335,-14.0117,6.8697,-1.4612,-1.0426,-1.0,4.8107,1.4014,-1.1321,-4.4594,1.8016,-1.638,-0.6795,1.0,1.4364
146511,200,4.959,-4.5348,-0.6402,1.8989,4.5798,0.4036,-3.0013,1.0,4.6314,4.2708,-0.3015,-1.7629,4.2814,-0.4009,-0.0705,-1.0,9.5394
146511,201,47.5548,28.4931,-34.6844,-15.7032,44.8872,-0.3431,-0.8831,-1.0,45.7762,-31.1537,32.8126,6.9446,45.2462,0.1529,2.3303,1.0,92.8622
146511,202,12.5777,-8.2838,4.0571,-8.5502,9.224,-0.8288,2.6862,-1.0,5.001,-0.993,-0.1696,-4.8973,1.0074,-2.2848,-2.9724,1.0,5.1963
146511,203,15.6558,-8.0281,12.7799,-4.1613,15.0923,-0.2723,2.1317,1.0,3.4412,-1.3592,2.6587,-1.7071,2.986,-0.5444,2.0434,-1.0,1.9451
146511,204,21.9836,-5.2956,1.0294,21.3112,5.3947,2.0826,2.9496,-1.0,8.2476,-4.915,2.1622,6.2594,5.3696,0.9938,2.7272,1.0,6.2731
146511,205,4.2821,-0.2677,-2.9228,3.1163,2.935,0.9244,-1.6621,-1.0,2.9159,0.9941,-2.1724,1.6684,2.389,0.6513,-1.1416,1.0,1.5587
146511,206,8.4017,-3.805,7.4895,-0.0753,8.4007,-0.009,2.0409,-1.0,0.4024,-0.316,0.2142,0.0708,0.3817,0.1844,2.546,1.0,1.0869
146511,207,0.8241,-0.4161,-0.5771,-0.4023,0.7115,-0.539,-2.1955,1.0,3.0082,1.9587,2.2003,0.6001,2.9458,0.2023,0.8434,-1.0,3.1037
146511,208,0.1705,0.0267,0.1286,0.0255,0.1314,0.1927,1.3663,-1.0,2.2127,-0.6295,-2.0689,0.4563,2.1626,0.2095,-1.8662,1.0,1.1487
146511,209,13.175,-2.9681,11.8983,-4.8157,12.2629,-0.3833,1.8153,1.0,11.1803,0.3559,-3.1313,-10.7264,3.1515,-1.9389,-1.4576,-1.0,16.3689
146511,210,2.4205,-0.7219,-1.9431,1.2453,2.0729,0.5695,-1.9265,-1.0,1.6565,0.1814,1.1082,1.2132,1.1229,0.9371,1.4085,1.0,3.0965
146511,211,5.9697,1.4131,2.4312,5.2648,2.812,1.385,1.0443,1.0,9.6513,-0.3034,1.1077,9.5822,1.1485,2.8182,1.8381,-1.0,3.1348
146511,212,2.315,2.2584,0.3784,-0.3231,2.2899,-0.1406,0.166,-1.0,6.9469,-1.9407,-6.0002,2.9119,6.3063,0.4467,-1.8836,1.0,6.883
146511,213,7.0552,5.5291,3.1725,-3.0216,6.3746,-0.4578,0.5209,1.0,12.5875,3.3123,-3.0385,-11.7571,4.4948,-1.6894,-0.7423,-1.0,9.4466
146511,214,1.365,1.2196,-0.4743,0.3736,1.3086,0.2817,-0.3709,-1.0,1.8072,-1.4604,0.1469,-1.0491,1.4677,-0.6647,3.0413,1.0,3.0727
146511,215,6.9651,4.9579,4.8312,0.7621,6.9225,0.1099,0.7725,-1.0,4.5366,1.0542,4.3192,0.8959,4.446,0.2002,1.3314,1.0,3.109
146511,216,1.1215,-0.6575,-0.737,0.5207,0.9877,0.5054,-2.2993,1.0,1.3165,-0.1733,0.5903,-1.1592,0.6152,-1.3907,1.8564,-1.0,2.1965
146511,217,0.7804,-0.1418,0.1826,-0.7378,0.2312,-1.8771,2.231,1.0,0.63,-0.3923,-0.0692,0.4764,0.3984,1.0133,-2.9669,-1.0,1.2738
146511,218,42.9982,27.0994,22.9413,24.2518,35.5061,0.6387,0.7025,1.0,73.6625,-45.588,-36.2231,45.1195,58.227,0.7129,-2.4702,-1.0,90.9896
146511,219,1.2055,0.3752,-0.929,0.6621,1.0019,0.6203,-1.187,-1.0,2.3002,2.0906,-0.6167,-0.7274,2.1796,-0.3278,-0.2868,1.0,1.9537
146511,220,1.9917,-1.3639,0.7301,1.2499,1.547,0.7389,2.6501,-1.0,8.0997,-5.8055,0.701,5.6034,5.8477,0.8515,3.0214,1.0,1.191
146511,221,10.5981,-3.8754,-5.7219,-8.0342,6.9108,-0.9918,-2.1661,1.0,2.8315,-0.4375,-1.8169,-2.1245,1.8689,-0.9749,-1.8071,-1.0,1.3106
146511,222,2.2184,-1.2094,0.816,1.6678,1.4589,0.9791,2.548,-1.0,1.7304,1.4776,0.8756,0.1814,1.7176,0.1054,0.5349,1.0,3.0396
146511,223,48.2675,26.8471,-40.0734,-1.7605,48.2353,-0.0365,-0.9805,1.0,42.6128,-27.7088,30.3168,-11.356,41.0717,-0.2731,2.3113,-1.0,89.3938
146511,224,24.3099,-5.4007,-2.6104,23.558,5.9985,2.0769,-2.6914,1.0,23.1958,-4.3897,-1.8797,22.6987,4.7752,2.2629,-2.737,-1.0,1.0477
146511,225,45.6571,-23.7462,32.4452,-21.633,40.2066,-0.515,2.2026,-1.0,45.8013,21.6327,-31.9762,24.6433,38.6064,0.6014,-0.976,1.0,91.3832
146511,226,0.9439,-0.2791,-0.7637,-0.4675,0.8131,-0.5472,-1.9211,-1.0,5.4087,-1.7785,-2.4365,-4.4881,3.0165,-1.188,-2.2013,1.0,1.1497
146511,227,2.5738,1.341,-1.8773,-1.1362,2.3071,-0.4745,-0.9505,-1.0,2.2027,-0.4721,0.6473,-2.0491,0.8012,-1.6684,2.201,1.0,3.2251
146511,228,0.8516,-0.4168,0.7024,0.2168,0.8168,0.2624,2.1064,-1.0,3.1085,2.3872,-1.8703,0.6749,3.0326,0.2208,-0.6646,1.0,3.1051
146511,229,5.4385,1.9635,0.5649,5.039,2.0431,1.6346,0.2801,-1.0,0.8704,-0.3396,-0.0748,0.7909,0.3478,1.56,-2.9247,1.0,1.7139
146511,230,0.8331,0.4167,-0.0663,-0.7106,0.422,-1.2927,-0.1578,-1.0,6.8311,-0.3711,-3.3763,-5.9259,3.3966,-1.3232,-1.6803,1.0,1.6867
146511,231,1.5055,1.1408,0.7914,-0.5723,1.3884,-0.4013,0.6065,-1.0,1.9919,0.8217,-1.1789,-1.3753,1.437,-0.8507,-0.9621,1.0,2.1064
146511,232,46.191,-21.1918,32.3774,-25.2232,38.6961,-0.6128,2.1503,-1.0,46.8491,21.0653,-32.0095,26.953,38.3192,0.6554,-0.9888,1.0,93.0232
146511,233,2.0191,2.0112,0.1429,-0.0129,2.0163,-0.0064,0.071,-1.0,1.5596,-0.8251,0.248,1.2957,0.8615,1.197,2.8496,1.0,3.0986
146511,234,48.5243,-26.8141,-18.7383,-35.8395,32.7127,-0.9474,-2.5317,-1.0,46.8172,26.5941,13.8328,35.9617,29.9765,1.0158,0.4796,1.0,95.2149
146511,235,9.8185,3.0671,5.4027,7.6023,6.2126,1.031,1.0545,1.0,8.2374,3.2205,-3.9753,6.4551,5.1161,1.0549,-0.8899,-1.0,9.3184
146511,236,25.6525,8.2263,-12.7668,-20.6731,15.1876,-1.1152,-0.9984,1.0,1.8574,0.28,-0.6603,-1.7101,0.7172,-1.6034,-1.1698,-1.0,1.7733
146511,237,15.0389,2.5625,6.561,13.2869,7.0437,1.3916,1.1984,-1.0,2.2697,-1.8828,-1.2529,0.1596,2.2616,0.0705,-2.5545,1.0,9.494
146511,238,3.4618,-0.4313,-3.0109,-1.6498,3.0416,-0.5188,-1.7131,1.0,2.4401,-1.5045,-1.9083,0.194,2.4301,0.0797,-2.2384,-1.0,2.1835
146511,239,11.5487,-6.7653,-9.0661,2.3234,11.3121,0.204,-2.2119,1.0,2.3124,-1.546,-1.6747,-0.3759,2.2792,-0.1642,-2.3163,-1.0,1.9736
146511,240,5.1438,-1.7581,1.0809,4.7105,2.0638,1.5633,2.5903,-1.0,8.8186,7.6819,-2.253,3.6972,8.0055,0.4468,-0.2853,1.0,9.3699
146511,241,5.7584,1.7019,5.0426,2.1963,5.322,0.4018,1.2453,1.0,3.9233,-1.8196,-2.4796,-2.4334,3.0756,-0.7258,-2.2039,-1.0,9.3325
146511,242,34.3551,-27.6023,-8.1126,18.7766,28.7698,0.6134,-2.8557,-1.0,43.1497,22.8942,-4.4604,-36.3021,23.3247,-1.2256,-0.1924,1.0,74.294
146511,243,0.8425,0.6655,0.3233,-0.3889,0.7399,-0.504,0.4522,-1.0,0.4677,-0.2916,-0.2822,0.2071,0.4058,0.4905,-2.3725,1.0,1.2417
146511,244,9.6585,1.769,-3.2801,-8.9099,3.7267,-1.6059,-1.0762,-1.0,1.256,0.6099,0.6156,-0.903,0.8665,-0.9108,0.7901,1.0,3.1738
146511,245,4.7631,-0.1668,4.2965,2.0465,4.2998,0.4596,1.6096,-1.0,4.7459,0.1898,-4.2771,-2.0452,4.2813,-0.4612,-1.5264,1.0,9.509
146511,246,1.4869,0.89,-0.8762,-0.7998,1.249,-0.6032,-0.7776,1.0,1.9824,-0.9772,1.6906,-0.3251,1.9527,-0.1657,2.0949,-1.0,3.178
146511,247,1.7714,1.7486,0.131,-0.2279,1.7535,-0.1296,0.0748,1.0,1.7928,-1.7608,-0.1461,0.2852,1.7668,0.1607,-3.0588,-1.0,3.5637
146511,248,2.5767,0.2199,-1.2168,-2.2581,1.2365,-1.3631,-1.392,1.0,4.7658,1.2621,-0.1601,-4.5916,1.2722,-1.9953,-0.1262,-1.0,1.703
146511,249,0.6166,-0.4885,-0.0671,0.355,0.493,0.6689,-3.005,1.0,4.2839,-1.3352,1.654,3.7179,2.1257,1.3254,2.25,-1.0,1.2586
146511,250,1.8183,0.3197,1.7771,-0.1869,1.8056,-0.1033,1.3928,-1.0,2.6169,1.883,-0.1777,1.8055,1.8913,0.8489,-0.0941,1.0,3.1051
146511,251,14.0439,-3.8802,-6.5029,11.827,7.5725,1.2286,-2.1088,-1.0,18.9487,0.3667,0.1638,18.9441,0.4016,4.547,0.4201,1.0,9.4405
146511,252,2.6972,-0.5714,-1.2087,2.3401,1.337,1.326,-2.0124,-1.0,3.5348,0.9385,-0.2977,3.3933,0.9846,1.9509,-0.3072,1.0,1.8873
146511,253,24.8502,-2.4926,-14.8685,-19.7544,15.0759,-1.0847,-1.7369,-1.0,2.0399,-1.0016,-1.0592,-1.4229,1.4578,-0.8644,-2.3283,1.0,2.9488
146511,254,1.2901,-0.2273,0.6463,-1.0881,0.6851,-1.2427,1.909,1.0,2.4863,-1.0776,2.0962,-0.7845,2.357,-0.327,2.0456,-1.0,1.2374
146511,255,1.2865,-0.1844,0.6109,1.1121,0.6382,1.3223,1.8639,1.0,16.8089,6.1902,0.7737,15.608,6.2384,1.6479,0.1243,-1.0,3.1456
146511,256,9.0927,-2.0188,0.9425,8.8148,2.228,2.0841,2.7048,-1.0,4.3521,2.7629,3.3515,-0.2527,4.3435,-0.0582,0.8814,1.0,9.4053
146511,257,0.737,0.5206,0.4783,-0.1796,0.7069,-0.2514,0.743,-1.0,8.6213,7.9531,2.8024,-1.7919,8.4324,-0.2109,0.3388,1.0,1.0608
146511,258,12.4961,6.8965,7.3754,-7.361,10.0974,-0.6763,0.8189,-1.0,4.3274,2.7198,2.0212,-2.6893,3.3886,-0.7277,0.6391,1.0,1.1193
146511,259,1.4431,0.909,-0.0422,-1.115,0.9099,-1.0321,-0.0464,1.0,4.1471,-2.5606,0.4831,-3.2245,2.6057,-1.0397,2.9551,-1.0,3.0816
146511,260,0.8944,-0.6549,-0.4282,-0.4202,0.7824,-0.5141,-2.5625,1.0,1.4525,0.9457,0.8546,-0.6882,1.2747,-0.5166,0.7348,-1.0,2.0031
146511,261,9.5465,4.212,-6.6589,5.3891,7.8793,0.6395,-1.0068,1.0,2.9681,-1.4578,2.3536,1.0648,2.7685,0.3757,2.1254,-1.0,9.4256
146511,262,2.1396,0.687,1.8447,-0.8318,1.9685,-0.4109,1.2143,-1.0,1.8666,1.6871,0.6616,-0.4346,1.8122,-0.2376,0.3737,1.0,1.5899
146511,263,1.3126,0.0375,-1.1901,-0.5422,1.1907,-0.441,-1.5393,-1.0,1.2197,0.0096,1.0622,0.5899,1.0623,0.5301,1.5617,1.0,2.5281
146511,264,53.4197,32.1461,21.2493,36.9966,38.5345,0.8529,0.5841,1.0,38.7725,-27.4047,-20.8086,-17.8682,34.4096,-0.4984,-2.4922,-1.0,90.0601
146511,265,2.305,0.2996,0.5003,-2.2275,0.5831,-2.0501,1.0312,1.0,4.7522,1.6657,-0.3957,-4.4318,1.712,-1.6797,-0.2332,-1.0,1.2585
146511,266,5.1365,-4.8607,-1.3656,0.9388,5.0489,0.1849,-2.8677,-1.0,4.5725,4.4103,0.1867,-1.1877,4.4143,-0.2659,0.0423,1.0,9.6234
146511,267,2.5875,-0.5723,-0.8091,-2.3879,0.991,-1.6131,-2.1864,-1.0,43.9256,4.8968,-12.8712,-41.7109,13.7712,-1.8275,-1.2073,1.0,3.5936
146511,268,2.7471,2.4166,-1.1158,0.671,2.6618,0.2495,-0.4326,1.0,1.4316,0.7233,-0.8804,0.8603,1.1394,0.6972,-0.8831,-1.0,1.1283
146511,269,4.83,-2.3637,1.164,4.0467,2.6348,1.2145,2.684,1.0,0.7323,0.6997,0.1793,0.0575,0.7223,0.0795,0.2509,-1.0,3.0857
146511,270,0.8884,0.1758,0.8642,0.0172,0.8819,0.0195,1.3701,1.0,7.4597,-6.0609,4.3129,0.5485,7.4388,0.0737,2.5231,-1.0,2.8167
146511,271,2.4529,-2.1675,-0.8786,-0.7317,2.3388,-0.3079,-2.7565,-1.0,3.2067,-1.3443,-2.2956,-1.7873,2.6603,-0.6295,-2.1005,1.0,1.8101
146511,272,7.3209,-6.6761,-0.5023,2.9598,6.695,0.4288,-3.0665,-1.0,9.121,6.9599,-4.9637,3.1784,8.5486,0.3637,-0.6195,1.0,14.2372
146511,273,4.5348,-0.5922,-4.3677,1.061,4.4077,0.2385,-1.7056,1.0,1.3445,1.2755,-0.3921,0.1255,1.3344,0.0939,-0.2983,-1.0,3.1678
146511,274,1.9441,-1.7898,0.6523,-0.3733,1.905,-0.1947,2.7921,1.0,1.7954,0.1128,-0.5792,1.6923,0.5901,1.7758,-1.3784,-1.0,3.0702
146511,275,7.3837,2.1199,-6.7044,-2.2504,7.0316,-0.3148,-1.2645,-1.0,2.6728,0.1225,-2.4901,-0.9576,2.4931,-0.3752,-1.5216,1.0,1.1285
146511,276,3.3935,2.3456,2.2736,-0.9127,3.2667,-0.2759,0.7698,1.0,2.4096,-1.9129,-1.1336,0.9224,2.2236,0.4038,-2.6066,-1.0,5.6735
146511,277,10.3296,-2.7406,-0.5874,9.9415,2.8028,1.9785,-2.9305,1.0,0.8673,-0.1218,0.7695,-0.3662,0.7791,-0.4543,1.7277,-1.0,5.0456
146511,278,45.3195,43.9477,2.7483,10.7186,44.0336,0.2411,0.0625,-1.0,47.6714,-47.3047,-5.8995,0.0948,47.6712,0.002,-3.0175,1.0,92.2452
146511,279,6.1281,5.1503,0.9133,-3.1911,5.2306,-0.5774,0.1755,1.0,4.2409,-3.347,2.0223,1.6378,3.9105,0.4075,2.5981,-1.0,9.6558
146511,280,10.9496,4.1604,-1.3454,10.0381,4.3725,1.5686,-0.3128,-1.0,5.6239,0.3105,1.0809,-5.5093,1.1247,-2.2924,1.2911,1.0,15.3008
146511,281,10.9134,2.858,9.4768,-4.5948,9.8984,-0.449,1.2779,1.0,1.4041,0.4889,1.239,0.4317,1.3319,0.3187,1.195,-1.0,2.8914
146511,282,5.7335,-1.5621,2.1833,-5.0651,2.6846,-1.3918,2.1918,1.0,6.4806,-0.9217,1.9029,-6.1251,2.1143,-1.7853,2.0219,-1.0,1.0483
146511,283,2.4289,1.0316,1.4198,1.6758,1.755,0.8491,0.9425,-1.0,8.9073,2.0373,0.4009,8.6613,2.0763,2.1355,0.1943,1.0,2.9869
146511,284,33.0328,-6.5481,-7.0051,-31.6102,9.5891,-1.9083,-2.3225,1.0,12.5277,-0.5789,-2.6213,-12.2362,2.6845,-2.2219,-1.7882,-1.0,3.1281
146511,285,13.0868,-7.4493,0.5771,-10.7437,7.4716,-1.1598,3.0643,1.0,5.3555,-2.6729,-0.5815,-4.603,2.7355,-1.292,-2.9274,-1.0,1.4617
146511,286,11.1928,8.7434,6.2815,-3.0599,10.7659,-0.2805,0.623,-1.0,23.7168,-12.197,-11.1745,-16.9952,16.542,-0.9006,-2.3999,1.0,27.9393
146511,287,7.7821,-4.1996,-3.1206,-5.7598,5.2321,-0.9509,-2.5025,-1.0,30.7897,-14.6452,-12.1946,-24.1828,19.0575,-1.0594,-2.4472,1.0,1.2441
146511,288,5.8371,2.2117,2.5298,-4.7717,3.3603,-1.1496,0.8524,-1.0,1.0817,-0.2403,0.3484,-0.9898,0.4233,-1.5855,2.1746,1.0,1.5825
146511,289,0.4082,0.3437,-0.1929,0.0105,0.3942,0.0267,-0.5115,-1.0,0.7488,-0.6886,0.1336,-0.2399,0.7014,-0.3357,2.9499,1.0,1.0787
146511,290,8.5967,3.0168,-7.129,3.7374,7.7411,0.4658,-1.1705,1.0,3.9043,-1.2228,2.4655,2.7674,2.7521,0.8853,2.0312,-1.0,9.4338
146511,291,7.5127,-0.6548,-5.1819,5.3989,5.2231,0.905,-1.6965,1.0,1.563,0.6457,-0.2064,1.4043,0.6779,1.4752,-0.3093,-1.0,2.6552
146511,292,43.4741,-8.1621,39.9749,15.0125,40.7996,0.3601,1.7722,-1.0,47.568,8.1997,-45.0641,-12.8332,45.804,-0.2766,-1.3908,1.0,90.8736
146511,293,4.1758,2.518,-0.2571,-3.3196,2.5311,-1.0855,-0.1017,1.0,2.6713,0.8868,-1.8401,-1.7183,2.0426,-0.7645,-1.1217,-1.0,2.3478
146511,294,13.3021,-3.7236,-12.7538,0.6394,13.2863,0.0481,-1.8549,1.0,4.0168,-0.7963,-0.2793,3.9257,0.8438,2.2418,-2.8043,-1.0,9.424
146511,295,40.9537,39.1206,5.949,-10.5538,39.5703,-0.2636,0.1509,1.0,65.7988,-47.3729,-36.6589,-27.2288,59.9005,-0.4402,-2.483,-1.0,94.6434
146511,296,43.53,-32.5679,24.6046,15.1261,40.8173,0.3626,2.4946,1.0,45.6332,31.0995,-33.3537,-1.6522,45.6031,-0.0362,-0.8204,-1.0,87.6916
146511,297,4.9452,3.5436,-2.006,-2.804,4.072,-0.6433,-0.5151,1.0,8.2863,-5.8194,-0.478,-5.8786,5.839,-0.8862,-3.0596,-1.0,9.3987
146511,298,4.8754,-1.8785,-2.6964,-3.5998,3.2862,-0.9473,-2.1793,-1.0,6.5839,6.5748,-0.3203,0.0784,6.5826,0.0119,-0.0487,1.0,9.368
146511,299,0.5541,-0.042,0.5388,0.0611,0.5405,0.1128,1.6487,-1.0,7.0964,-6.5019,-2.125,1.8861,6.8403,0.2724,-2.8257,1.0,3.0658
146511,300,2.5131,0.7083,-2.2308,-0.9092,2.3405,-0.3793,-1.2634,1.0,10.3523,-0.651,9.5858,-3.8531,9.6079,-0.391,1.6386,-1.0,9.4202
146511,301,0.9239,0.1961,0.5497,0.7083,0.5836,1.0247,1.2281,1.0,0.876,-0.2454,-0.72,-0.4214,0.7607,-0.529,-1.8993,-1.0,1.768
146511,302,0.9225,-0.6649,0.0442,0.6291,0.6664,0.8412,3.0753,1.0,0.7498,-0.2575,-0.6946,0.0477,0.7408,0.0643,-1.9258,-1.0,1.0319
146511,303,31.8079,-1.6276,21.9849,-22.9291,22.045,-0.9094,1.6447,-1.0,34.3834,0.4721,-22.1208,26.3183,22.1258,1.0092,-1.5495,1.0,66.0941
146511,304,11.4863,-3.395,-1.0514,10.9221,3.5541,1.8413,-2.8413,-1.0,7.6392,3.0724,-5.4013,4.4422,6.214,0.6648,-1.0536,1.0,9.3799
146511,305,2.3874,1.1234,-2.0754,-0.3457,2.3599,-0.146,-1.0747,1.0,0.3227,-0.2087,-0.1699,-0.1434,0.2691,-0.5104,-2.4583,-1.0,1.108
146511,306,7.8992,7.0572,3.5181,0.4513,7.8855,0.0572,0.4625,-1.0,7.8967,-7.055,-3.5181,-0.4425,7.8835,-0.0561,-2.679,1.0,15.7958
146511,307,13.763,-1.7152,-0.8538,-13.6286,1.9159,-2.66,-2.6797,1.0,13.9227,-4.6681,-1.3709,-13.0445,4.8653,-1.7125,-2.856,-1.0,3.0574
146511,308,19.4165,-6.8018,-0.8378,-18.1666,6.8532,-1.7018,-3.019,-1.0,4.8607,-1.2411,-0.2902,-4.6894,1.2746,-2.0138,-2.9119,1.0,1.0133
146511,309,5.1856,1.999,3.2675,-3.4939,3.8305,-0.8179,1.0217,1.0,18.9999,1.3065,9.58,-16.3554,9.6687,-1.2965,1.4353,-1.0,3.8677
146511,310,4.9294,3.9434,1.3079,2.6507,4.1547,0.6011,0.3202,-1.0,3.6172,-2.0387,-2.9446,0.4963,3.5814,0.1381,-2.1764,1.0,7.5388
146511,311,1.4402,0.5433,0.2945,1.2966,0.618,1.4867,0.4966,1.0,13.4788,3.1732,-1.1905,13.0454,3.3892,2.0575,-0.3589,-1.0,1.507
146511,312,13.7766,0.2439,4.3924,13.0549,4.3992,1.8081,1.5153,1.0,8.5725,0.7097,0.8235,8.5026,1.0871,2.7541,0.8595,-1.0,2.5767
146511,313,1.6493,0.3463,-1.0728,-1.1992,1.1273,-0.9258,-1.2586,-1.0,1.3425,-0.9986,0.6924,-0.5608,1.2152,-0.4465,2.5354,1.0,2.2984
146511,314,6.5307,-1.1259,1.3268,-6.2937,1.7401,-1.9973,2.2745,-1.0,0.2826,-0.1709,-0.0585,0.19,0.1806,0.9176,-2.8119,1.0,2.4238
146511,315,0.3966,-0.0552,-0.0718,0.3713,0.0906,2.1186,-2.2264,1.0,3.5937,0.6579,2.941,1.9548,3.0137,0.6101,1.3507,-1.0,1.3841
146511,316,0.7324,-0.6643,0.283,0.0613,0.7221,0.0847,2.7389,-1.0,4.1888,2.7214,-0.3675,-3.1613,2.7461,-0.9843,-0.1342,1.0,3.2201
146511,317,3.6025,-1.0363,-2.5619,-2.3086,2.7635,-0.7601,-1.9552,-1.0,7.8044,-2.7657,-1.6208,-7.1149,3.2057,-1.5377,-2.6115,1.0,3.0602
146511,318,3.3594,-2.2294,0.8397,-2.3663,2.3823,-0.8766,2.7814,1.0,2.8468,-2.3991,-0.2504,-1.5083,2.4121,-0.5904,-3.0376,-1.0,1.3172
146511,319,52.2492,-8.2203,49.4189,14.838,50.0979,0.292,1.7356,1.0,38.4614,-0.4944,-34.7747,-16.4238,34.7783,-0.4562,-1.585,-1.0,89.0814
146511,320,43.8609,-1.4091,41.5413,-14.0037,41.5652,-0.3308,1.6047,1.0,43.7712,1.7792,-41.3886,14.1324,41.4268,0.3348,-1.5278,-1.0,87.6311
146511,321,10.1876,-0.9862,6.7523,-7.5638,6.8239,-0.956,1.7158,-1.0,20.3327,10.5158,-9.3323,-14.6879,14.0596,-0.9126,-0.7258,1.0,18.4088
146511,322,14.7573,-3.4601,2.6168,14.1048,4.3382,1.8951,2.4941,-1.0,24.0494,-6.2796,6.2221,22.3655,8.8401,1.6583,2.3608,1.0,1.6991
146511,323,15.8629,4.8861,-2.985,14.7932,5.7257,1.6778,-0.5484,1.0,16.74,0.9107,-3.3104,16.3838,3.4333,2.2667,-1.3023,-1.0,4.209
146511,324,3.9102,-2.9559,0.0918,2.5558,2.9574,0.782,3.1105,1.0,9.7853,-1.9084,-8.3867,-4.665,8.6011,-0.5188,-1.7945,-1.0,9.521
146511,325,1.1267,0.7158,0.1628,-0.8482,0.7341,-0.9871,0.2236,-1.0,6.0398,-1.5919,-3.7017,-4.498,4.0295,-0.9612,-1.9769,1.0,3.08
146511,326,5.637,1.1699,-5.2637,-1.6401,5.3921,-0.2997,-1.3521,1.0,6.8552,0.4299,3.1188,-6.0886,3.1483,-1.4137,1.4338,-1.0,9.4427
146511,327,6.7982,-1.5649,-6.2729,2.0992,6.4651,0.3193,-1.8153,1.0,1.4723,0.8453,-1.1917,-0.1482,1.461,-0.1013,-0.9539,-1.0,2.891
146511,328,13.3174,4.6848,-2.5663,12.1987,5.3417,1.5638,-0.5012,-1.0,3.0122,1.4823,0.7546,2.5091,1.6633,1.1994,0.4709,1.0,3.0035
146511,329,4.7849,-0.218,-2.3111,4.1827,2.3213,1.3514,-1.6649,-1.0,10.6217,6.7477,-0.6761,8.1744,6.7814,1.0194,-0.0999,1.0,5.7536
146511,330,25.4615,-7.0151,-0.3991,-24.4726,7.0264,-1.961,-3.0848,-1.0,3.3098,0.1412,0.2371,-3.2966,0.276,-3.1752,1.0336,1.0,3.0638
146511,331,32.5139,11.917,-1.9039,-30.1911,12.0682,-1.6479,-0.1584,1.0,8.3462,2.4242,-0.547,-7.967,2.4851,-1.8816,-0.2219,-1.0,1.3548
146511,332,4.7278,-3.1064,2.8829,2.0929,4.238,0.4757,2.3935,-1.0,3.0708,-0.1515,1.219,2.8125,1.2283,1.5662,1.6944,1.0,3.0524
146511,333,3.8827,1.2204,3.591,-0.8243,3.7927,-0.2157,1.2432,-1.0,6.042,-3.6441,-4.0003,2.6855,5.4113,0.4779,-2.3096,1.0,9.4336
146511,334,20.079,4.1597,2.1983,19.5197,4.7048,2.1302,0.4862,-1.0,27.0222,4.2954,6.8818,25.7755,8.1123,1.8731,1.0128,1.0,3.5951
146511,335,4.9776,0.1676,1.1528,-4.8383,1.1649,-2.1312,1.4264,1.0,4.0886,1.7265,-1.3655,-3.4439,2.2013,-1.23,-0.6692,-1.0,3.1576
146511,336,1.3475,0.2957,-0.2735,-1.2815,0.4028,-1.8742,-0.7465,1.0,3.4247,-1.7375,-1.1388,-2.7205,2.0775,-1.0842,-2.5614,-1.0,1.6382
146511,337,21.5713,-1.685,-7.2425,-20.2489,7.4359,-1.7271,-1.7994,1.0,21.1688,-2.8435,-4.384,-20.5135,5.2254,-2.0765,-2.1462,-1.0,3.0766
146511,338,0.7664,0.0488,0.5206,-0.5502,0.5229,-0.9179,1.4774,1.0,0.6557,-0.1914,-0.5421,0.2972,0.5749,0.4963,-1.9102,-1.0,1.3919
146511,339,47.5542,-5.5278,13.5277,-45.253,14.6135,-1.8486,1.9587,-1.0,45.1186,7.0884,-13.6391,42.4194,15.3711,1.7396,-1.0915,1.0,92.6162
146511,340,0.9577,-0.7382,0.1238,-0.5881,0.7485,-0.7215,2.9755,1.0,3.153,1.1955,-2.3718,1.6956,2.6561,0.6015,-1.1039,-1.0,3.2262
146511,341,45.3825,-30.1489,-14.8295,30.5071,33.5987,0.8148,-2.6845,-1.0,45.9236,29.545,12.8174,-32.7379,32.2054,-0.893,0.4093,1.0,91.2546
146511,342,3.3012,1.302,-2.981,0.5522,3.253,0.1689,-1.159,1.0,15.9001,0.581,-5.0269,-15.073,5.0604,-1.8117,-1.4557,-1.0,9.4954
146511,343,4.4073,3.8886,0.7999,1.911,3.9701,0.4645,0.2029,1.0,13.978,13.1546,4.6031,1.0689,13.9367,0.0766,0.3366,-1.0,3.0786
146511,344,20.7888,7.0554,-4.4398,19.044,8.3361,1.5641,-0.5617,1.0,8.4145,-2.4812,-4.3098,6.7869,4.973,1.1173,-2.0932,-1.0,9.3873
146511,345,2.9968,1.3697,0.5463,-2.6068,1.4746,-1.3347,0.3795,1.0,10.1505,5.3269,-4.6261,7.2968,7.0552,0.9054,-0.7151,-1.0,9.4533
146511,346,28.4853,20.265,-9.8305,17.4382,22.5235,0.7124,-0.4517,-1.0,78.6692,-29.2796,-25.1535,-68.548,38.6004,-1.3386,-2.4319,1.0,86.9754
146511,347,6.1056,3.4876,0.9194,4.9253,3.6068,1.1178,0.2577,1.0,9.1265,5.1076,4.2275,6.2708,6.6302,0.8425,0.6914,-1.0,2.5095
146511,348,5.8071,2.3361,1.1091,5.1984,2.586,1.4482,0.4433,-1.0,0.9171,-0.1011,0.9046,-0.0379,0.9102,-0.0416,1.6821,1.0,3.0876
146511,349,7.2239,-0.2491,-3.726,-6.183,3.7343,-1.2781,-1.6376,1.0,2.4983,-1.7622,1.0929,-1.3894,2.0736,-0.6279,2.5865,-1.0,5.1188
146511,350,0.8282,-0.781,-0.0352,-0.2521,0.7817,-0.3172,-3.0966,1.0,11.7659,-8.9835,2.785,7.0687,9.4053,0.6944,2.841,-1.0,3.0397
146511,351,8.6872,0.0722,-2.3844,-8.3526,2.3855,-1.9661,-1.5405,1.0,13.2133,1.4325,-3.9586,-12.5243,4.2098,-1.8105,-1.2236,-1.0,1.136
146511,352,1.4496,-0.8093,0.996,-0.6657,1.2833,-0.4979,2.2531,-1.0,2.0993,-0.3586,-2.0655,-0.0346,2.0964,-0.0165,-1.7427,1.0,3.0978
146511,353,1.5907,1.3994,0.716,-0.2194,1.572,-0.1391,0.4729,-1.0,14.8798,10.4628,2.9318,-10.1652,10.8659,-0.835,0.2732,1.0,3.069
146511,354,9.5208,3.0612,-6.1976,6.5462,6.9124,0.8434,-1.112,-1.0,14.3991,5.2824,4.4996,-12.6164,6.939,-1.3592,0.7055,1.0,21.5132
146511,355,3.9244,-0.2305,-2.9535,-2.5717,2.9624,-0.785,-1.6487,-1.0,1.9829,-1.9437,-0.3777,-0.0121,1.98,-0.0061,-2.9496,1.0,3.5208
146511,356,4.5285,-2.9487,-0.7843,-3.3446,3.0513,-0.9477,-2.8816,-1.0,13.0792,7.5672,-2.4869,-10.3734,7.9654,-1.0799,-0.3175,1.0,9.4773
146511,357,5.3591,-4.8099,-0.9324,-2.1691,4.8994,-0.4294,-2.9501,1.0,4.2115,3.8199,1.0781,1.404,3.9691,0.3467,0.2751,-1.0,9.4873
146511,358,1.0977,0.196,0.4849,-0.9593,0.523,-1.3669,1.1866,-1.0,3.1272,-0.6899,-0.7381,2.9576,1.0104,1.7952,-2.3224,1.0,3.6809
146511,359,3.8737,-3.3476,1.4795,1.2646,3.6599,0.339,2.7255,-1.0,6.4759,-4.5195,-0.4386,4.616,4.5407,0.8931,-3.0448,1.0,3.0915
146511,360,42.818,17.1957,37.7115,10.7483,41.4469,0.2565,1.143,1.0,58.8435,-10.371,-25.4001,-52.056,27.4357,-1.3968,-1.9584,-1.0,91.8183
146511,361,3.9789,1.7983,-3.5315,0.3399,3.963,0.0857,-1.0998,1.0,0.4589,0.0771,-0.279,0.3401,0.2894,0.9999,-1.3011,-1.0,1.0933
146511,362,0.9774,0.1804,0.2639,-0.9176,0.3197,-1.7766,0.9711,1.0,1.1215,-0.777,0.5517,0.5818,0.953,0.5778,2.5242,-1.0,1.8087
146511,363,0.5309,-0.3786,0.1577,0.3201,0.4102,0.7173,2.7469,-1.0,34.4187,-16.8328,-5.6796,29.4794,17.7652,1.28,-2.8162,1.0,2.5964
146511,364,1.7069,-0.0772,1.3342,-1.0566,1.3364,-0.7253,1.6286,-1.0,1.4178,0.0969,-1.243,0.6667,1.2468,0.512,-1.493,1.0,3.0989
146511,365,15.1353,0.1715,-2.8337,14.8663,2.8389,2.3578,-1.5103,1.0,36.2575,1.1928,-8.338,35.2655,8.4229,2.1391,-1.4287,-1.0,1.167
146511,366,3.7431,-3.4065,-0.3407,-1.5099,3.4235,-0.4279,-3.0419,-1.0,6.0556,5.7099,0.5392,1.9404,5.7353,0.3322,0.0941,1.0,9.5124
146511,367,2.5302,1.8559,-0.0846,1.7144,1.8578,0.8257,-0.0456,1.0,13.3625,6.2126,5.5797,10.4315,8.3504,1.0471,0.7318,-1.0,3.1239
146511,368,21.8898,-7.4361,2.4675,20.4394,7.8348,1.6869,2.8212,-1.0,5.3169,-2.2254,-0.0825,4.8269,2.2269,1.5161,-3.1045,1.0,1.6693
146511,369,44.1175,-40.9629,4.1184,-15.8562,41.1694,-0.3762,3.0414,-1.0,50.5554,43.7134,2.4315,25.2797,43.781,0.5494,0.0556,1.0,93.9345
146511,370,4.9474,3.8111,-2.411,2.0317,4.5097,0.4365,-0.5641,1.0,4.717,-4.4489,1.5573,0.1463,4.7136,0.031,2.8049,-1.0,9.3553
146511,371,3.5545,2.9454,1.9206,-0.509,3.5163,-0.1443,0.5778,1.0,3.4473,-2.9218,-1.779,0.4132,3.4208,0.1205,-2.5947,-1.0,6.9997
146511,372,0.699,0.3002,-0.2782,-0.5568,0.4093,-1.1147,-0.7474,1.0,4.1081,1.5612,0.862,-3.6993,1.7833,-1.4764,0.5045,-1.0,1.0903
146511,373,2.8381,-1.3324,1.3847,-2.0859,1.9216,-0.9405,2.3369,1.0,1.5805,0.3935,0.8165,-1.2905,0.9063,-1.1518,1.1217,-1.0,1.5484
146511,374,6.8845,0.8861,-3.7346,5.7142,3.8383,1.1885,-1.3378,1.0,1.5078,0.9198,-1.0902,0.4771,1.4264,0.3285,-0.87,-1.0,2.3573
146511,375,11.3799,4.1651,-0.8734,10.5537,4.2557,1.6397,-0.2067,-1.0,4.7864,0.8476,-0.6589,4.6632,1.0736,2.1749,-0.6608,1.0,1.523
146511,376,38.6136,10.4948,-27.0068,-25.5243,28.9743,-0.7946,-1.2002,1.0,54.8027,-2.5209,43.2406,33.5741,43.314,0.7131,1.629,-1.0,91.2945
146511,377,1.6461,-1.4646,0.6369,-0.3846,1.5971,-0.2385,2.7314,1.0,1.5819,1.2127,0.9811,0.2413,1.5598,0.1541,0.6802,-1.0,2.7782
146511,378,8.2052,1.8614,-7.8229,1.6284,8.0413,0.2011,-1.3372,-1.0,2.2476,-0.6879,-2.0559,0.5836,2.168,0.266,-1.8937,1.0,2.3239
146511,379,6.2504,1.3105,-0.0159,-6.1105,1.3106,-2.244,-0.0121,-1.0,0.5317,0.0625,-0.4584,0.2397,0.4627,0.4973,-1.4353,1.0,3.0691
146511,380,1.4858,-1.2613,0.1852,0.7557,1.2749,0.5626,2.9958,-1.0,2.6056,-0.1682,-2.4938,-0.7285,2.4995,-0.2875,-1.6381,1.0,3.0604
146511,381,44.5656,-33.7953,8.3062,-27.8383,34.8011,-0.7326,2.9006,-1.0,46.9559,33.0549,-16.4469,29.0123,36.9206,0.7215,-0.4617,1.0,91.1482
146511,382,8.8899,-7.671,-3.3706,2.9689,8.3788,0.3473,-2.7276,-1.0,2.5758,1.9295,1.6956,-0.1592,2.5687,-0.062,0.7209,1.0,9.3701
146511,383,0.4798,0.1954,-0.1757,0.3873,0.2628,1.1801,-0.7324,-1.0,1.8187,-1.0958,1.2278,0.7671,1.6457,0.4507,2.2995,1.0,1.4259
146511,384,17.1103,-15.6169,4.1051,-5.6579,16.1474,-0.3436,2.8845,-1.0,16.8201,15.8459,-3.5337,4.3958,16.2352,0.2676,-0.2194,1.0,33.9013
146511,385,63.6839,28.8831,44.5837,-35.1239,53.122,-0.6206,0.9959,-1.0,40.0371,-15.0865,-36.1733,-8.1758,39.1933,-0.2071,-1.9659,1.0,92.8553
146511,386,1.6491,1.4832,-0.5031,-0.5054,1.5662,-0.3173,-0.327,-1.0,1.4488,-1.3345,0.2002,0.5165,1.3494,0.374,2.9927,1.0,3.0794
146511,387,144.0508,-58.3585,-46.3093,123.2898,74.5001,1.2777,-2.4708,-1.0,153.4231,-6.7963,24.7821,151.2557,25.6971,2.4729,1.8385,1.0,91.6894
146511,388,16.6331,3.1165,-1.8119,-16.2374,3.6049,-2.2103,-0.5266,1.0,1.1988,-0.1589,-0.8217,-0.8518,0.8369,-0.8938,-1.7618,-1.0,3.2021
146511,389,4.4446,3.7454,-1.8917,1.462,4.196,0.3417,-0.4677,1.0,5.0869,-3.9931,2.405,-2.0339,4.6614,-0.4236,2.5995,-1.0,9.4973
146511,390,4.1356,-1.9032,1.4856,-3.3561,2.4143,-1.1322,2.4788,-1.0,18.9178,-5.8174,1.5714,-17.9321,6.0259,-1.8108,2.8778,1.0,3.0531
146511,391,1.3972,0.2817,-0.5217,1.2608,0.5929,1.4988,-1.0758,-1.0,0.9032,-0.5663,0.1293,0.6836,0.5809,1.001,2.9171,1.0,1.1299
146511,392,1.7935,1.6979,-0.0588,0.565,1.6989,0.3267,-0.0346,1.0,1.9941,-1.2839,-0.2313,1.5044,1.3046,0.9857,-2.9634,-1.0,3.1317
146511,393,3.0459,0.9585,-1.8051,-2.256,2.0438,-0.9529,-1.0827,-1.0,1.0079,-0.6785,0.7326,-0.0883,0.9985,-0.0883,2.3179,1.0,3.116
146511,394,0.7318,0.4775,0.0507,-0.5421,0.4801,-0.9698,0.1058,-1.0,1.1032,-0.8102,0.0825,0.7367,0.8144,0.8123,3.0401,1.0,1.7892
146511,395,22.8004,-2.7281,7.2584,21.4411,7.7542,1.7414,1.9303,-1.0,8.4013,-0.6092,3.1737,7.7542,3.2316,1.6092,1.7605,1.0,1.1029
146511,396,9.081,2.7472,-0.2004,8.6526,2.7544,1.8622,-0.0728,-1.0,9.6281,-6.5211,-0.0995,7.0819,6.5218,0.9408,-3.1263,1.0,9.3874
146511,397,4.5026,3.129,-1.8812,-2.6329,3.651,-0.6699,-0.5413,1.0,5.0233,2.5758,-2.4549,-3.5442,3.5583,-0.8786,-0.7614,-1.0,1.1132
146511,398,0.4415,-0.2776,-0.3171,-0.0783,0.4214,-0.1847,-2.2898,-1.0,2.9649,1.3213,-2.3716,-1.187,2.7148,-0.4244,-1.0625,1.0,1.2976
146511,399,2.3264,0.6464,1.158,1.9084,1.3262,1.1605,1.0617,-1.0,0.6618,0.6162,-0.1595,0.1471,0.6366,0.2291,-0.2532,1.0,1.4535
146511,400,2.4047,2.1286,-0.2942,-1.0742,2.1489,-0.4811,-0.1374,-1.0,6.401,-0.3673,0.8535,6.3323,0.9292,2.6176,1.9771,1.0,6.8175
146511,401,21.9113,-15.2723,-13.2222,8.4866,20.2007,0.4086,-2.428,1.0,108.9078,48.8964,13.767,-96.3354,50.7975,-1.3963,0.2745,-1.0,90.9139
146511,402,17.84,0.9015,0.858,-17.7962,1.2445,-3.3546,0.7607,-1.0,39.1696,11.1959,-8.0144,-36.6697,13.7688,-1.7062,-0.6213,1.0,9.2734
146511,403,3.4093,-0.5949,2.8106,-1.8328,2.8729,-0.6011,1.7794,-1.0,2.2517,-1.3899,1.6124,-0.7263,2.1288,-0.3349,2.2822,1.0,1.413
146511,404,106.2375,-31.9657,13.3516,-100.4307,34.642,-1.786,2.7459,-1.0,48.9392,39.3295,18.8835,-22.1731,43.6279,-0.4886,0.4476,1.0,89.1897
146511,405,46.1492,-29.7957,-10.3198,-33.6966,31.5322,-0.9291,-2.8082,1.0,47.0399,32.0048,10.2015,32.9296,33.5913,0.8674,0.3086,-1.0,93.1597
146511,406,5.0599,-2.4495,2.2878,3.7891,3.3517,0.9707,2.3903,-1.0,8.3843,-2.5483,3.1799,7.3266,4.075,1.3494,2.2464,1.0,1.5208
146511,407,4.9614,-0.6363,-0.6161,-4.8805,0.8857,-2.4079,-2.3723,1.0,9.4074,-9.0317,2.5871,0.4725,9.395,0.0503,2.8626,-1.0,9.4697
146511,408,12.3428,3.1054,-0.2384,11.9429,3.1146,2.0538,-0.0766,1.0,0.2464,-0.0457,0.1792,0.1238,0.1849,0.6275,1.8204,-1.0,1.8751
146511,409,49.6225,3.4298,-19.9195,-45.3192,20.2127,-1.547,-1.4003,1.0,46.7654,-11.0997,5.2737,45.1218,12.2888,2.0119,2.698,-1.0,94.9593
146511,410,2.3009,-0.2897,1.3293,-1.8526,1.3605,-1.1155,1.7854,-1.0,1.3431,0.5936,0.5732,1.0544,0.8252,1.0648,0.7679,1.0,2.9883
146511,411,2.0547,1.165,1.1936,1.1953,1.6679,0.6662,0.7975,-1.0,1.162,-0.6585,-0.3949,-0.8658,0.7678,-0.9688,-2.6014,1.0,3.0568
146511,412,4.977,1.2376,4.7968,0.4677,4.9539,0.0943,1.3183,1.0,4.6661,2.735,3.7783,-0.0736,4.6643,-0.0158,0.9442,-1.0,1.8763
146511,413,41.1621,7.799,-39.9793,-5.9278,40.7329,-0.145,-1.3781,-1.0,43.4719,-7.5727,42.5037,5.0878,43.173,0.1176,1.7471,1.0,84.5919
146511,414,1.7601,0.8333,-1.5354,0.1873,1.7469,0.107,-1.0735,-1.0,1.8009,-0.8904,1.5589,-0.0959,1.7952,-0.0534,2.0897,1.0,3.5593
146511,415,0.5797,0.3656,-0.4182,-0.1277,0.5555,-0.2279,-0.8524,-1.0,0.5781,-0.3258,0.4546,0.1014,0.5593,0.1804,2.1926,1.0,1.1563
146511,416,3.5855,-2.3443,1.6561,-2.1462,2.8703,-0.6913,2.5266,1.0,4.377,-1.1038,4.2257,0.2681,4.3675,0.0614,1.8263,-1.0,3.6591
146511,417,8.2632,-6.1658,2.4228,-4.9378,6.6247,-0.6894,2.7672,-1.0,11.0858,1.0931,-0.433,-11.0227,1.1757,-2.9341,-0.3772,1.0,9.4842
146511,418,3.1836,-0.5976,-1.1058,2.9231,1.2569,1.5804,-2.0663,-1.0,1.6549,-1.4167,-0.0479,0.8475,1.4175,0.567,-3.1078,1.0,1.9508
146511,419,47.1269,27.6595,-31.8802,20.9652,42.2065,0.4783,-0.8562,1.0,47.2196,-17.149,24.5247,-36.5257,29.9258,-1.0291,2.181,-1.0,92.1659
146511,420,2.0393,0.209,1.1928,-1.6373,1.211,-1.1098,1.3973,-1.0,14.8329,-2.572,2.153,-14.4482,3.3542,-2.1667,2.4447,1.0,3.024
146511,421,4.8684,4.1935,1.2981,2.1024,4.3898,0.4623,0.3002,1.0,10.8356,8.8857,-0.9805,6.1223,8.9396,0.6402,-0.1099,-1.0,2.7939
146511,422,0.177,0.0985,-0.0741,-0.0705,0.1233,-0.5444,-0.6453,1.0,9.3245,2.0499,1.4878,-8.9732,2.5329,-1.9774,0.6278,-1.0,1.3693
146511,423,6.2939,0.8426,2.6706,5.6356,2.8004,1.4492,1.2652,-1.0,3.9551,0.2956,0.9525,3.8258,0.9974,2.0541,1.2699,1.0,1.0492
146511,424,5.3181,-3.0502,1.494,-4.0909,3.3964,-1.0188,2.6861,1.0,1.2973,0.7603,0.6855,-0.7897,1.0238,-0.7102,0.7337,-1.0,3.1542
146511,425,6.1661,-2.3437,4.6769,3.2624,5.2313,0.589,2.0353,1.0,6.0835,-2.9699,-4.6959,2.4751,5.5563,0.4319,-2.1347,-1.0,9.4287
146511,426,3.7928,0.7242,-3.5398,-1.1487,3.6131,-0.3128,-1.369,-1.0,3.1819,1.112,1.7265,-2.4281,2.0536,-1.0046,0.9986,1.0,5.4031
146511,427,5.439,-2.0652,4.1953,2.7759,4.6761,0.5634,2.0282,-1.0,4.2788,2.4645,-1.8799,-2.9477,3.0997,-0.8463,-0.6516,1.0,9.4279
146511,428,14.9158,3.0864,2.4741,-14.3813,3.9556,-2.0023,0.6757,1.0,6.4575,0.484,1.4717,-6.268,1.5492,-2.1058,1.2531,-1.0,1.4509
146511,429,4.6351,-2.0112,4.1399,0.5374,4.6026,0.1165,2.023,1.0,4.7621,1.8772,-4.3491,-0.4778,4.7369,-0.1007,-1.1633,-1.0,9.3937
146511,430,42.1085,-39.6591,-12.6397,6.3644,41.6246,0.1523,-2.8331,1.0,54.7317,39.3109,30.7261,-22.4968,49.8943,-0.4369,0.6634,-1.0,93.7578
146511,431,14.2513,5.8246,-4.1532,-12.3253,7.1537,-1.3124,-0.6194,1.0,2.8895,0.7632,2.7741,-0.2446,2.8772,-0.0849,1.3023,-1.0,9.5133
146511,432,1.3296,-1.1372,-0.5713,0.3702,1.2727,0.287,-2.6761,-1.0,1.8226,1.096,1.1811,-0.8453,1.6113,-0.5031,0.8227,1.0,3.0557
146511,433,3.0541,-0.904,2.6186,1.2816,2.7702,0.4475,1.9032,1.0,7.9702,-0.5376,-3.6641,-7.0568,3.7033,-1.4006,-1.7165,-1.0,9.2202
146511,434,3.9313,-1.1347,3.672,-0.8205,3.8433,-0.2119,1.8705,-1.0,4.9678,0.7968,-4.7874,-1.0553,4.8532,-0.2158,-1.4059,1.0,8.6207
146511,435,5.4903,0.8351,3.1102,4.4454,3.2204,1.1265,1.3085,1.0,2.1807,0.441,0.5695,2.0556,0.7203,1.7711,0.9119,-1.0,1.1885
146511,436,6.863,0.1292,0.3597,-6.8515,0.3822,-3.5802,1.2258,1.0,37.0865,7.7574,7.7539,-35.4273,10.9681,-1.8888,0.7852,-1.0,4.0031
146511,437,0.8891,-0.2829,-0.8051,-0.2259,0.8534,-0.2618,-1.9087,-1.0,3.1485,-0.9316,-2.517,1.6428,2.6839,0.5792,-1.9253,1.0,1.3353
146511,438,1.5671,1.1935,0.7005,-0.7278,1.3839,-0.5043,0.5308,-1.0,1.5162,-1.1457,-0.6535,0.7402,1.319,0.5353,-2.6232,1.0,3.0825
146511,439,1.9158,-0.4361,1.2968,-1.3369,1.3682,-0.8651,1.8952,1.0,13.2619,-1.3285,1.9412,-13.0512,2.3523,-2.4147,2.171,-1.0,3.1221
146511,440,4.6702,-1.5089,3.8265,-2.2093,4.1133,-0.5142,1.9464,-1.0,5.0819,1.1999,-4.9189,0.4229,5.0632,0.0834,-1.3315,1.0,9.5197
146511,441,4.7598,-2.0387,-3.075,-3.0053,3.6894,-0.744,-2.1563,1.0,6.544,-3.4414,-5.0857,-2.2596,6.1406,-0.3601,-2.1657,-1.0,1.8514
146511,442,1.2472,-0.668,0.1516,1.0369,0.685,1.2024,2.9184,1.0,2.4306,-0.4265,-1.2274,-2.0515,1.2993,-1.2377,-1.9052,-1.0,3.1847
146511,443,5.3193,-2.8682,-0.5327,4.4467,2.9172,1.2082,-2.958,1.0,9.5892,-3.7342,0.1579,8.8302,3.7376,1.5949,3.0993,-1.0,1.5014
146511,444,0.5712,-0.3506,0.177,0.4011,0.3927,0.8964,2.6742,1.0,9.9027,3.4093,-2.3851,8.9856,4.1608,1.5128,-0.6105,-1.0,2.7133
146511,445,2.0118,-1.0312,0.5962,1.6178,1.1911,1.1134,2.6174,1.0,1.2015,0.4584,-0.1478,-1.0957,0.4817,-1.5602,-0.3118,-1.0,3.086
146511,446,36.304,2.8355,33.3621,14.032,33.4824,0.4077,1.486,-1.0,62.7802,-22.0848,-25.7934,-52.8044,33.9564,-1.2249,-2.2789,1.0,88.8063
146511,447,3.1141,0.2454,-0.4657,-3.0674,0.5264,-2.4629,-1.0858,-1.0,9.4159,-4.1146,-3.3007,-7.7989,5.2749,-1.1828,-2.4655,1.0,3.125
146511,448,3.1677,1.2104,2.9194,0.1859,3.1604,0.0588,1.1778,1.0,1.629,0.3267,-0.2171,1.5776,0.3922,2.1001,-0.5866,-1.0,3.1989
146511,449,14.9881,-3.603,3.7072,14.0679,5.1697,1.7264,2.3419,-1.0,7.5381,-1.9693,-0.3586,7.2667,2.0017,2.0009,-2.9615,1.0,3.162
146511,450,6.4871,0.8593,-0.2585,6.4238,0.8973,2.6663,-0.2923,1.0,6.8059,3.374,1.8898,5.5995,3.8672,1.1655,0.5106,-1.0,3.4003
146511,451,45.4731,32.5766,25.5189,-18.8506,41.3817,-0.4411,0.6645,1.0,47.2326,-31.2158,-23.8331,26.2387,39.2739,0.6263,-2.4895,-1.0,92.3854
146511,452,2.3865,-0.0292,1.1359,2.0959,1.1363,1.3719,1.5965,1.0,2.0132,-1.4451,-1.2313,0.6612,1.8985,0.3416,-2.4359,-1.0,3.0939
146511,453,5.7974,3.7943,4.1114,1.516,5.5947,0.2678,0.8255,1.0,4.7064,-2.1524,-3.9655,-1.3347,4.512,-0.2917,-2.0681,-1.0,10.3721
146511,454,21.4277,-6.1087,2.2864,20.4106,6.5226,1.8585,2.7835,1.0,9.3506,-3.416,1.2093,8.6192,3.6237,1.6012,2.8014,-1.0,1.2786
146511,455,0.9008,0.5992,-0.3853,-0.5411,0.7124,-0.7008,-0.5714,-1.0,5.5428,2.4009,-0.6958,-4.946,2.4997,-1.434,-0.2821,1.0,1.1146
146511,456,65.3099,-21.4372,-6.771,61.3187,22.4811,1.7286,-2.8357,-1.0,38.3152,33.993,15.1818,-9.0571,37.2292,-0.2409,0.42,1.0,88.1958
146511,457,8.7913,-3.6858,0.2116,-7.9779,3.6919,-1.5134,3.0843,1.0,7.5595,6.6417,-1.1296,3.4273,6.7371,0.489,-0.1685,-1.0,15.3968
146511,458,4.0702,3.4481,-1.5507,1.5038,3.7808,0.3879,-0.4226,-1.0,11.1586,-5.3829,-4.7213,8.5578,7.1601,1.0129,-2.4216,1.0,9.3595
146511,459,2.2116,1.0303,-1.2827,1.474,1.6453,0.8058,-0.8941,1.0,2.3008,-1.9874,-0.6516,0.9529,2.0915,0.4411,-2.8248,-1.0,3.1326
146511,460,1.5821,0.1176,-1.3453,-0.8176,1.3504,-0.5735,-1.4836,1.0,1.5844,-0.1184,1.3468,0.8194,1.352,0.574,1.6585,-1.0,3.1665
146511,461,3.2575,-3.0794,0.7429,-0.7516,3.1678,-0.2351,2.9049,1.0,8.4286,-3.1418,-0.2379,-7.8168,3.1508,-1.6401,-3.066,-1.0,4.918
146511,462,55.2259,-25.2649,2.4369,49.0473,25.3822,1.413,3.0454,-1.0,42.1915,5.5133,20.0142,-36.7308,20.7596,-1.3355,1.302,1.0,91.8928
146511,463,1.5311,-0.9367,0.4493,1.1197,1.0389,0.9353,2.6944,1.0,1.5351,0.9453,-0.4443,-1.12,1.0445,-0.9316,-0.4394,-1.0,3.0662
146511,464,2.2589,1.5144,-1.6188,-0.4215,2.2167,-0.189,-0.8187,1.0,1.1504,-0.3431,1.078,0.1805,1.1313,0.1589,1.879,-1.0,3.1467
146511,465,13.3561,5.6874,-3.4937,11.5681,6.6747,1.3175,-0.5509,-1.0,21.6999,11.8155,-7.7884,16.4502,14.1515,0.9917,-0.5828,1.0,3.2028
146511,466,3.6058,-1.861,-2.6229,-1.6272,3.216,-0.4865,-2.1879,1.0,1.9832,1.0289,-0.5865,-1.5872,1.1844,-1.1027,-0.5181,-1.0,3.1483
146511,467,44.9415,2.9769,-43.2376,11.8903,43.3399,0.271,-1.5021,1.0,47.3497,-0.3611,47.171,4.0926,47.1724,0.0867,1.5785,-1.0,90.7739
146511,468,3.6032,0.2095,-0.7708,-3.5119,0.7987,-2.1867,-1.3054,1.0,5.4986,-5.1918,-0.2973,1.7833,5.2003,0.3365,-3.0844,-1.0,7.341
146511,469,0.4108,0.3141,0.1836,0.1587,0.3638,0.4235,0.5289,-1.0,12.4714,2.726,-0.3927,12.163,2.7542,2.191,-0.1431,1.0,2.1996
146511,470,11.3043,0.3838,-3.744,-10.6588,3.7636,-1.764,-1.4686,1.0,1.6572,1.5015,-0.3516,-0.5974,1.5421,-0.3783,-0.23,-1.0,4.579
146511,471,26.5439,-1.519,8.3139,-25.1623,8.4515,-1.8112,1.7515,1.0,1.4077,0.7966,-0.4328,-1.0717,0.9066,-1.0045,-0.4976,-1.0,5.517
146511,472,0.4674,0.0781,0.2307,0.3847,0.2436,1.2379,1.2444,-1.0,0.6713,-0.5768,-0.076,-0.3179,0.5817,-0.5223,-3.0105,1.0,1.0098
146511,473,3.2145,0.9232,-1.8629,2.4493,2.0791,1.0019,-1.1107,1.0,2.6788,1.4412,2.2546,-0.0696,2.6758,-0.026,1.002,-1.0,4.8295
146511,474,3.9692,-1.6699,2.1129,-2.9139,2.6931,-0.9382,2.2396,1.0,12.0078,0.9765,8.7196,-8.197,8.7741,-0.8341,1.4593,-1.0,3.7403
146511,475,0.7922,-0.7515,0.1909,0.1232,0.7754,0.1583,2.8929,1.0,1.5288,-0.4165,0.6902,-1.2947,0.8062,-1.2522,2.1137,-1.0,1.369
146511,476,5.3418,2.3008,-1.5504,-4.5635,2.7744,-1.2725,-0.593,-1.0,6.3509,3.0427,-0.4022,-5.5591,3.0691,-1.3559,-0.1314,1.0,1.3733
146511,477,1.3154,-0.3768,-0.1698,1.2443,0.4133,1.8217,-2.7182,-1.0,4.4376,3.6002,-2.0857,1.5394,4.1607,0.362,-0.5251,1.0,3.1418
146511,478,1.6689,1.0272,1.2955,-0.2015,1.6533,-0.1216,0.9004,-1.0,8.7949,8.313,1.3667,2.523,8.4246,0.2952,0.1629,1.0,3.1266
146511,479,3.3934,-2.1799,-0.1789,-2.5924,2.1872,-1.0065,-3.0597,1.0,3.4294,-1.6426,-2.7794,-1.1518,3.2285,-0.3496,-2.1046,-1.0,3.0282
146511,480,3.8721,-0.788,-0.6953,-3.7252,1.0509,-1.978,-2.4186,-1.0,1.554,-0.8772,0.5608,-1.1488,1.0412,-0.9526,2.5728,1.0,1.7015
146511,481,19.0221,2.3722,6.7548,17.6231,7.1593,1.6329,1.2331,1.0,11.469,0.1429,4.4114,10.5852,4.4137,1.6088,1.5384,-1.0,1.7289
146511,482,2.9601,-1.201,0.9609,-2.5269,1.5381,-1.2715,2.4668,1.0,3.4455,1.7429,2.126,-2.0743,2.7491,-0.6968,0.8841,-1.0,3.1683
146511,483,0.9213,0.865,0.0335,0.2972,0.8656,0.3369,0.0388,-1.0,1.8356,1.1728,-0.4934,-1.3189,1.2723,-0.907,-0.3982,1.0,1.4808
146511,484,3.3781,-0.2108,-0.524,3.3289,0.5648,2.4742,-1.9533,-1.0,5.5732,-1.9281,-1.6285,4.9679,2.5238,1.4294,-2.4402,1.0,1.4428
146511,485,1.1857,0.9321,-0.5989,-0.4089,1.1079,-0.3612,-0.5711,1.0,1.5377,1.0304,1.0238,0.4934,1.4526,0.3335,0.7822,-1.0,1.8379
146511,486,0.8262,-0.6951,-0.3405,0.2687,0.7741,0.3405,-2.6861,-1.0,3.9594,1.83,-3.0309,1.7692,3.5405,0.481,-1.0276,1.0,2.4685
146511,487,0.6204,0.0994,-0.3244,0.5085,0.3393,1.1942,-1.2735,1.0,0.6308,-0.4041,0.0206,-0.4722,0.4047,-0.9947,3.0907,-1.0,1.1743
146511,488,3.456,1.1699,1.1372,3.0448,1.6316,1.3821,0.7712,1.0,11.8838,-1.375,2.4269,11.5513,2.7893,2.1284,2.0863,-1.0,3.0851
146511,489,1.2098,-0.2736,1.1736,0.0122,1.2051,0.0101,1.7998,1.0,2.1916,1.4383,-1.4654,0.7587,2.0533,0.3616,-0.7947,-1.0,3.0876
146511,490,1.1718,0.4519,0.1259,1.0686,0.4691,1.5615,0.2718,-1.0,10.1475,-4.4148,-2.1133,8.8885,4.8945,1.3582,-2.6951,1.0,3.0544
146511,491,9.1676,-0.8674,3.5271,8.4168,3.6322,1.5771,1.8119,-1.0,1.3749,0.5194,-0.4573,1.1834,0.692,1.3059,-0.7219,1.0,3.0722
146511,492,1.8322,1.2849,1.2892,0.1821,1.8201,0.0999,0.7871,1.0,4.9409,-0.7041,3.5172,3.3963,3.587,0.8433,1.7684,-1.0,3.1035
146511,493,6.3447,-1.5419,-0.0184,6.1535,1.542,2.0924,-3.1296,-1.0,1.6969,-0.8344,-0.2825,1.4465,0.881,1.271,-2.8151,1.0,1.0815
146511,494,1.5349,1.5229,0.1492,0.0568,1.5302,0.0371,0.0977,-1.0,25.6019,-5.276,4.1323,24.709,6.7016,2.0159,2.4772,1.0,9.5208
146511,495,9.385,-2.5747,2.0459,-8.7894,3.2886,-1.7095,2.4701,1.0,1.0061,0.6966,-0.5826,0.4202,0.9081,0.4477,-0.6965,-1.0,5.6802
146511,496,10.6553,-0.3851,-7.7999,-7.2482,7.8094,-0.8296,-1.6201,1.0,17.4817,1.8264,-5.7646,-16.4021,6.047,-1.7234,-1.264,-1.0,6.8024
146511,497,12.6871,6.5174,-1.3337,10.8026,6.6525,1.2616,-0.2018,-1.0,11.9795,3.6723,-2.7264,11.0715,4.5737,1.6174,-0.6386,1.0,3.1066
146511,498,16.3759,-5.7577,8.5168,12.7465,10.2804,1.0413,2.1653,1.0,1.4737,-0.8881,0.7149,0.9277,1.1401,0.7434,2.4639,-1.0,1.4942
146511,499,7.7481,-5.2685,5.3183,-1.995,7.4861,-0.2634,2.3515,-1.0,5.4432,-3.6308,-0.6051,-4.0085,3.6809,-0.9429,-2.9764,1.0,6.0461
146511,500,3.3216,-2.9789,1.447,0.2333,3.3117,0.0704,2.6894,-1.0,1.2887,0.5968,0.4408,1.0484,0.7419,1.1455,0.6361,1.0,3.2209
146511,501,46.6946,39.5534,-22.8555,-9.6708,45.682,-0.2101,-0.524,1.0,47.093,-39.552,23.9706,8.8764,46.2487,0.1908,2.5967,-1.0,93.7776
146511,502,38.5187,37.0781,8.1872,6.4702,37.9712,0.1696,0.2173,1.0,61.36,-58.8054,4.6511,16.8919,58.9891,0.2826,3.0627,-1.0,93.7714
146511,503,1.7484,-0.465,-1.5901,-0.5487,1.6567,-0.3254,-1.8553,1.0,1.7612,0.4681,1.6059,0.5408,1.6728,0.3179,1.2872,-1.0,3.5095
146511,504,0.9257,-0.917,0.0659,-0.022,0.9194,-0.0239,3.0698,-1.0,3.9914,-1.4581,2.4399,2.8002,2.8424,0.8708,2.1094,1.0,2.1305
146511,505,11.9186,-4.3417,0.3827,-11.0926,4.3585,-1.6638,3.0537,1.0,2.7357,-1.0955,-2.0461,1.4444,2.3209,0.5879,-2.0624,-1.0,9.4515
146511,506,9.1888,-2.6293,-0.4096,-8.7944,2.6611,-1.9107,-2.9871,1.0,2.7525,-0.2976,-0.4241,-2.7012,0.5181,-2.3534,-2.1827,-1.0,1.0875
146511,507,13.2736,1.9586,-13.1234,0.346,13.2687,0.0261,-1.4226,-1.0,5.6613,3.0294,-1.7939,4.4322,3.5207,1.0531,-0.5346,1.0,9.3967
146511,508,4.0698,1.5797,3.4557,1.4544,3.7996,0.374,1.142,-1.0,0.9056,-0.5989,0.653,0.1543,0.886,0.1733,2.3131,1.0,2.0795
146511,509,2.5145,-0.9386,-0.9684,-2.1196,1.3486,-1.2339,-2.3406,1.0,1.1726,-0.4402,0.356,-1.0214,0.5661,-1.3524,2.4616,-1.0,1.2052
146511,510,1.7924,0.3864,1.1042,1.3539,1.1698,0.9884,1.2342,-1.0,2.1703,1.6194,1.3477,0.5098,2.1069,0.2397,0.6941,1.0,1.4812
146511,511,3.8647,-1.6371,-3.3011,-1.1608,3.6847,-0.31,-2.0312,-1.0,18.983,-8.5751,1.6534,-16.8545,8.7331,-1.4119,2.9511,1.0,9.5111
146511,512,13.7853,3.0126,4.8041,-12.5646,5.6705,-1.5362,1.0107,1.0,3.0359,0.3734,1.5229,-2.5975,1.568,-1.2786,1.3304,-1.0,1.2529
146511,513,9.9755,1.1603,-3.7259,-9.1799,3.9024,-1.591,-1.2689,1.0,10.85,-0.8325,-3.7774,-10.1366,3.868,-1.6911,-1.7877,-1.0,2.0418
146511,514,1.7221,-1.5721,-0.3037,-0.625,1.6012,-0.381,-2.9507,-1.0,1.3359,1.2062,0.5515,-0.1202,1.3263,-0.0905,0.4289,1.0,2.9327
146511,515,11.8139,-11.3664,0.5668,-3.1688,11.3805,-0.275,3.0918,1.0,5.4114,-4.8297,-0.2302,-2.4276,4.8352,-0.4831,-3.094,-1.0,1.7221
146511,516,1.022,0.6157,0.6714,-0.4511,0.911,-0.4769,0.8286,-1.0,0.8025,-0.1716,-0.7464,0.2152,0.7659,0.2774,-1.7968,1.0,1.7523
146511,517,1.7458,-1.6489,-0.5043,0.2524,1.7243,0.1459,-2.8448,1.0,2.1648,0.9297,-1.7773,-0.8077,2.0057,-0.3925,-1.0888,-1.0,3.0434
146511,518,12.5854,0.8589,-8.9664,8.789,9.0075,0.8641,-1.4753,-1.0,7.8831,0.1246,5.6402,5.505,5.6415,0.8642,1.5487,1.0,14.2341
146511,519,17.1421,5.5723,4.3914,15.6047,7.0947,1.5295,0.6674,1.0,5.2991,-2.1321,4.1355,2.5339,4.6528,0.5207,2.0468,-1.0,9.4897
146511,520,8.3771,-4.2793,-6.9976,1.6986,8.2024,0.2056,-2.1197,1.0,2.8618,0.2336,2.2922,-1.6941,2.3041,-0.6813,1.4692,-1.0,9.3704
146511,521,4.92,4.6961,0.2974,1.4331,4.7055,0.3,0.0633,-1.0,11.9026,4.0018,5.4969,-9.7688,6.7993,-1.1592,0.9415,1.0,10.2122
146511,522,0.9966,0.2597,-0.7969,-0.5286,0.8382,-0.5949,-1.2557,1.0,7.6367,-6.256,-1.2129,-4.2071,6.3725,-0.6197,-2.9501,-1.0,3.4802
146511,523,19.523,5.037,-3.1261,-18.6009,5.9282,-1.8611,-0.5554,1.0,19.9358,2.0446,-3.3408,-19.547,3.9168,-2.3106,-1.0216,-1.0,3.1257
146511,524,0.9731,-0.3034,0.1984,0.8969,0.3625,1.6375,2.5625,-1.0,0.889,0.7874,-0.3988,0.0073,0.8827,0.0083,-0.4688,1.0,1.5412
146511,525,2.1182,0.4261,0.4444,2.024,0.6156,1.9057,0.8064,-1.0,8.3816,3.5759,0.1138,7.5789,3.5777,1.4953,0.0318,1.0,1.3046
146511,526,29.9761,12.8564,-23.7673,-12.9762,27.0217,-0.4634,-1.0749,1.0,79.0027,1.5838,33.0507,71.7395,33.0886,1.5164,1.5229,-1.0,90.1584
146511,527,42.6665,22.5748,-7.8569,-35.3421,23.903,-1.1828,-0.3349,-1.0,46.9942,-23.5612,6.3912,40.1555,24.4127,1.2725,2.8767,1.0,89.514
146511,528,28.5202,-8.4778,-12.4395,24.2235,15.0537,1.2538,-2.169,1.0,5.9459,0.5226,1.0069,5.8357,1.1344,2.3403,1.0921,-1.0,9.5062
146511,529,0.5185,-0.4727,-0.0232,-0.1835,0.4733,-0.3787,-3.0925,1.0,4.8591,1.9539,-4.3594,-0.8817,4.7773,-0.1835,-1.1494,-1.0,2.5264
146511,530,1.5214,0.064,1.4296,-0.5057,1.431,-0.3464,1.5261,-1.0,1.6352,-0.2617,-1.3644,0.8559,1.3893,0.5826,-1.7603,1.0,3.1302
146511,531,1.6543,0.5675,-1.2309,-0.9425,1.3555,-0.6489,-1.1388,-1.0,1.4216,-0.5069,0.8263,1.0345,0.9694,0.9281,2.1211,1.0,3.0473
146511,532,0.7499,0.3145,0.5501,0.3869,0.6337,0.5779,1.0514,1.0,13.7451,2.3386,9.0358,10.0896,9.3336,0.9375,1.3175,-1.0,1.1908
146511,533,10.4718,2.585,-2.694,-9.783,3.7335,-1.691,-0.806,1.0,31.7848,12.8223,-6.5059,-28.3465,14.3784,-1.4308,-0.4695,-1.0,3.1203
146511,534,1.0472,-0.018,-0.2756,-1.0046,0.2762,-2.0026,-1.6359,-1.0,0.7622,-0.0912,0.1976,0.7227,0.2177,1.9152,2.0032,1.0,1.7822
146511,535,1.5963,1.2123,0.2954,0.99,1.2477,0.7276,0.239,1.0,6.1802,-1.8597,2.3613,5.399,3.0057,1.3486,2.2379,-1.0,3.4895
146511,536,1.0156,0.1665,0.0075,0.9962,0.1667,2.4879,0.0449,-1.0,1.1473,0.771,-0.458,-0.7079,0.8967,-0.7244,-0.536,1.0,1.8743
146511,537,4.2885,-1.4018,1.1343,3.8895,1.8032,1.5117,2.4613,-1.0,1.6862,0.1672,-0.4084,1.624,0.4413,2.0141,-1.1823,1.0,1.8019
146511,538,10.6644,-1.4415,3.3648,10.0159,3.6606,1.7315,1.9755,1.0,8.9292,0.4226,7.6238,4.628,7.6355,0.5741,1.5154,-1.0,6.9048
146511,539,2.4468,1.054,-1.3528,1.7421,1.7149,0.8925,-0.9089,1.0,10.542,2.7444,4.5511,-9.1037,5.3145,-1.3074,1.0282,-1.0,9.4793
146511,540,52.2801,16.4681,39.4452,-30.1011,42.7449,-0.6561,1.1753,1.0,43.9679,-17.6816,-36.5985,16.7651,40.6459,0.4016,-2.0209,-1.0,95.2693
146511,541,2.7661,-1.7328,-1.1303,1.833,2.0689,0.7984,-2.5636,1.0,1.0515,1.0376,0.0095,-0.1328,1.0377,-0.1276,0.0092,-1.0,3.1533
146511,542,5.0387,-0.4934,-3.0605,3.9708,3.1,1.0668,-1.7307,-1.0,4.6761,1.3408,4.1613,-1.6554,4.372,-0.3701,1.2591,1.0,9.332
146511,543,29.3637,-3.7454,20.7304,20.4558,21.066,0.8607,1.7495,1.0,66.8206,19.0082,-37.5896,-51.8719,42.1224,-1.036,-1.1026,-1.0,88.0186
146511,544,12.3823,-2.3872,-11.8283,-2.7756,12.0668,-0.228,-1.7699,-1.0,6.4519,-3.807,-5.1452,-0.8062,6.4005,-0.1256,-2.2078,1.0,3.9285
146511,545,20.7751,-5.8935,-0.4721,19.9158,5.9123,1.929,-3.0617,1.0,3.2838,-0.5123,-0.525,3.1991,0.7335,2.1789,-2.3439,-1.0,1.5832
146511,546,15.9591,7.4781,13.4471,4.2351,15.3866,0.2719,1.0633,-1.0,15.0631,-9.0662,-11.5662,-3.3036,14.696,-0.2229,-2.2356,1.0,30.9104
146511,547,39.4151,18.7971,31.8666,-13.5915,36.9975,-0.3596,1.0379,1.0,46.2906,-33.4039,-30.5948,9.5362,45.2975,0.209,-2.4001,-1.0,84.3448
146511,548,5.5829,3.0081,-0.511,-4.6741,3.0512,-1.2123,-0.1683,-1.0,4.5458,0.1756,2.1836,3.9817,2.1906,1.359,1.4905,1.0,9.4433
146511,549,0.9497,0.5327,0.7743,0.0865,0.9398,0.092,0.9682,1.0,3.8844,3.7752,0.6433,0.6417,3.8296,0.1668,0.1688,-1.0,1.507
146511,550,24.5011,-0.6558,16.0083,18.5364,16.0217,0.9881,1.6117,1.0,9.2286,-0.6662,4.4099,8.0787,4.4599,1.356,1.7207,-1.0,3.2683
146511,551,2.9897,1.8491,0.3411,-2.322,1.8803,-1.0381,0.1824,-1.0,8.8949,-4.2624,-3.0387,-7.1907,5.2346,-1.1226,-2.5223,1.0,6.1361
146511,552,1.2791,-0.4248,-0.8945,0.8028,0.9902,0.741,-2.0142,-1.0,3.1432,-0.5161,0.2014,3.0922,0.5539,2.4206,2.7696,1.0,1.7379
146511,553,33.6156,-11.6968,21.9337,-22.6294,24.8577,-0.8165,2.0607,-1.0,68.6862,-1.386,-13.7619,67.2791,13.8316,2.2854,-1.6712,1.0,90.7421
146511,554,9.5004,6.537,4.8208,4.9268,8.1224,0.5745,0.6354,-1.0,1.8379,0.8638,1.1323,1.1569,1.4242,0.7422,0.9191,1.0,1.1547
146511,555,4.9766,4.2828,0.0099,-2.5324,4.2828,-0.5613,0.0023,-1.0,1.6488,-0.6029,-0.2504,-1.5104,0.6528,-1.5757,-2.7479,1.0,3.7353
146511,556,10.6127,-5.0124,9.2545,1.3595,10.5248,0.1288,2.0672,-1.0,8.057,5.1297,-0.9807,6.1342,5.2226,0.9996,-0.1889,1.0,14.9644
146511,557,0.2815,0.1804,0.1868,-0.0249,0.2597,-0.0959,0.8027,-1.0,4.664,-1.1272,1.2289,-4.3544,1.6676,-1.6878,2.3131,1.0,1.5422
146511,558,1.5554,-1.5305,-0.1876,-0.1751,1.5419,-0.1133,-3.0196,-1.0,1.7829,1.4019,1.089,-0.1281,1.7751,-0.0721,0.6604,1.0,3.1974
146511,559,9.1249,-3.3818,-8.2188,-2.0655,8.8874,-0.2304,-1.9612,-1.0,1.9284,-0.6732,-1.804,0.0017,1.9255,0.0009,-1.9279,1.0,1.0079
146511,560,5.4472,0.3419,1.6223,5.1877,1.6579,1.8585,1.3631,-1.0,43.5304,4.3648,8.7644,42.4149,9.7911,2.1722,1.1087,1.0,1.6639
146511,561,7.0645,3.5028,3.268,5.191,4.7906,0.9393,0.7507,-1.0,10.3569,4.7395,6.1728,6.8328,7.7825,0.7924,0.916,1.0,1.3667
146511,562,1.7539,0.3817,1.6327,-0.5038,1.6767,-0.2961,1.3411,1.0,21.7754,1.187,-9.5605,-19.5281,9.6339,-1.4557,-1.4473,-1.0,9.3296
146511,563,8.0535,1.0794,1.779,-7.7793,2.0808,-2.0293,1.0254,-1.0,9.2538,2.7392,-0.9172,-8.7907,2.8886,-1.832,-0.3231,1.0,3.1066
146511,564,19.1732,5.3174,6.0,-17.4163,8.0172,-1.5182,0.8456,-1.0,4.3213,2.3846,0.6101,-3.5503,2.4614,-1.1624,0.2505,1.0,3.0634
146511,565,1.4146,-1.1491,0.5144,-0.6363,1.259,-0.486,2.7207,-1.0,1.8225,1.7872,0.1535,0.3045,1.7938,0.169,0.0857,1.0,3.0847
146511,566,4.9014,-0.8574,-4.5297,-1.6611,4.6101,-0.3529,-1.7579,-1.0,4.5896,0.9024,4.3397,1.1858,4.4325,0.2644,1.3658,1.0,9.4771
146511,567,36.1693,27.03,9.9144,-21.8927,28.7909,-0.7014,0.3516,1.0,35.7546,-26.459,-9.7692,21.9742,28.2049,0.7163,-2.7879,-1.0,71.9215
146511,568,9.0574,7.8337,-4.5128,0.5405,9.0406,0.0598,-0.5226,1.0,3.78,3.5589,-1.2593,-0.1603,3.7751,-0.0425,-0.3401,-1.0,1.2428
146511,569,2.4691,-0.8442,2.3116,-0.1715,2.4609,-0.0696,1.921,1.0,1.2309,-0.9383,-0.6034,0.5094,1.1155,0.4421,-2.5701,-1.0,2.7351
146511,570,15.5373,1.7112,-11.8563,-9.8943,11.9792,-0.7528,-1.4275,1.0,8.5749,2.3954,-6.5369,-5.0049,6.962,-0.6681,-1.2195,-1.0,2.0591
146511,571,4.3934,-3.7231,-1.2638,-1.9576,3.9317,-0.4793,-2.8144,1.0,9.703,-4.4223,7.0666,4.9643,8.3363,0.565,2.13,-1.0,9.4683
146511,572,22.477,-12.9254,7.2584,16.8953,14.824,0.9768,2.6299,1.0,2.7755,-1.2961,1.2836,2.0892,1.8242,0.9805,2.361,-1.0,1.4345
146511,573,6.3062,-1.1443,4.5748,-4.1855,4.7157,-0.7996,1.8159,1.0,3.8755,0.0212,-3.6754,1.2245,3.6755,0.3273,-1.565,-1.0,9.6348
146511,574,5.7537,-2.9544,4.7796,-1.2328,5.619,-0.2177,2.1244,1.0,7.2436,-2.6027,-0.664,6.7263,2.6861,1.6488,-2.8918,-1.0,9.5357
146511,575,24.0923,8.4967,-1.3051,-22.5062,8.5963,-1.6902,-0.1524,-1.0,18.4295,5.5991,-1.5217,-17.492,5.8022,-1.8231,-0.2654,1.0,1.2501
146511,576,44.0664,18.9897,36.5884,15.573,41.2228,0.3693,1.0921,-1.0,47.5495,-17.6423,-40.9118,-16.6108,44.5537,-0.3647,-1.9779,1.0,91.498
146511,577,19.4433,-0.5662,-11.3388,-15.7843,11.3529,-1.1323,-1.6207,1.0,4.9971,-1.5763,-3.1504,-3.5425,3.5228,-0.8853,-2.0347,-1.0,3.0463
146511,578,7.0161,-0.1363,2.2377,6.6475,2.2418,1.8074,1.6316,-1.0,8.6142,4.4375,-6.0119,4.2848,7.4722,0.5459,-0.9349,1.0,9.5942
146511,579,13.9316,-11.2658,-8.1263,-1.0604,13.8908,-0.0763,-2.5167,1.0,0.3466,0.0348,-0.0617,-0.3225,0.0708,-2.2209,-1.0565,-1.0,2.963
146511,580,19.5029,0.9411,8.5934,-17.482,8.6448,-1.4535,1.4617,-1.0,2.0168,0.8413,-1.1701,-1.4069,1.4412,-0.8644,-0.9475,1.0,6.9301
146511,581,1.0798,0.651,-0.4642,0.7181,0.7995,0.8074,-0.6194,1.0,0.7674,-0.5872,0.335,-0.3475,0.6761,-0.4936,2.6231,-1.0,1.804
146511,582,4.3508,2.3531,-2.5765,-2.5967,3.4893,-0.6885,-0.8307,1.0,9.5835,4.3435,-5.1717,-6.7985,6.7537,-0.8861,-0.8722,-1.0,1.0078
146511,583,3.129,-0.7187,-2.4998,1.7361,2.601,0.6258,-1.8508,1.0,10.5709,-0.1543,-8.8714,5.7451,8.8728,0.6091,-1.5882,-1.0,1.2853
146511,584,46.5054,42.955,-12.0846,13.0984,44.6226,0.2895,-0.2742,-1.0,46.2154,-35.9644,9.8297,-27.3092,37.2836,-0.6791,2.8748,1.0,91.3305
146511,585,2.3679,-1.5673,0.4865,-1.7037,1.641,-0.9081,2.8406,-1.0,2.9964,0.7625,-1.5671,-2.4352,1.7428,-1.1364,-1.118,1.0,3.1353
146511,586,2.8445,0.9151,1.4207,-2.2857,1.6899,-1.1101,0.9985,1.0,2.8791,0.3868,0.3102,-2.8341,0.4958,-2.4441,0.676,-1.0,1.3626
146511,587,4.9912,1.9767,-0.6253,4.539,2.0733,1.5252,-0.3064,1.0,3.1161,2.0126,0.0325,2.3764,2.0129,1.0035,0.0161,-1.0,1.2804
146511,588,0.9709,-0.512,-0.059,-0.816,0.5154,-1.24,-3.0269,-1.0,1.7975,0.9638,1.0894,1.0508,1.4546,0.671,0.8465,1.0,2.5186
146511,589,1.1352,0.6897,-0.3831,-0.8093,0.7889,-0.8995,-0.5071,1.0,1.615,0.6761,-1.4186,-0.357,1.5715,-0.2252,-1.1261,-1.0,1.0447
146511,590,43.591,36.6312,23.505,-2.417,43.5238,-0.0555,0.5705,-1.0,43.6913,-36.8581,-23.3477,2.2998,43.6306,0.0527,-2.5769,1.0,87.2818
146511,591,15.6327,-1.1634,3.1489,-15.2676,3.3569,-2.2197,1.9247,1.0,1.1064,-0.1796,0.6341,-0.8824,0.659,-1.102,1.8467,-1.0,1.8052
146511,592,0.2093,-0.1542,-0.0861,-0.0378,0.1766,-0.2122,-2.6323,1.0,1.974,1.2904,-0.3858,1.4392,1.3469,0.929,-0.2905,-1.0,1.1352
146511,593,1.4737,1.198,-0.4859,-0.6997,1.2928,-0.5178,-0.3853,1.0,2.2226,-0.8855,-1.3435,1.5295,1.6091,0.846,-2.1535,-1.0,3.087
146511,594,8.1626,-3.6873,-6.9532,-2.1617,7.8704,-0.2713,-2.0584,1.0,23.7749,-7.0513,15.4358,-16.6509,16.9701,-0.868,1.9993,-1.0,21.8819
146511,595,3.471,1.7721,1.0313,-2.7987,2.0504,-1.1174,0.5271,-1.0,2.4035,-0.1198,-2.2087,-0.9344,2.2119,-0.4108,-1.625,1.0,4.0568
146511,596,1.1718,0.2759,0.1401,1.1253,0.3094,2.0026,0.47,1.0,2.2633,0.2728,-1.4411,-1.7205,1.4667,-0.9986,-1.3837,-1.0,3.0745
146511,597,2.2813,-2.155,-0.5507,-0.4958,2.2242,-0.2211,-2.8914,-1.0,1.5061,0.2544,1.4261,-0.3985,1.4486,-0.2717,1.3943,1.0,3.0275
146511,598,38.5759,21.4896,-25.3649,-19.568,33.2443,-0.559,-0.8679,1.0,53.4785,-29.6869,30.5469,32.3343,42.5961,0.7004,2.3419,-1.0,90.6476
146511,599,1.1219,-0.8576,0.1348,0.7027,0.8681,0.7401,2.9857,1.0,3.2766,2.6842,-0.5696,1.7877,2.744,0.6125,-0.2091,-1.0,3.1014
146511,600,3.6181,1.2477,0.8662,-3.2821,1.5189,-1.5133,0.6069,1.0,7.6124,2.9528,-1.9015,-6.7529,3.5121,-1.4085,-0.5721,-1.0,2.5894
146511,601,2.8016,-0.757,0.9718,-2.514,1.2318,-1.4618,2.2325,1.0,8.5066,1.8876,0.366,8.2858,1.9227,2.1671,0.1915,-1.0,9.5652
146511,602,47.4199,10.2124,-38.205,26.167,39.5464,0.621,-1.3096,1.0,46.238,-7.5645,39.1264,-23.4489,39.8509,-0.5589,1.7618,-1.0,93.5765
146511,603,1.4591,-1.2431,-0.0396,-0.7556,1.2437,-0.5752,-3.1098,1.0,1.6381,1.5589,-0.0212,0.4913,1.5591,0.3101,-0.0136,-1.0,3.0691
146511,604,50.7667,-29.5217,-38.5849,-14.7281,48.5832,-0.2987,-2.2239,-1.0,59.4657,18.9917,28.8849,-48.3853,34.5691,-1.1378,0.9892,1.0,89.2351
146511,605,13.0004,-8.1399,3.2808,-9.5905,8.7762,-0.9455,2.7585,-1.0,9.3257,-0.7399,-3.5868,-8.5758,3.6623,-1.5868,-1.7742,1.0,9.4601
146511,606,14.0897,7.2909,-11.3397,-4.0942,13.4813,-0.2992,-0.9994,1.0,2.6357,-1.5557,0.4975,-2.066,1.6333,-1.0569,2.8321,-1.0,9.5575
146511,607,1.4523,0.3769,-0.4024,-1.3394,0.5513,-1.6207,-0.8182,-1.0,1.8713,-0.6392,0.1397,1.75,0.6543,1.7102,2.9264,1.0,3.2772
146511,608,7.7124,0.6304,-7.0902,2.9667,7.1182,0.4056,-1.4821,1.0,0.7401,-0.6947,-0.1179,0.2003,0.7046,0.2805,-2.9735,-1.0,3.0748
146511,609,0.8003,0.5156,-0.1376,-0.587,0.5337,-0.9503,-0.2608,-1.0,0.6295,-0.2242,0.4959,-0.2982,0.5443,-0.5236,1.9954,1.0,1.0235
146511,610,4.16,3.9063,-1.236,0.7124,4.0972,0.173,-0.3064,1.0,2.9614,2.3981,0.1551,-1.7273,2.4031,-0.668,0.0646,-1.0,2.9614
146511,611,1.6582,1.4276,0.1004,-0.8309,1.4311,-0.5521,0.0702,1.0,1.7931,-1.5327,-0.4661,-0.7984,1.602,-0.4798,-2.8464,-1.0,3.0186
146511,612,45.684,41.5031,6.5577,17.9305,42.018,0.4147,0.1567,-1.0,48.6601,-43.4302,-10.9465,-19.0207,44.7885,-0.4129,-2.8947,1.0,94.2159
146511,613,58.7936,-24.8803,-49.62,19.3779,55.5083,0.3424,-2.0356,1.0,44.0865,14.1898,6.7437,-41.192,15.7108,-1.6916,0.4437,-1.0,90.3095
146511,614,3.1728,-0.4422,-3.1151,0.3952,3.1463,0.1253,-1.7118,-1.0,3.1525,-0.61,-2.9883,-0.7905,3.05,-0.2564,-1.7721,1.0,1.2224
146511,615,9.3009,5.9751,-2.9483,-6.4885,6.6629,-0.8627,-0.4584,1.0,1.7515,1.284,-1.1854,-0.0545,1.7475,-0.0312,-0.7455,-1.0,3.0925
146511,616,18.2931,-6.0656,-0.7945,17.2395,6.1174,1.7593,-3.0113,1.0,23.078,-6.6981,-4.3213,21.6574,7.9711,1.7249,-2.5686,-1.0,3.083
146511,617,9.3381,-4.3213,5.0367,-6.5687,6.6364,-0.8741,2.2799,-1.0,9.2004,4.1559,-4.5997,6.7977,6.199,0.948,-0.836,1.0,18.5312
146511,618,6.831,6.701,-0.2285,-1.3024,6.7049,-0.1931,-0.0341,-1.0,6.5303,-6.4165,0.407,1.1384,6.4294,0.1761,3.0782,1.0,13.3561
146511,619,9.321,7.7898,-0.4091,5.1011,7.8006,0.6145,-0.0525,1.0,0.4487,0.3927,0.148,0.1186,0.4196,0.279,0.3605,-1.0,1.0864
146511,620,5.4435,3.1932,-2.9676,3.2584,4.3593,0.6911,-0.7488,-1.0,4.3879,-2.5938,0.4884,-3.5037,2.6394,-1.0951,2.9555,1.0,9.4916
146511,621,0.4467,-0.2726,-0.3033,-0.1485,0.4078,-0.3566,-2.303,-1.0,1.866,0.5493,1.5882,-0.8042,1.6805,-0.4619,1.2378,1.0,1.6472
146511,622,49.4819,0.5599,-49.4674,-1.0533,49.4706,-0.0213,-1.5595,-1.0,50.227,5.2924,36.724,-33.8538,37.1033,-0.8181,1.4277,1.0,92.3402
146511,623,13.6477,-7.6424,10.6416,-3.8209,13.1015,-0.2877,2.1936,1.0,11.9913,8.2329,-8.4912,-1.9747,11.8271,-0.1662,-0.8008,-1.0,24.8756
146511,624,45.0531,16.638,-36.1165,-21.1789,39.7646,-0.5102,-1.1391,1.0,45.8375,-17.5621,36.5911,21.3009,40.5874,0.5033,2.0183,-1.0,90.8846
146511,625,0.9024,-0.0525,0.7903,-0.4192,0.7921,-0.5072,1.6372,1.0,0.9767,-0.32,-0.6987,0.5934,0.7685,0.7107,-2.0002,-1.0,1.8312
146511,626,7.0356,-4.7348,1.9879,4.8082,5.1351,0.8356,2.7441,-1.0,5.1019,-2.7976,-1.0541,-4.1329,2.9896,-1.1277,-2.7813,1.0,9.4475
146511,627,0.8138,0.4548,-0.6417,-0.1801,0.7865,-0.227,-0.9542,1.0,0.6183,-0.0745,0.6039,-0.0283,0.6085,-0.0465,1.6936,-1.0,1.3643
146511,628,2.2275,-1.0492,1.2513,1.5113,1.633,0.8277,2.2685,-1.0,2.6724,1.9165,0.0297,1.8592,1.9168,0.86,0.0155,1.0,3.2024
146511,629,14.102,1.4146,3.0428,13.6965,3.3556,2.1143,1.1356,1.0,16.3456,-7.7309,5.7972,13.183,9.6631,1.117,2.4982,-1.0,9.3006
146511,630,50.4431,-32.8845,-28.234,-25.8059,43.3422,-0.5649,-2.4321,-1.0,42.4321,29.4812,23.5766,19.3771,37.7492,0.4931,0.6746,1.0,92.4727
146511,631,4.0067,3.3344,0.7892,2.0741,3.4265,0.5734,0.2324,-1.0,6.3246,-6.2389,-0.7161,0.744,6.2798,0.1182,-3.0273,1.0,9.5055
146511,632,4.1209,-0.3343,1.4772,3.8311,1.5146,1.6581,1.7934,-1.0,17.6593,1.1741,4.5021,17.0351,4.6527,2.0091,1.3157,1.0,1.5898
146511,633,10.221,-2.4639,5.9153,-7.9621,6.4079,-1.0429,1.9655,1.0,11.771,11.5994,1.9209,0.5566,11.7573,0.0473,0.1641,-1.0,16.8506
146511,634,13.176,11.4932,-6.2668,-1.4932,13.0907,-0.1138,-0.4992,1.0,0.7097,0.0803,-0.6342,-0.2896,0.6392,-0.4388,-1.4449,-1.0,2.8399
146511,635,4.7437,-2.6502,2.2427,3.2308,3.4718,0.8314,2.4393,-1.0,9.0522,0.8503,-5.9847,6.7373,6.0448,0.9601,-1.4297,1.0,8.5861
146511,636,1.5195,-1.0312,-0.803,-0.7677,1.307,-0.5579,-2.48,1.0,1.6736,1.2262,1.1213,-0.17,1.6616,-0.1021,0.7407,-1.0,3.0294
146511,637,0.9083,0.8042,0.3961,0.101,0.8965,0.1124,0.4576,-1.0,7.3826,1.7392,-0.4353,7.1608,1.7929,2.0933,-0.2453,1.0,3.0879
146511,638,5.9678,5.2646,1.8822,2.0842,5.591,0.3646,0.3434,1.0,4.1634,-2.7988,-0.0948,-3.079,2.8004,-0.95,-3.1078,-1.0,9.6111
146511,639,26.2031,0.5171,-21.6911,14.6908,21.6973,0.6338,-1.547,-1.0,6.1637,0.2196,-6.0818,-0.971,6.0858,-0.1589,-1.5347,1.0,9.3538
146511,640,5.0823,-3.6559,0.011,-3.5289,3.6559,-0.8566,3.1386,-1.0,0.7599,0.6122,0.2443,-0.363,0.6592,-0.526,0.3798,1.0,3.1073
146511,641,4.7717,-4.0885,-0.0295,-2.4579,4.0886,-0.5698,-3.1344,-1.0,4.7824,4.5529,-0.0823,1.4578,4.5536,0.3149,-0.0181,1.0,9.4896
146511,642,0.9466,-0.8275,0.2897,-0.3409,0.8767,-0.3796,2.8049,-1.0,4.9229,-3.2378,2.0664,3.0773,3.841,0.7336,2.5736,1.0,2.2101
146511,643,34.5144,12.2903,0.9553,-32.2377,12.3274,-1.6892,0.0776,-1.0,13.0681,4.2084,-0.2954,-12.3679,4.2188,-1.7966,-0.0701,1.0,1.3375
146511,644,1.9661,1.3841,-0.4376,-1.3218,1.4516,-0.8167,-0.3062,1.0,25.5435,10.2672,-1.205,-23.3579,10.3376,-1.554,-0.1168,-1.0,3.0396
146511,645,3.8609,1.1663,-3.2113,1.7951,3.4165,0.5038,-1.2224,-1.0,26.9424,-0.1493,-3.1919,26.752,3.1954,2.8216,-1.6175,1.0,9.5847
146511,646,0.7231,-0.3694,-0.2491,0.5597,0.4456,1.0514,-2.5483,-1.0,0.6102,0.4624,0.3321,-0.1926,0.5693,-0.3322,0.6228,1.0,1.2757
146511,647,0.3475,0.1149,-0.2308,-0.2077,0.2578,-0.7369,-1.1089,-1.0,12.5993,-8.9384,0.5838,-8.8597,8.9575,-0.8736,3.0764,1.0,2.7244
146511,648,2.318,-2.2386,-0.4601,-0.3726,2.2854,-0.1623,-2.9389,-1.0,1.4915,0.9071,-0.856,-0.8111,1.2472,-0.6115,-0.7564,1.0,3.0994
146511,649,4.773,0.816,0.1028,4.7005,0.8224,2.4439,0.1254,1.0,4.8514,0.1835,3.723,3.1034,3.7275,0.7579,1.5216,-1.0,4.0118
146511,650,6.5112,0.3853,1.4053,6.3452,1.4572,2.1772,1.3032,1.0,12.0824,2.892,1.4135,11.6452,3.2189,1.9976,0.4546,-1.0,1.8387
146511,651,44.8272,-36.7522,6.0254,24.9488,37.2428,0.6278,2.9791,1.0,44.114,41.2439,-8.9778,-12.8208,42.2097,-0.2993,-0.2143,-1.0,87.9463
146511,652,1.5973,1.055,-0.7579,0.9234,1.299,0.6616,-0.623,-1.0,1.6275,-1.3567,0.5361,-0.7139,1.4588,-0.4717,2.7653,1.0,3.1961
146511,653,1.886,0.9817,-0.2648,1.5849,1.0168,1.2269,-0.2634,-1.0,2.409,0.1382,0.2077,2.3938,0.2495,2.957,0.9838,1.0,1.1662
146511,654,4.832,2.3878,2.2657,3.5358,3.2917,0.9329,0.7592,1.0,8.4182,-5.6366,-3.5647,5.1358,6.6693,0.7091,-2.5777,-1.0,9.3877
146511,655,2.661,-0.0935,-2.0777,-1.6567,2.0798,-0.73,-1.6157,-1.0,34.8348,6.0517,11.4542,-32.3362,12.9546,-1.6458,1.0847,1.0,11.2695
146511,656,4.035,-1.2675,-2.2493,3.099,2.5818,1.0162,-2.0839,1.0,5.6805,1.4462,1.5163,-5.2789,2.0953,-1.6544,0.8091,-1.0,9.4377
146511,657,0.5579,0.4191,-0.3209,0.1462,0.5279,0.2735,-0.6535,-1.0,36.8378,13.6373,-6.5043,33.5967,15.109,1.5394,-0.445,1.0,3.9616
146511,658,6.6797,-4.0445,-1.8472,-4.9837,4.4464,-0.9643,-2.7132,1.0,0.5317,0.4594,0.1228,-0.213,0.4756,-0.4341,0.2611,-1.0,3.0286
146511,659,4.538,-0.0014,-1.8603,-4.1378,1.8603,-1.5397,-1.5715,-1.0,1.179,-0.1101,0.021,-1.1689,0.1121,-3.0396,2.9532,1.0,1.0618
146511,660,2.2518,-2.129,0.2325,0.6876,2.1417,0.3158,3.0328,1.0,1.3391,1.1588,-0.3584,-0.5574,1.213,-0.4448,-0.2999,-1.0,3.4526
146511,661,35.1111,34.0427,6.423,5.7108,34.6434,0.1641,0.1865,-1.0,57.2718,-50.4293,-20.4811,-17.8174,54.4297,-0.3218,-2.7558,1.0,89.0049
146511,662,6.0673,-2.8569,5.012,1.8759,5.7691,0.3197,2.0889,-1.0,5.7443,-1.3416,5.2065,2.0193,5.3766,0.3673,1.823,1.0,1.5149
146511,663,35.1446,-23.9276,-17.205,-19.1465,29.4711,-0.6109,-2.5182,-1.0,36.4214,14.5493,24.0519,23.1588,28.11,0.7512,1.0268,1.0,70.5036
146511,664,3.0393,-1.7796,2.4172,-0.4652,3.0017,-0.1544,2.2054,1.0,5.5367,-3.0801,4.542,0.7266,5.4878,0.132,2.1667,-1.0,1.1974
146511,665,2.3662,0.9626,0.2408,2.1455,0.9923,1.5139,0.2451,1.0,1.7807,1.2617,0.8038,-0.9601,1.496,-0.6043,0.5672,-1.0,3.1229
146511,666,8.5269,-4.8125,3.1546,6.2917,5.7543,0.9459,2.5614,-1.0,6.1303,4.306,3.2465,2.9135,5.3927,0.5169,0.646,1.0,9.427
146511,667,46.8233,25.5283,-36.9223,-13.3214,44.8882,-0.2926,-0.9659,1.0,88.2142,-35.5802,7.7476,-80.3477,36.414,-1.5323,2.9272,-1.0,92.2443
146511,668,2.9981,-0.2318,1.0843,-2.7835,1.1088,-1.6511,1.7814,-1.0,1.6266,-0.8119,0.6664,-1.2375,1.0504,-1.0019,2.4543,1.0,1.032
146511,669,0.5727,0.1319,-0.5385,-0.0972,0.5544,-0.1745,-1.3306,-1.0,3.0169,-2.9973,0.2744,-0.1776,3.0098,-0.059,3.0503,1.0,2.1283
146511,670,3.5638,2.1394,-2.4219,1.4991,3.2315,0.4487,-0.8473,-1.0,2.9808,0.9621,-2.151,1.8225,2.3564,0.7118,-1.1502,1.0,1.1264
146511,671,13.0498,-0.3298,-5.2803,11.9287,5.2906,1.5521,-1.6332,1.0,5.9104,1.8804,-1.8151,5.3001,2.6135,1.4561,-0.7677,-1.0,3.1473
146511,672,52.5211,-45.7764,-22.9123,11.7477,51.1903,0.2275,-2.6775,-1.0,42.1065,37.7791,-7.9134,-16.8243,38.599,-0.4231,-0.2065,1.0,88.963
146511,673,1.3813,-1.0895,-0.7835,0.3094,1.342,0.2286,-2.5181,1.0,1.838,0.5534,1.4629,-0.9595,1.5641,-0.5803,1.2092,-1.0,3.0318
146511,674,2.5461,-1.1789,-2.2285,0.3397,2.5212,0.1344,-2.0574,1.0,2.5815,0.8767,-1.4139,-1.9712,1.6637,-1.0062,-1.0157,-1.0,3.2052
146511,675,0.9955,-0.363,-0.2279,-0.8923,0.4286,-1.4796,-2.581,1.0,0.2741,0.0628,-0.0029,0.245,0.0629,2.0692,-0.0458,-1.0,1.0245
146511,676,45.2892,-18.1544,-41.4106,-2.5847,45.2153,-0.0571,-1.984,1.0,45.0004,15.4712,41.4723,8.1065,44.264,0.1821,1.2137,-1.0,90.0806
146511,677,1.0056,-0.649,-0.7515,-0.1193,0.9929,-0.1199,-2.2832,-1.0,1.3968,0.6802,-0.3762,-1.1557,0.7773,-1.1875,-0.5052,1.0,1.6951
146511,678,2.6019,0.3188,1.5158,2.0879,1.549,1.1073,1.3635,-1.0,4.878,-1.8372,3.2798,3.1066,3.7593,0.7531,2.0814,1.0,1.9136
146511,679,3.712,2.9532,0.6076,-2.1628,3.015,-0.6668,0.2029,1.0,6.7262,4.5182,-3.4479,-3.5957,5.6835,-0.5966,-0.6518,-1.0,3.4509
146511,680,8.8818,-0.7256,3.2377,-8.238,3.3181,-1.6408,1.7913,-1.0,25.1106,4.4322,9.3933,-22.8617,10.3864,-1.5301,1.1299,1.0,3.8746
146511,681,2.8149,1.5941,1.6803,-1.5962,2.3162,-0.6438,0.8117,-1.0,4.9612,1.1216,2.4403,-4.1701,2.6857,-1.2236,1.14,1.0,1.6923
146511,682,0.3534,-0.2231,0.1712,-0.1863,0.2812,-0.6218,2.4871,1.0,1.5127,0.4518,1.3246,0.5642,1.3996,0.3929,1.2421,-1.0,1.0247
146511,683,4.4172,-1.8075,1.9174,-3.5437,2.635,-1.1055,2.3267,1.0,5.0507,1.6119,-1.9772,4.3578,2.551,1.305,-0.8868,-1.0,9.4307
146511,684,2.2977,2.2748,-0.2984,0.0661,2.2943,0.0288,-0.1304,-1.0,1.3557,-0.6656,0.2889,-1.1403,0.7256,-1.2339,2.7321,1.0,3.099
146511,685,14.6011,2.5376,-2.2045,14.2085,3.3614,2.1483,-0.7153,1.0,12.523,3.3632,-1.8233,11.9238,3.8256,1.8548,-0.4968,-1.0,1.3314
146511,686,0.5412,-0.4565,-0.0913,-0.2549,0.4655,-0.5233,-2.9443,1.0,7.053,1.6401,1.9769,-6.5678,2.5686,-1.6682,0.8782,-1.0,2.4832
146511,687,48.6925,-34.6262,-34.2281,0.6385,48.6882,0.0131,-2.362,-1.0,42.7684,23.1364,27.9729,-22.6131,36.3012,-0.5884,0.8797,1.0,87.8127
146511,688,9.3152,-1.9285,-4.4729,-7.9395,4.8709,-1.2648,-1.9779,-1.0,3.163,-0.1151,3.1543,0.1744,3.1564,0.0552,1.6073,1.0,9.4601
146511,689,3.0416,0.3179,0.6305,2.9566,0.7062,2.1391,1.1038,-1.0,35.9214,-9.1596,9.9772,33.27,13.5441,1.6309,2.3135,1.0,3.8792
146511,690,1.7591,-1.2317,-0.6785,-1.0515,1.4062,-0.6913,-2.6381,1.0,8.8537,-1.2997,0.5033,-8.7427,1.3937,-2.5357,2.7722,-1.0,3.2041
146511,691,44.8393,8.8749,-22.423,-37.802,24.1154,-1.2317,-1.1939,-1.0,43.1322,-10.5995,21.963,35.5761,24.3869,1.1717,2.0204,1.0,87.9252
146511,692,11.1647,6.1168,-7.1881,-5.9629,9.4384,-0.5959,-0.8657,-1.0,1.5083,0.3738,-0.9202,-1.1302,0.9932,-0.9756,-1.1849,1.0,1.5561
146511,693,0.7256,-0.4845,-0.1437,0.5098,0.5054,0.8875,-2.8533,-1.0,1.4727,-1.1324,-0.1013,-0.9301,1.1369,-0.7467,-3.0524,1.0,1.4076
146511,694,41.5898,-11.6878,-36.8577,15.3168,38.6664,0.3864,-1.8779,1.0,45.0381,14.1153,40.101,-14.8689,42.5127,-0.343,1.2323,-1.0,86.5319
146511,695,24.5452,-1.8213,5.784,-23.7841,6.0639,-2.0757,1.8759,1.0,3.2561,-2.3352,-0.9706,-2.0484,2.5288,-0.7405,-2.7477,-1.0,8.0714
146511,696,1.8302,0.1728,-0.9801,-1.5324,0.9952,-1.2166,-1.3963,-1.0,6.2457,2.576,2.0156,-5.3197,3.2708,-1.2629,0.6639,1.0,3.1051
146511,697,24.8172,-4.3633,-6.5536,-23.535,7.8733,-1.815,-2.1582,1.0,6.3329,-1.9443,-0.3618,-6.0153,1.9777,-1.8315,-2.9576,-1.0,3.083
146511,698,9.6968,-2.6483,-2.3158,-9.0355,3.518,-1.6723,-2.4231,1.0,5.3187,-1.1347,0.9517,-5.1073,1.4809,-1.9515,2.4437,-1.0,3.0456
146511,699,3.7568,0.0614,0.5495,-3.7144,0.553,-2.6033,1.4596,-1.0,0.8621,0.139,0.6918,-0.4839,0.7056,-0.641,1.3725,1.0,1.4587
146511,700,0.782,-0.0564,-0.5547,0.538,0.5576,0.8563,-1.6721,1.0,2.5276,0.5032,-2.4696,-0.1597,2.5203,-0.0633,-1.3698,-1.0,1.2099
146511,701,0.922,-0.6903,-0.2481,0.5485,0.7335,0.6914,-2.7966,-1.0,0.6795,-0.1263,0.3266,-0.5727,0.3502,-1.2675,1.9396,1.0,1.3752
146511,702,2.5495,-2.1982,-0.3947,1.2251,2.2334,0.5242,-2.9639,-1.0,2.7447,2.3462,0.8077,-1.1684,2.4813,-0.455,0.3316,1.0,5.2757
146511,703,44.2416,-15.2751,-1.5926,41.4902,15.3579,1.7196,-3.0377,1.0,48.4083,27.2687,0.1824,-39.9967,27.2693,-1.1762,0.0067,-1.0,91.8473
146511,704,1.2764,0.2442,-0.5533,-1.119,0.6048,-1.3746,-1.1551,-1.0,8.7725,4.9577,2.3072,-6.8588,5.4682,-1.0503,0.4356,1.0,2.6828
146511,705,6.3819,4.0229,0.1082,4.9519,4.0244,1.0353,0.0269,-1.0,2.5467,1.0456,-1.7647,1.5056,2.0513,0.6803,-1.0359,1.0,3.096
146511,706,5.5972,4.7141,2.8781,-0.9003,5.5233,-0.1623,0.5481,-1.0,9.7659,5.0081,-6.0866,-5.7648,7.8821,-0.6782,-0.8823,1.0,9.3158
146511,707,5.5521,3.3144,4.351,0.9476,5.4696,0.1724,0.9198,1.0,14.5472,11.1915,-2.1135,9.0495,11.3893,0.7284,-0.1867,-1.0,9.4134
146511,708,9.6728,3.4158,5.5793,7.1243,6.5419,0.9429,1.0214,1.0,2.9282,1.5522,0.9119,2.307,1.8002,1.0671,0.5311,-1.0,1.7376
146511,709,5.0191,-3.6082,3.4873,-0.0153,5.018,-0.003,2.3732,1.0,4.5984,4.5674,-0.5222,0.0244,4.5972,0.0053,-0.1138,-1.0,9.0987
146511,710,51.0226,27.4358,18.43,38.8703,33.0513,1.0006,0.5915,-1.0,44.4878,-9.6836,-40.7786,-14.9161,41.9126,-0.3488,-1.8039,1.0,87.9422
146511,711,1.495,-0.6229,0.4003,1.2944,0.7404,1.325,2.5703,1.0,1.643,0.6328,-0.5663,-1.4026,0.8492,-1.2761,-0.73,-1.0,3.1317
146511,712,9.7268,3.2096,-2.59,8.8085,4.1242,1.5028,-0.679,-1.0,99.0542,24.2417,1.86,96.0239,24.313,2.0824,0.0766,1.0,9.4523
146511,713,44.1546,12.8312,-5.9071,41.834,14.1256,1.8062,-0.4314,1.0,44.9617,-15.9299,8.0972,-41.2579,17.8697,-1.5738,2.6713,-1.0,89.0335
146511,714,5.8613,-5.5624,1.5419,1.0127,5.7722,0.1746,2.8712,-1.0,4.7409,1.9009,-3.3589,-2.7513,3.8594,-0.6632,-1.0558,1.0,9.6268
146511,715,0.4994,0.4709,-0.1219,0.0402,0.4864,0.0826,-0.2532,-1.0,1.0308,-0.1796,-0.2162,0.9861,0.281,1.9681,-2.2641,1.0,1.0435
146511,716,1.7342,0.8109,1.527,0.0838,1.7289,0.0485,1.0826,1.0,1.5146,-0.4455,-1.3875,0.3989,1.4573,0.2704,-1.8815,-1.0,3.1888
146511,717,4.1384,2.3357,1.7344,-2.9414,2.9093,-0.8892,0.6387,1.0,1.3441,0.0574,-0.7022,-1.1398,0.7045,-1.2583,-1.4892,-1.0,2.5709
146511,718,10.0391,-0.3883,-2.2931,-9.7654,2.3258,-2.1418,-1.7386,1.0,8.3958,0.6083,-4.485,-7.0706,4.5261,-1.2288,-1.436,-1.0,3.2256
146511,719,61.6404,-26.3894,9.8201,54.8333,28.1573,1.4199,2.7853,1.0,44.374,32.5204,-29.3045,-7.2602,43.7759,-0.1651,-0.7334,-1.0,92.5127
146511,720,42.572,35.3308,19.5834,-13.4383,40.3952,-0.3268,0.5061,-1.0,44.1164,-29.1793,-19.2759,26.8934,34.9713,0.7083,-2.5578,1.0,85.4161
146511,721,4.7662,-0.2259,2.156,4.2434,2.1678,1.4245,1.6752,1.0,15.355,0.8284,7.6685,13.2767,7.7131,1.3116,1.4632,-1.0,1.0118
146511,722,1.6086,0.9291,0.8265,1.0148,1.2436,0.7452,0.727,-1.0,3.6653,2.179,-0.9568,-2.7857,2.3798,-0.997,-0.4138,1.0,3.8731
146511,723,42.4083,4.552,10.4413,-40.8499,11.3904,-1.9892,1.1597,-1.0,46.2944,-7.0377,-14.3318,43.4538,15.9665,1.7265,-2.0273,1.0,88.5443
146511,724,5.2477,0.0308,-3.0093,4.2977,3.0095,1.1542,-1.5606,-1.0,2.2314,0.9125,-0.4175,1.9902,1.0035,1.4362,-0.4291,1.0,1.9405
146511,725,3.1115,-0.1713,1.01,2.9361,1.0244,1.7752,1.7388,1.0,32.9085,-5.1953,10.2242,30.8453,11.4685,1.7154,2.0409,-1.0,1.117
146511,726,16.1282,1.0486,-15.9788,-1.9201,16.0131,-0.1196,-1.5053,1.0,17.32,1.1785,17.1399,2.1925,17.1804,0.1273,1.5021,-1.0,33.3527
146511,727,0.5735,-0.2398,0.4506,0.2391,0.5104,0.4528,2.0598,-1.0,0.5822,0.0145,-0.495,-0.2873,0.4953,-0.5517,-1.5416,1.0,1.1316
146511,728,1.7253,1.4761,-0.8434,-0.2743,1.7001,-0.1607,-0.5191,-1.0,5.5988,-1.6656,-4.517,-2.8561,4.8143,-0.563,-1.9241,1.0,3.8823
146511,729,0.4212,0.1351,-0.368,-0.112,0.392,-0.282,-1.219,1.0,6.0299,-1.861,-4.273,3.8245,4.6607,0.7487,-1.9816,-1.0,1.821
146511,730,1.0765,-0.7098,-0.5523,-0.5821,0.8994,-0.6089,-2.4803,-1.0,0.6896,0.0202,0.4787,-0.4846,0.4791,-0.8894,1.5286,1.0,1.2249
146511,731,2.566,1.7261,-0.8608,-1.689,1.9289,-0.7906,-0.4626,1.0,2.0324,-1.3304,1.2364,0.9061,1.8162,0.4803,2.3928,-1.0,4.4983
146511,732,11.5027,-6.8647,-5.376,-7.5017,8.7193,-0.7791,-2.4772,1.0,10.8521,6.797,5.6643,6.2827,8.8478,0.6609,0.6948,-1.0,22.3196
146511,733,1.0953,-0.3932,-0.7623,0.6729,0.8578,0.7205,-2.047,-1.0,1.6211,0.5154,1.5139,0.2431,1.5992,0.1514,1.2426,1.0,2.4413
146511,734,1.5819,-0.6256,1.0448,1.0042,1.2178,0.7518,2.1103,-1.0,5.2636,-0.7913,2.4761,4.5757,2.5995,1.331,1.8801,1.0,1.1497
146511,735,1.4554,0.2799,0.4928,1.3363,0.5667,1.5932,1.0543,-1.0,1.6528,-0.2236,-0.4909,-1.5587,0.5394,-1.7829,-1.9982,1.0,3.0997
146511,736,1.9339,-1.5243,0.2811,1.1517,1.55,0.6876,2.9593,-1.0,8.3752,-7.8671,2.8524,0.3253,8.3682,0.0389,2.7938,1.0,2.4657
146511,737,7.5996,-7.4492,-1.4865,0.2077,7.596,0.0273,-2.9446,-1.0,12.6663,10.0604,-7.683,0.429,12.6586,0.0339,-0.6522,1.0,17.8719
146511,738,4.6908,1.7277,-0.5087,-4.3299,1.8011,-1.611,-0.2863,-1.0,13.5071,0.199,4.0342,-12.8886,4.0391,-1.8772,1.5215,1.0,4.3061
146511,739,7.3744,-2.1811,-2.2273,-6.6822,3.1174,-1.5061,-2.3457,-1.0,27.0663,-8.1734,-10.2005,-23.7006,13.0711,-1.3568,-2.2463,1.0,1.1737
146511,740,1.655,-0.2882,1.3224,0.9465,1.3535,0.6521,1.7854,1.0,3.8704,2.9053,-0.7177,-2.4522,2.9926,-0.7478,-0.2422,-1.0,4.5878
146511,741,6.5128,-0.6889,-1.3861,-6.3253,1.5479,-2.1155,-2.0321,-1.0,2.7225,-0.9255,-1.1275,-2.2963,1.4587,-1.2353,-2.2581,1.0,1.4261
146511,742,5.1425,3.1217,4.0852,0.0042,5.1414,0.0008,0.9183,-1.0,4.485,-2.3878,-3.795,-0.0021,4.4837,-0.0005,-2.1324,1.0,9.5951
146511,743,8.1713,0.4006,-0.5088,-8.1449,0.6475,-3.2267,-0.9038,1.0,6.7382,0.2116,0.1964,6.7312,0.2887,3.8427,0.7483,-1.0,14.8264
146511,744,10.589,-1.2874,10.4901,-0.6451,10.5688,-0.061,1.6929,-1.0,9.7677,-1.2632,-7.3137,-6.3491,7.422,-0.7754,-1.7418,1.0,18.6783
146511,745,3.5183,-0.7312,-0.474,-3.407,0.8714,-2.0726,-2.5664,1.0,3.6737,-0.8461,-1.5981,-3.1961,1.8082,-1.3346,-2.0577,-1.0,1.1583
146511,746,2.2685,0.6219,-0.805,2.0249,1.0173,1.4394,-0.913,-1.0,1.2223,0.4629,1.0777,-0.3271,1.1729,-0.2754,1.1651,1.0,2.8376
146511,747,3.0435,1.4459,-2.6612,-0.2812,3.0286,-0.0927,-1.0731,1.0,3.0801,1.1773,-2.4748,1.4019,2.7406,0.4915,-1.1268,-1.0,1.7271
146511,748,13.9082,6.3204,5.8931,-10.8973,8.6415,-1.0545,0.7504,1.0,33.4274,1.2226,18.4084,-27.8751,18.4489,-1.2008,1.5045,-1.0,9.482
146511,749,18.3064,-7.5726,6.2379,15.455,9.811,1.2358,2.4525,1.0,8.0096,2.1927,5.4094,5.4839,5.8369,0.838,1.1857,-1.0,9.46
146511,750,0.4015,0.2796,-0.0741,-0.2576,0.2892,-0.8019,-0.2591,-1.0,1.6454,-0.7528,0.977,-1.0839,1.2334,-0.793,2.2273,1.0,1.1622
146511,751,1.2256,0.1561,-0.3994,-1.1433,0.4288,-1.7072,-1.1983,-1.0,0.7735,-0.6277,0.2969,0.3242,0.6943,0.4514,2.6998,1.0,1.7586
146511,752,0.8378,0.597,-0.0611,-0.575,0.6001,-0.8515,-0.102,-1.0,0.8602,-0.3607,0.1117,0.7656,0.3776,1.4559,2.8413,1.0,1.6698
146511,753,0.7809,-0.5809,-0.3073,-0.4084,0.6571,-0.5872,-2.6551,1.0,2.4776,1.5353,-0.6153,-1.8417,1.654,-0.9594,-0.3812,-1.0,1.9476
146511,754,1.8309,0.6297,-1.7127,-0.1047,1.8248,-0.0574,-1.2185,1.0,1.6997,0.3073,1.0599,1.2884,1.1035,0.995,1.2886,-1.0,3.124
146511,755,2.1876,0.6215,1.1627,1.7425,1.3184,1.0916,1.0799,-1.0,3.3669,-0.481,1.3401,3.0492,1.4238,1.5053,1.9154,1.0,1.2682
146511,756,0.319,-0.2989,0.0306,-0.018,0.3004,-0.0599,3.0395,-1.0,5.9642,-2.5615,0.2131,5.3809,2.5704,1.4847,3.0586,1.0,1.5737
146511,757,65.5426,-44.7343,14.2317,-45.7397,46.9435,-0.8631,2.8336,1.0,30.9155,18.0516,-7.3191,24.0069,19.479,1.0366,-0.3852,-1.0,89.8449
146511,758,0.4075,0.2068,0.1569,0.2958,0.2596,0.9765,0.6491,1.0,3.3141,-0.688,0.3338,-3.2229,0.7647,-2.1455,2.6899,-1.0,2.1931
146511,759,40.7032,-2.808,9.2239,39.5446,9.6419,2.119,1.8663,1.0,15.8079,-4.0151,2.0369,15.1528,4.5022,1.9281,2.6721,-1.0,5.3232
146511,760,1.3889,0.9701,-0.9715,-0.1819,1.3729,-0.1321,-0.7861,-1.0,2.3361,-0.4767,1.4703,-1.7485,1.5456,-0.9712,1.8843,1.0,3.1076
146511,761,44.5753,-13.2461,-21.6188,36.6622,25.3542,1.1644,-2.1205,-1.0,30.7705,20.935,8.0457,21.0667,22.4278,0.8378,0.3669,1.0,45.837
146511,762,2.5721,-1.2672,1.7497,-1.3919,2.1603,-0.6065,2.1976,-1.0,0.3259,-0.1822,-0.1967,-0.1521,0.2681,-0.5407,-2.3182,1.0,1.2253
146511,763,1.8279,-0.5417,1.2391,-1.2253,1.3523,-0.8134,1.9829,-1.0,2.1975,-1.9684,-0.9365,-0.2569,2.1798,-0.1176,-2.6975,1.0,2.7595
146511,764,68.3278,44.8843,24.6553,-45.2349,51.2102,-0.7964,0.5023,-1.0,29.7545,-26.6261,3.0023,12.9367,26.7948,0.4658,3.0293,1.0,86.4793
146511,765,0.9128,0.8749,-0.1914,-0.1411,0.8956,-0.1569,-0.2154,-1.0,1.9886,1.736,0.931,0.2508,1.9699,0.127,0.4922,1.0,1.0209
146511,766,1.3244,-1.3182,0.0661,0.0318,1.3198,0.0241,3.0915,1.0,12.9736,0.6701,6.5939,11.1523,6.6278,1.292,1.4695,-1.0,5.8798
146511,767,4.1855,3.2431,0.6229,-2.5694,3.3023,-0.7154,0.1897,1.0,2.2056,-2.1341,0.5464,-0.0301,2.2029,-0.0137,2.891,-1.0,5.6118
146511,768,1.6219,-0.1925,-1.4006,0.7879,1.4137,0.5319,-1.7074,1.0,0.3867,0.2059,-0.2009,-0.2359,0.2877,-0.7482,-0.7729,-1.0,1.0794
146511,769,0.7049,0.2266,-0.0534,0.6569,0.2328,1.7606,-0.2313,1.0,11.6329,11.5088,1.158,1.2327,11.5669,0.1064,0.1003,-1.0,3.1162
146511,770,1.2829,-1.2638,-0.1128,0.1576,1.2688,0.1239,-3.0525,-1.0,2.3576,-0.7207,-2.1759,-0.5414,2.2921,-0.234,-1.8907,1.0,1.9823
146511,771,1.281,-1.0173,0.7055,-0.3118,1.238,-0.2493,2.5353,-1.0,6.1183,-3.1564,1.8469,4.9039,3.657,1.1032,2.6122,1.0,3.1189
146511,772,0.978,0.1457,0.1538,-0.9489,0.2118,-2.2049,0.8126,1.0,2.5249,0.9417,-0.349,2.3142,1.0043,1.572,-0.3549,-1.0,3.0308
146511,773,3.094,-2.9673,-0.4233,-0.7601,2.9973,-0.2509,-2.9999,1.0,10.7292,0.5208,2.2871,10.4691,2.3456,2.2013,1.3469,-1.0,9.3464
146511,774,2.6529,-0.6729,0.848,2.4197,1.0825,1.5442,2.2416,-1.0,14.1841,-1.3739,4.2026,13.477,4.4215,1.8335,1.8868,1.0,1.0411
146511,775,4.8764,1.291,0.566,4.667,1.4096,1.9124,0.4132,1.0,14.0463,-3.7645,-11.2395,7.5359,11.8531,0.5993,-1.894,-1.0,9.4401
146511,776,1.8647,1.3665,-1.1997,-0.399,1.8184,-0.2177,-0.7205,1.0,2.1521,-0.6156,-0.7237,1.9281,0.95,1.4567,-2.2756,-1.0,3.0875
146511,777,3.2912,0.3905,0.4287,-3.238,0.5799,-2.4209,0.832,1.0,6.4397,1.5339,2.2184,-5.8467,2.6971,-1.5163,0.9658,-1.0,1.2031
146511,778,25.1884,7.9444,5.3059,23.3061,9.5533,1.6246,0.5888,-1.0,8.8852,-2.7418,0.9434,8.3981,2.8995,1.7851,2.8102,1.0,9.4724
146511,779,12.0982,-1.037,6.1963,10.3385,6.2825,1.2729,1.7366,-1.0,9.7889,-2.4072,9.418,1.1476,9.7208,0.1178,1.821,1.0,9.5625
146511,780,1.9733,-0.9206,1.6514,0.5552,1.8906,0.2896,2.0794,1.0,1.6066,0.4223,-0.0386,-1.5461,0.424,-2.0051,-0.0911,-1.0,2.9975
146511,781,48.0643,44.627,-16.7595,-6.1413,47.6703,-0.1285,-0.3592,-1.0,48.268,-44.8181,16.821,6.1791,47.8707,0.1287,2.7825,1.0,96.3321
146511,782,3.6705,1.5439,1.4384,-3.0014,2.1102,-1.1509,0.7501,-1.0,0.9704,-0.8835,-0.3451,-0.1757,0.9485,-0.1842,-2.7692,1.0,3.1324
146511,783,2.5134,0.222,1.4572,2.0331,1.474,1.1259,1.4196,-1.0,16.0032,4.9829,2.6629,14.9724,5.6498,1.7016,0.4908,1.0,3.1007
146511,784,40.3408,1.3107,22.1833,33.6682,22.222,1.2031,1.5118,1.0,90.5455,-26.4007,-76.6898,40.2511,81.1068,0.4779,-1.9023,-1.0,89.8147
146511,785,8.9006,-2.9976,6.1183,5.7263,6.8132,0.764,2.0264,-1.0,9.0115,2.912,-6.1283,-5.9296,6.785,-0.7894,-1.1272,1.0,17.9108
146511,786,4.6739,-1.9664,1.0913,-4.0959,2.2489,-1.3607,2.635,1.0,4.7336,1.7869,-1.0641,4.251,2.0797,1.4631,-0.5371,-1.0,9.4045
146511,787,8.4242,-4.5173,6.5241,-2.8261,7.9353,-0.349,2.1764,1.0,10.3409,5.0588,-8.6017,2.7097,9.979,0.2683,-1.0392,-1.0,18.6415
146511,788,15.3786,-12.15,-3.5236,-8.7436,12.6507,-0.6454,-2.8593,-1.0,1.7327,0.2158,0.5224,1.6345,0.5652,1.7837,1.1791,1.0,9.53
146511,789,3.0568,-0.7857,-0.7777,-2.8479,1.1055,-1.6751,-2.3613,-1.0,32.2378,-13.4309,0.4452,-29.3032,13.4383,-1.5216,3.1085,1.0,3.1291
146511,790,2.925,1.8066,2.1703,0.7554,2.8239,0.2644,0.8766,1.0,3.0645,1.404,-0.1638,2.717,1.4136,1.4082,-0.1161,-1.0,3.0795
146511,791,0.5245,-0.0404,-0.4825,-0.1718,0.4842,-0.3477,-1.6544,1.0,13.2999,6.689,2.6042,-11.196,7.178,-1.2275,0.3713,-1.0,3.6305
146511,792,9.3521,-5.2257,7.672,1.1328,9.2827,0.1217,2.1688,-1.0,9.1279,5.3193,-7.1928,-1.81,8.946,-0.201,-0.934,1.0,18.4611
146511,793,4.8153,4.4421,0.3932,1.8136,4.4595,0.3962,0.0883,1.0,4.0208,-3.4259,0.3364,2.0751,3.4424,0.5712,3.0437,-1.0,7.8352
146511,794,7.281,-3.6981,1.3559,6.1227,3.9388,1.2246,2.7902,1.0,2.0874,-0.8552,1.1009,1.5501,1.394,0.9584,2.2312,-1.0,1.4585
146511,795,6.1234,-2.0801,3.4759,-4.591,4.0507,-0.9726,2.1101,-1.0,3.1042,-1.4622,0.8894,-2.5876,1.7115,-1.2014,2.5952,1.0,1.4192
146511,796,23.9344,-4.8203,-2.0375,-23.355,5.2332,-2.2013,-2.7417,-1.0,28.7064,-0.0155,0.0469,28.7061,0.0494,7.0573,1.8899,1.0,52.1063
146511,797,50.4417,14.6999,-43.7435,20.3658,46.1474,0.4281,-1.2466,1.0,49.4388,-15.2076,42.909,-19.2803,45.5242,-0.4118,1.9114,-1.0,99.8698
146511,798,3.8673,1.1387,-0.8846,-3.5869,1.4419,-1.6426,-0.6604,-1.0,12.9133,3.4174,2.7977,-12.1341,4.4166,-1.7354,0.686,1.0,3.1656
146511,799,3.844,-0.2218,3.1484,2.1918,3.1562,0.6481,1.6411,-1.0,2.6082,0.2344,-0.1204,2.5927,0.2635,2.9821,-0.4745,1.0,3.0937
146511,800,1.4567,-1.0102,0.8528,-0.6025,1.322,-0.4412,2.4405,-1.0,1.6319,1.3709,-0.8452,0.2413,1.6105,0.1493,-0.5525,1.0,3.0461
146511,801,10.108,9.2355,2.2939,-3.4065,9.5161,-0.3507,0.2434,-1.0,3.7399,2.5007,0.525,-2.7288,2.5552,-0.9286,0.2069,1.0,2.9046
146511,802,38.2988,5.5503,-19.2184,32.6594,20.0038,1.2662,-1.2896,-1.0,63.7561,-16.7186,-9.8307,-60.7345,19.3947,-1.8592,-2.61,1.0,93.0506
146511,803,4.4496,2.9338,-1.1209,3.1502,3.1407,0.8835,-0.3649,-1.0,3.2385,0.0422,0.4833,3.2002,0.4852,2.5853,1.4837,1.0,3.0847
146511,804,6.9346,-5.5058,3.2488,-2.6851,6.3928,-0.4086,2.6085,1.0,6.2902,5.2553,-2.3094,2.5699,5.7404,0.4339,-0.414,-1.0,13.1886
146511,805,0.9317,-0.5924,0.598,0.3852,0.8417,0.443,2.3515,1.0,9.6647,3.6255,6.7758,-5.86,7.6848,-0.7032,1.0795,-1.0,4.3288
146511,806,9.0125,0.4512,-1.4638,8.8807,1.5318,2.4579,-1.2718,-1.0,14.1877,-3.0111,-3.2843,13.4695,4.4557,1.8257,-2.3128,1.0,3.1016
146511,807,2.4228,1.1603,0.1716,2.1173,1.173,1.3529,0.1469,1.0,10.5274,2.2877,-2.962,9.839,3.7427,1.6941,-0.9131,-1.0,2.2532
146511,808,0.7559,-0.0951,-0.7394,0.0661,0.7455,0.0886,-1.6987,1.0,1.5748,-0.1982,1.1559,1.0456,1.1728,0.8026,1.7406,-1.0,1.984
146511,809,45.3066,-39.325,-17.78,13.7874,43.1576,0.3143,-2.717,-1.0,57.523,39.656,28.3117,30.5734,48.7253,0.5922,0.62,1.0,92.1684
146511,810,0.8227,-0.1672,-0.664,0.4436,0.6848,0.6094,-1.8174,-1.0,2.0194,-1.8627,0.5633,0.5292,1.946,0.2687,2.8479,1.0,1.7324
146511,811,0.5741,0.1198,0.0142,-0.5513,0.1206,-2.2246,0.1177,-1.0,1.0873,0.7068,-0.0191,0.8192,0.7071,0.9892,-0.027,1.0,1.4161
146511,812,88.5819,-62.2831,7.1156,62.5853,62.6882,0.8802,3.0278,1.0,105.9971,26.3074,13.438,101.7974,29.5408,1.9508,0.4723,-1.0,95.5123
146511,813,3.242,0.3586,2.1057,-2.4365,2.136,-0.9774,1.4021,1.0,2.9197,-0.2541,-0.9298,-2.7539,0.9639,-1.7722,-1.8376,-1.0,3.1035
146511,814,4.3283,-1.9878,0.7213,3.7751,2.1147,1.3432,2.7935,1.0,1.6114,0.7106,-1.1867,-0.8199,1.3832,-0.5626,-1.0312,-1.0,4.9699
146511,815,51.7237,38.3094,-34.4721,-4.4036,51.5358,-0.0853,-0.7327,-1.0,50.8074,-44.5981,4.9814,-23.8238,44.8754,-0.5087,3.0304,1.0,93.8434
146511,816,62.5033,22.6475,-21.5324,-54.1304,31.2499,-1.317,-0.7602,-1.0,37.2306,-3.0885,-10.1644,35.6826,10.6233,1.9262,-1.8658,1.0,90.6602
146511,817,2.519,-2.4518,-0.2957,0.4851,2.4696,0.1952,-3.0216,1.0,4.0022,-3.3812,-2.0211,-0.6994,3.9392,-0.1766,-2.6028,-1.0,1.7575
146511,818,1.6926,-1.5238,-0.0733,0.7256,1.5256,0.4593,-3.0936,1.0,1.4182,1.3215,-0.3186,-0.3904,1.3593,-0.2834,-0.2366,-1.0,3.0612
146511,819,4.182,0.03,0.7462,-4.1134,0.7468,-2.4075,1.5306,1.0,2.0605,0.3306,1.0788,-1.7209,1.1283,-1.2087,1.2734,-1.0,1.212
146511,820,5.5175,3.5211,0.3093,-4.2354,3.5346,-1.0149,0.0876,1.0,1.6319,0.4491,0.1809,-1.5548,0.4842,-1.8832,0.383,-1.0,1.2591
146511,821,14.8161,-10.0178,-1.7236,-10.7786,10.1649,-0.9234,-2.9712,-1.0,13.347,-6.903,-0.6024,-11.4068,6.9292,-1.2732,-3.0545,1.0,3.0397
146511,822,21.4166,19.6139,0.5881,8.5795,19.6228,0.4244,0.03,-1.0,19.8456,-19.267,-4.6904,-0.7851,19.8297,-0.0396,-2.9028,1.0,40.3096
146511,823,2.0051,1.9302,0.3217,0.4245,1.9568,0.2153,0.1651,-1.0,5.4388,2.6806,-2.367,4.0965,3.5761,0.9806,-0.7233,1.0,3.0871
146511,824,8.049,-5.6912,2.7661,-4.9735,6.3278,-0.7217,2.6892,1.0,8.4305,2.7386,-0.5201,-7.9556,2.7875,-1.7712,-0.1877,-1.0,9.5211
146511,825,7.7311,1.4183,7.2035,2.4201,7.3417,0.3239,1.3764,1.0,19.5093,4.9162,17.4196,7.2794,18.1001,0.3921,1.2957,-1.0,1.2393
146511,826,18.3459,1.6067,3.0831,-18.0131,3.4767,-2.3474,1.0904,1.0,9.9471,3.0479,1.8702,-9.2815,3.5759,-1.6821,0.5504,-1.0,3.0488
146511,827,20.6559,0.6024,-4.0539,-20.2449,4.0985,-2.3005,-1.4233,1.0,24.8715,-2.2642,-6.5493,-23.8864,6.9296,-1.9511,-1.9037,-1.0,3.1588
146511,828,46.6597,-7.7482,45.7367,-5.023,46.3884,-0.1081,1.7386,-1.0,45.9619,0.3227,-45.0674,9.0171,45.0686,0.1988,-1.5636,1.0,92.2346
146511,829,4.0204,-0.0958,3.3899,2.1569,3.3912,0.5995,1.5991,-1.0,4.347,-1.367,3.5963,2.0207,3.8474,0.5036,1.934,1.0,1.2708
146511,830,3.2324,0.4865,-0.0668,3.1931,0.4911,2.5712,-0.1365,1.0,0.8804,0.2147,-0.3304,-0.7802,0.394,-1.4347,-0.9946,-1.0,3.2317
146511,831,1.6326,0.2817,-0.0958,1.6017,0.2975,2.3851,-0.3277,-1.0,1.6159,0.7404,0.3304,-1.3938,0.8108,-1.3104,0.4197,1.0,3.0675
146511,832,0.5911,0.1619,0.0875,-0.5517,0.184,-1.8178,0.4958,-1.0,0.7009,0.2567,-0.411,0.4952,0.4846,0.8968,-1.0125,1.0,1.1774
146511,833,1.6864,-1.6648,0.1159,-0.2182,1.6689,-0.1304,3.0721,1.0,2.3315,0.7203,0.6068,-2.1302,0.9418,-1.5549,0.7001,-1.0,3.0355
146511,834,35.3891,13.154,-15.9709,-28.7103,20.6905,-1.1308,-0.8818,-1.0,2.8273,1.6802,-1.4732,-1.7291,2.2345,-0.7121,-0.7198,1.0,3.0979
146511,835,0.8969,0.1904,0.684,-0.5377,0.71,-0.699,1.2993,-1.0,2.7184,0.0052,-2.4714,1.1274,2.4714,0.4417,-1.5687,1.0,3.0805
146511,836,5.498,-1.7071,2.1762,-4.7505,2.7659,-1.3097,2.236,1.0,4.9363,3.0104,1.5902,3.5728,3.4045,0.9159,0.486,-1.0,9.5709
146511,837,47.1335,-23.4161,-30.4251,27.3414,38.3927,0.6626,-2.2267,1.0,47.0811,22.8688,29.803,-28.3799,37.566,-0.6975,0.9163,-1.0,94.2053
146511,838,3.5342,-0.466,-0.4155,3.477,0.6244,2.4183,-2.4135,-1.0,3.7519,0.298,0.47,-3.7089,0.5565,-2.5955,1.0058,1.0,7.2803
146511,839,6.39,-2.6926,-2.9751,4.9719,4.0126,1.0407,-2.3064,1.0,3.3757,-0.9381,-2.7858,1.6565,2.9395,0.5373,-1.8956,-1.0,2.2505
146511,840,0.6722,0.2696,-0.5961,-0.1125,0.6542,-0.1711,-1.1461,1.0,3.6894,0.3071,-3.0303,2.0792,3.0459,0.6384,-1.4698,-1.0,1.2928
146511,841,4.7611,0.3866,-1.8758,-4.3576,1.9152,-1.5603,-1.3675,1.0,4.6926,-0.103,0.5154,4.6619,0.5256,2.8789,1.768,-1.0,9.346
146511,842,1.3119,0.4618,0.9831,0.7282,1.0861,0.6283,1.1316,-1.0,7.0861,-1.4402,-2.3932,-6.5115,2.7931,-1.5827,-2.1125,1.0,5.8425
146511,843,3.3659,2.8501,-1.7875,-0.0054,3.3643,-0.0016,-0.5602,1.0,0.9867,0.493,-0.7687,-0.3582,0.9132,-0.3829,-1.0006,-1.0,1.0499
146511,844,0.8414,0.3649,-0.6336,0.4027,0.7312,0.5262,-1.0483,1.0,6.0008,-2.5253,-5.4408,-0.1396,5.9982,-0.0233,-2.0053,-1.0,2.2763
146511,845,41.1991,-18.5614,23.743,-28.091,30.1373,-0.8325,2.2343,-1.0,49.657,19.6049,-30.1898,34.2056,35.9969,0.8457,-0.9949,1.0,90.4145
146511,846,1.0114,-0.3906,-0.6177,-0.6911,0.7309,-0.8424,-2.1346,1.0,10.2709,1.0725,-4.0822,-9.363,4.2207,-1.5372,-1.3139,-1.0,1.9109
146511,847,1.33,0.0905,-1.32,-0.0841,1.3231,-0.0635,-1.5024,-1.0,5.3642,5.109,-1.3402,0.9301,5.2819,0.1752,-0.2565,1.0,3.1598
146511,848,0.7959,-0.5654,-0.2595,0.485,0.6221,0.7167,-2.7112,1.0,39.662,-9.1711,7.9052,37.7686,12.1079,1.8555,2.4302,-1.0,4.5001
146511,849,40.7525,-40.1357,-1.0227,-6.9878,40.1487,-0.1732,-3.1161,-1.0,49.7492,43.234,9.1514,22.8483,44.1919,0.4964,0.2086,1.0,88.6754
146511,850,9.9546,6.7524,-3.342,-6.5053,7.5342,-0.7814,-0.4596,-1.0,0.7176,0.6157,0.122,-0.3313,0.6277,-0.506,0.1956,1.0,1.5806
146511,851,2.2248,0.5595,-1.9943,0.8052,2.0713,0.3795,-1.2973,1.0,0.8408,-0.2916,0.2082,0.7532,0.3583,1.4883,2.5216,-1.0,1.9254
146511,852,6.0152,-2.0841,-2.7919,-4.9024,3.484,-1.1421,-2.212,1.0,4.8017,-2.6935,2.5147,3.0767,3.685,0.7597,2.3905,-1.0,9.5273
146511,853,40.2111,36.1666,-12.2708,-12.5827,38.1916,-0.3238,-0.3271,-1.0,69.5183,-56.4302,2.1824,-40.542,56.4724,-0.6673,3.1029,1.0,93.3055
146511,854,28.2805,-17.0288,6.1081,21.7367,18.0912,1.0169,2.7972,1.0,6.6046,1.8104,-1.6871,6.1226,2.4746,1.6376,-0.7501,-1.0,13.7726
146511,855,1.4954,0.1267,-0.8294,1.2333,0.839,1.178,-1.4192,-1.0,0.7633,0.2191,0.4814,-0.5402,0.5289,-0.8965,1.1437,1.0,2.093
146511,856,1.1813,-0.0517,0.4959,1.0657,0.4986,1.5034,1.6747,1.0,19.234,5.6041,-2.3352,18.2504,6.0711,1.8204,-0.3948,-1.0,3.0761
146511,857,45.2402,15.7726,24.4476,34.644,29.094,1.01,0.9978,1.0,43.1402,-20.184,-20.2129,-32.3281,28.5649,-0.9715,-2.3555,-1.0,88.1382
146511,858,6.2293,-5.8868,1.7168,1.0919,6.132,0.1771,2.8578,1.0,10.486,-9.3593,4.2409,-2.0891,10.2753,-0.2019,2.7161,-1.0,3.2363
146511,859,5.5605,1.1174,-0.5656,-5.4166,1.2524,-2.1706,-0.4686,1.0,18.7166,3.1486,-4.9261,-17.7798,5.8464,-1.8314,-1.0021,-1.0,1.7173
146511,860,1.1681,0.7994,-0.8449,-0.0182,1.1631,-0.0156,-0.8131,-1.0,3.4381,-2.6457,-1.2791,1.7815,2.9387,0.5742,-2.6913,1.0,3.1918
146511,861,2.351,0.5014,-0.3995,2.2594,0.6411,1.9724,-0.6728,-1.0,9.7189,3.6496,-6.7859,5.9227,7.7051,0.708,-1.0774,1.0,3.1424
146511,862,2.8217,-1.1439,2.2366,1.2807,2.5121,0.49,2.0436,-1.0,8.1877,3.3977,-7.3288,-1.3314,8.078,-0.1641,-1.1367,1.0,9.4971
146511,863,5.6125,-0.5928,0.6418,-5.5431,0.8737,-2.5469,2.3165,-1.0,10.1144,-2.5701,4.6532,-8.6042,5.3158,-1.2588,2.0754,1.0,3.0247
146511,864,2.5934,0.3858,2.473,0.6709,2.5029,0.2649,1.416,-1.0,5.9006,4.7748,3.165,-1.4109,5.7285,-0.2439,0.5854,1.0,3.6308
146511,865,45.965,-12.7167,-22.7508,-37.8611,26.0637,-1.1682,-2.0805,1.0,49.3651,39.5448,27.8994,9.7332,48.396,0.1998,0.6144,-1.0,86.8931
146511,866,6.1251,1.0961,-4.5839,-3.9105,4.7131,-0.7557,-1.3361,-1.0,3.5999,-1.0166,2.7879,2.0352,2.9674,0.641,1.9205,1.0,9.3715
146511,867,3.7187,2.0716,2.3793,1.9661,3.1547,0.5886,0.8544,1.0,6.3585,-5.1181,-2.3568,-2.9445,5.6346,-0.5013,-2.7101,-1.0,9.5557
146511,868,14.4743,6.4424,-12.7556,2.2991,14.2902,0.1602,-1.1031,1.0,3.9692,2.1307,-3.3434,0.1605,3.9646,0.0405,-1.0034,-1.0,1.2009
146511,869,16.3963,2.4205,-8.4816,-13.8214,8.8202,-1.2314,-1.2928,1.0,22.7336,1.1065,-12.5867,-18.8986,12.6352,-1.1924,-1.4831,-1.0,2.059
146511,870,1.8029,1.0946,-1.223,0.7386,1.6413,0.436,-0.8408,1.0,1.3765,-1.0626,0.8675,0.0447,1.3717,0.0326,2.4569,-1.0,3.0607
146511,871,6.2953,-3.9457,-1.4761,4.6768,4.2127,0.9572,-2.7836,-1.0,15.2235,-0.6815,-0.0373,15.2078,0.6826,3.7974,-3.0869,1.0,6.6301
146511,872,46.3572,-28.6294,20.0853,30.4289,34.9723,0.7865,2.5298,-1.0,47.0627,34.9963,-7.3985,-30.5844,35.7698,-0.7751,-0.2083,1.0,92.3351
146511,873,9.8405,5.2849,7.6248,3.2799,9.2772,0.3466,0.9647,1.0,2.6383,0.0698,2.6352,0.0179,2.6361,0.0068,1.5443,-1.0,3.3025
146511,874,1.314,1.1431,-0.19,-0.6104,1.1588,-0.505,-0.1647,-1.0,1.9389,-1.1824,-0.0146,1.533,1.1825,1.0763,-3.1292,1.0,3.1123
146511,875,76.8198,70.633,7.585,29.2357,71.0391,0.4007,0.107,1.0,34.3057,-27.8832,-11.7338,16.1776,30.2515,0.5121,-2.7433,-1.0,91.879
146511,876,8.0732,-4.7796,4.3899,4.801,6.4896,0.685,2.3987,1.0,3.4527,-0.4183,0.5902,3.3744,0.7234,2.2445,2.1873,-1.0,3.7669
146511,877,0.6574,-0.1692,-0.4702,0.4139,0.4997,0.7547,-1.9162,1.0,0.6952,-0.3135,0.4798,-0.3789,0.5732,-0.6204,2.1496,-1.0,1.263
146511,878,3.367,-1.1406,-0.5398,-3.1198,1.2619,-1.6369,-2.6996,1.0,2.3285,-0.1424,-2.2345,-0.6305,2.239,-0.278,-1.6344,-1.0,3.0052
146511,879,8.8131,0.779,-1.2729,8.6852,1.4923,2.4617,-1.0216,-1.0,3.376,2.0408,-0.7632,2.5767,2.1788,1.0048,-0.3579,1.0,3.1062
146511,880,0.9894,0.56,-0.5549,-0.5886,0.7883,-0.6904,-0.7808,1.0,7.0022,-1.9689,5.5069,3.8493,5.8483,0.6181,1.9142,-1.0,5.1697
146511,881,1.079,-0.0552,0.9446,-0.5076,0.9462,-0.5136,1.6292,-1.0,11.4068,-7.565,3.0686,-7.9661,8.1637,-0.8642,2.7562,1.0,3.1492
146511,882,51.9842,32.6916,-37.0542,-16.1429,49.4141,-0.3211,-0.8479,-1.0,42.1884,-33.2644,21.4966,14.5335,39.6058,0.3592,2.5679,1.0,92.8629
146511,883,14.43,2.347,-1.6027,14.147,2.842,2.3081,-0.5991,-1.0,60.0065,9.2454,-10.8997,58.2794,14.2927,2.1134,-0.8673,1.0,2.1262
146511,884,0.263,0.159,0.0776,-0.1635,0.1769,-0.8267,0.4543,1.0,2.0629,0.0597,-0.5719,1.9784,0.575,1.9493,-1.4668,-1.0,1.3507
146511,885,1.2064,0.9539,0.1619,-0.7128,0.9676,-0.6825,0.1681,1.0,1.321,0.5952,-0.7737,-0.8837,0.9762,-0.8127,-0.9151,-1.0,1.0319
146511,886,6.1923,-1.9662,-0.7818,-5.8186,2.116,-1.7362,-2.7632,1.0,1.1109,0.0166,0.1471,-1.0959,0.1481,-2.6993,1.4584,-1.0,1.15
146511,887,1.6917,0.7397,-0.8823,-1.2349,1.1513,-0.9318,-0.8731,1.0,1.9872,-1.8964,0.1956,0.5506,1.9065,0.285,3.0388,-1.0,3.3551
146511,888,0.9133,0.739,-0.5238,-0.048,0.9059,-0.053,-0.6166,-1.0,6.3531,-1.3199,-3.4102,5.1942,3.6567,1.1498,-1.9401,1.0,3.2409
146511,889,5.615,-0.44,4.9758,-2.5622,4.9952,-0.4927,1.659,-1.0,1.2796,-0.7292,0.7425,0.737,1.0407,0.6594,2.3471,1.0,3.184
146511,890,4.6801,-0.3167,-4.5214,-1.1612,4.5325,-0.2535,-1.6407,-1.0,1.4421,0.6872,-1.1482,-0.5271,1.3381,-0.3844,-1.0315,1.0,1.5325
146511,891,44.1733,36.1159,11.5611,-22.6551,37.9212,-0.5666,0.3098,-1.0,51.5593,-40.7732,-30.434,8.3472,50.879,0.1633,-2.5004,1.0,92.6399
146511,892,3.9578,-1.685,-3.5566,0.4053,3.9355,0.1028,-2.0132,-1.0,4.8918,2.5754,1.0976,-4.0102,2.7995,-1.1567,0.4029,1.0,7.6473
146511,893,1.8117,-1.728,0.3184,-0.4286,1.7571,-0.2416,2.9594,-1.0,3.1683,-2.9131,1.1047,0.566,3.1156,0.1807,2.7791,1.0,1.1028
146511,894,4.4299,2.2002,-3.8416,0.1161,4.4271,0.0262,-1.0507,-1.0,6.8086,-4.846,0.9964,-4.6764,4.9474,-0.8421,2.9388,1.0,9.5084
146511,895,42.9699,5.2552,-39.2263,-16.7358,39.5767,-0.4112,-1.4376,1.0,52.6588,-1.6602,52.549,2.9642,52.5752,0.0563,1.6024,-1.0,93.6204
146511,896,1.1237,1.1172,-0.0351,-0.047,1.1177,-0.0421,-0.0314,1.0,2.3788,1.0045,-0.3264,2.1289,1.0562,1.4506,-0.3141,-1.0,1.817
146511,897,5.4273,3.3009,4.297,-0.2916,5.4185,-0.0538,0.9158,-1.0,5.9986,-2.3106,4.7413,2.8554,5.2744,0.5179,2.0243,1.0,6.4271
146511,898,8.5055,0.9993,-2.7084,7.9999,2.8868,1.7435,-1.2173,1.0,4.2636,-0.4528,-2.2882,3.5674,2.3325,1.211,-1.7662,-1.0,1.9958
146511,899,3.7673,3.2489,0.7247,-1.761,3.3288,-0.507,0.2195,1.0,2.5829,1.8042,1.291,-1.3185,2.2185,-0.5639,0.6211,-1.0,1.116
146511,900,3.1163,0.8127,-0.2097,2.9993,0.8394,1.9857,-0.2525,-1.0,3.1461,3.0136,-0.7186,0.5375,3.0981,0.1726,-0.2341,1.0,3.3476
146511,901,0.7087,0.1534,0.3736,-0.5727,0.4039,-1.1484,1.1813,-1.0,0.6124,-0.258,-0.3005,0.455,0.3961,0.9827,-2.2801,1.0,1.3096
146511,902,8.0004,0.3968,-2.048,-7.7229,2.0861,-2.0198,-1.3794,1.0,0.4642,0.329,0.197,-0.2392,0.3835,-0.5892,0.5397,-1.0,2.0736
146511,903,7.633,1.7519,-1.0238,7.3576,2.0291,1.9998,-0.5289,1.0,5.1825,1.8837,0.1944,4.8229,1.8937,1.6645,0.1029,-1.0,1.402
146511,904,43.6465,30.6131,-9.222,29.712,31.972,0.8305,-0.2926,-1.0,53.0789,-44.5406,-10.6949,-26.8162,45.8066,-0.5563,-2.9059,1.0,93.5776
146511,905,1.0807,-0.863,-0.6394,0.0559,1.074,0.052,-2.504,1.0,3.4036,1.6438,0.0413,2.9781,1.6443,1.3558,0.0251,-1.0,3.1521
146511,906,1.3369,-0.9649,-0.4345,0.8101,1.0582,0.7056,-2.7185,1.0,2.3254,-0.9065,2.002,-0.7528,2.1977,-0.3362,1.996,-1.0,2.7295
146511,907,1.7789,1.4762,-0.7474,0.6445,1.6546,0.3803,-0.4687,-1.0,0.5704,-0.0569,0.0712,0.5531,0.0912,2.5024,2.245,1.0,1.2702
146511,908,5.4088,0.9687,-1.1679,5.1905,1.5173,1.9437,-0.8784,-1.0,0.4121,-0.3785,-0.1092,0.0589,0.3939,0.1491,-2.8606,1.0,2.0848
146511,909,5.6994,1.5024,-0.3353,5.4866,1.5394,1.9832,-0.2196,-1.0,2.5992,2.0817,-1.5479,0.1233,2.5941,0.0475,-0.6394,1.0,4.583
146511,910,10.3606,-4.3621,2.2423,9.1255,4.9047,1.3795,2.6668,1.0,9.1219,5.1391,1.5921,7.3656,5.3801,1.1199,0.3004,-1.0,9.6075
146511,911,46.3659,36.017,28.981,3.5582,46.2291,0.0769,0.6776,-1.0,40.731,-22.2347,-34.0193,-2.7029,40.6411,-0.0665,-2.1497,1.0,85.8476
146511,912,48.8058,28.2188,-25.5178,30.5702,38.0455,0.7354,-0.7352,-1.0,61.3768,-43.0729,36.2973,24.3789,56.3274,0.4203,2.4414,1.0,93.7228
146511,913,47.0714,-40.6432,-2.2436,-23.639,40.7051,-0.5522,-3.0864,1.0,45.961,34.2144,12.6848,27.944,36.4901,0.7057,0.355,-1.0,92.1203
146511,914,46.2643,-6.0206,-28.9681,-35.5665,29.5871,-1.0173,-1.7757,-1.0,44.1276,8.9177,31.6201,29.4597,32.8536,0.8064,1.2959,1.0,90.0997
146511,915,34.8371,-4.3828,-31.8994,13.2978,32.1991,0.4021,-1.7073,1.0,60.7779,16.602,58.2139,-5.4276,60.535,-0.0895,1.293,-1.0,90.7663
146511,916,17.4451,14.2083,-9.6563,3.033,17.1791,0.1756,-0.5969,-1.0,5.6916,4.8836,-2.6204,1.2913,5.5422,0.2309,-0.4925,1.0,1.1784
146511,917,6.8212,1.0691,-6.7317,0.2401,6.8161,0.0352,-1.4133,1.0,32.9444,3.3466,-4.9817,-32.393,6.0014,-2.3876,-0.9793,-1.0,19.7684
146511,918,3.7923,-1.0481,-1.2914,3.4065,1.6632,1.465,-2.2526,1.0,0.3418,0.3,-0.0717,0.1025,0.3084,0.3266,-0.2347,-1.0,1.5361
146511,919,6.4948,-2.2714,-1.418,-5.9162,2.6777,-1.5336,-2.5835,-1.0,8.0535,0.1217,-3.6554,-7.1744,3.6574,-1.4263,-1.5375,1.0,3.1513
146511,920,5.2739,-0.6737,-3.7332,-3.6622,3.7935,-0.8567,-1.7493,1.0,18.0267,-2.1968,-9.4908,-15.1674,9.7417,-1.2259,-1.7983,-1.0,2.291
146511,921,2.5893,0.0151,1.556,2.0668,1.5561,1.0955,1.5611,-1.0,9.8418,5.0041,-1.712,-8.2993,5.2888,-1.2326,-0.3296,1.0,9.5117
146511,922,2.5445,-2.2764,-0.5875,0.9675,2.351,0.4007,-2.889,-1.0,1.5174,-0.1883,-0.263,-1.4788,0.3235,-2.2248,-2.1921,1.0,3.0724
146511,923,0.5908,0.1085,-0.1419,0.5532,0.1786,1.8488,-0.9179,1.0,1.7366,0.5186,-1.6072,0.3904,1.6888,0.2292,-1.2587,-1.0,1.0363
146511,924,4.7804,-1.1432,1.819,-4.2691,2.1484,-1.4379,2.1319,-1.0,1.5675,-0.4397,-0.0217,-1.5007,0.4402,-1.9405,-3.0922,1.0,1.1266
146511,925,1.3533,1.0277,0.6623,-0.5703,1.2227,-0.451,0.5724,1.0,3.2167,1.1798,-1.6027,-2.525,1.9901,-1.0593,-0.9362,-1.0,2.355
146511,926,13.4038,1.7975,11.6889,-6.3079,11.8263,-0.5109,1.4182,-1.0,5.2406,-0.0342,-1.8258,-4.911,1.8262,-1.7153,-1.5895,1.0,11.0164
146511,927,5.8734,-2.6868,3.8229,3.5569,4.6727,0.7021,2.1834,-1.0,7.7182,4.5288,-2.1511,5.8671,5.0137,0.9968,-0.4434,1.0,9.4727
146511,928,1.0708,-0.8385,0.4932,-0.4349,0.9728,-0.4334,2.6099,-1.0,9.3045,-2.2237,-0.8808,-8.9912,2.3918,-2.0346,-2.7644,1.0,3.0442
146511,929,7.2042,-1.0507,5.1623,4.9129,5.2681,0.8329,1.7716,-1.0,1.3222,-1.0062,-0.0915,0.8462,1.0104,0.7617,-3.0509,1.0,3.0964
146511,930,0.9719,-0.5431,-0.6548,0.4578,0.8508,0.515,-2.2632,1.0,1.6672,-1.5982,-0.0821,0.4552,1.6003,0.2807,-3.0903,-1.0,1.0013
146511,931,14.1733,-1.6083,-3.5222,-13.6337,3.872,-1.9715,-1.9991,-1.0,0.49,-0.2607,0.0028,-0.4012,0.2607,-1.216,3.1307,1.0,1.4677
146511,932,3.0675,1.2527,0.7554,2.6942,1.4629,1.3705,0.5426,1.0,3.2174,-2.2507,-1.609,-1.6389,2.7667,-0.5623,-2.5209,-1.0,6.055
146511,933,4.6561,-2.886,3.4318,-1.2497,4.484,-0.2752,2.27,1.0,4.9332,3.9874,-2.5573,1.3734,4.737,0.286,-0.5703,-1.0,9.4849
146511,934,5.6062,-0.527,5.2033,-2.0167,5.2299,-0.3766,1.6717,1.0,6.7076,-5.6381,-2.8941,-2.1947,6.3375,-0.3397,-2.6673,-1.0,9.516
146511,935,32.5052,-2.9712,8.1163,31.3349,8.6431,1.9996,1.9217,1.0,15.5765,-2.1202,3.6069,15.0037,4.1839,1.9891,2.1022,-1.0,1.1089
146511,936,45.5961,4.8432,-17.9495,-41.6335,18.5914,-1.5458,-1.3072,1.0,39.9117,-6.7367,27.0386,28.5738,27.8651,0.8992,1.815,-1.0,83.993
146511,937,43.5491,-13.7778,1.6518,41.279,13.8764,1.8104,3.0223,-1.0,8.4522,-3.0023,0.5715,7.8795,3.0563,1.6759,2.9535,1.0,1.0255
146511,938,53.7891,-5.0742,-35.9533,-39.6847,36.3096,-0.9456,-1.711,-1.0,45.3103,11.4312,43.8415,-0.5196,45.3072,-0.0115,1.3157,1.0,90.0094
146511,939,4.7559,-0.4811,-1.701,-4.4139,1.7677,-1.6461,-1.8464,1.0,3.3491,1.1744,2.6101,1.7359,2.8622,0.5744,1.148,-1.0,7.5638
146511,940,3.8514,2.6246,-0.5998,2.752,2.6923,0.897,-0.2247,1.0,9.0187,0.2041,-2.1825,8.7476,2.192,2.0925,-1.4775,-1.0,4.2017
146511,941,5.6373,0.3184,3.6409,4.2908,3.6548,0.9992,1.4836,-1.0,4.8039,0.2932,-4.7936,-0.0332,4.8026,-0.0069,-1.5097,1.0,9.444
146511,942,0.8651,-0.0541,-0.5216,0.6799,0.5244,1.0763,-1.6742,-1.0,0.8248,0.0949,0.5414,-0.6058,0.5496,-0.9519,1.3972,1.0,1.6877
146511,943,3.7642,-1.6161,-3.2393,-1.0263,3.62,-0.2798,-2.0336,1.0,2.1835,-0.0463,-2.0215,-0.8174,2.022,-0.394,-1.5937,-1.0,1.2399
146511,944,3.475,2.3796,-2.1584,1.3202,3.2127,0.4002,-0.7367,1.0,2.5532,1.0488,-1.7502,1.5312,2.0404,0.6935,-1.0309,-1.0,1.0851
146511,945,2.747,-1.2195,2.1548,-1.1851,2.476,-0.462,2.0858,-1.0,1.6234,-1.2645,-0.5374,-0.8581,1.3739,-0.5898,-2.7397,1.0,2.4777
146511,946,2.2177,1.3529,-0.9909,1.4473,1.677,0.7812,-0.6322,-1.0,6.228,5.6038,1.7223,2.0993,5.8625,0.3509,0.2982,1.0,3.1336
146511,947,6.1664,3.5546,3.9125,3.1733,5.2861,0.5691,0.8333,-1.0,3.6935,-2.6619,-2.0641,-1.5117,3.3684,-0.4349,-2.482,1.0,9.4996
146511,948,43.1658,-26.2643,-34.1951,2.0388,43.1175,0.0473,-2.2258,-1.0,44.5356,27.2471,35.223,0.5862,44.5316,0.0132,0.9124,1.0,87.6505
146511,949,2.4341,0.6587,-0.1144,-2.3381,0.6686,-1.9649,-0.1719,1.0,0.4561,-0.0249,-0.4289,-0.1106,0.4297,-0.2546,-1.6288,-1.0,1.2885
146511,950,5.0389,2.6582,2.5797,3.4145,3.7041,0.825,0.7704,1.0,4.0207,3.6274,0.707,1.58,3.6957,0.4155,0.1925,-1.0,2.6114
146511,951,6.1882,-0.9069,-6.1095,-0.3665,6.1765,-0.0593,-1.7182,-1.0,4.3044,0.8436,2.6621,3.2739,2.7925,0.9982,1.2639,1.0,9.4738
146511,952,10.1157,-6.3944,-2.8684,7.2939,7.0083,0.9099,-2.7199,-1.0,9.7349,-5.608,7.7205,-1.9237,9.5424,-0.2003,2.199,1.0,14.0573
146511,953,0.879,-0.2852,-0.7255,0.3922,0.7795,0.4841,-1.9454,1.0,5.2365,-3.3685,-3.9899,-0.3779,5.2217,-0.0723,-2.272,-1.0,1.3469
146511,954,58.7178,-46.6977,0.5681,-35.5917,46.7012,-0.7028,3.1294,1.0,34.0493,30.818,-3.4658,14.0565,31.0123,0.439,-0.112,-1.0,88.7773
146511,955,51.6553,-36.3393,8.2155,-35.7802,37.2564,-0.8531,2.9193,-1.0,42.4621,36.8921,-3.9805,20.6433,37.1063,0.531,-0.1075,1.0,92.794
146511,956,12.9332,-8.3566,-2.8243,9.4576,8.821,0.9315,-2.8157,-1.0,15.8328,-1.1786,0.1365,15.7879,1.1865,3.2828,3.0263,1.0,9.5917
146511,957,6.5622,-2.4031,-5.4021,-2.845,5.9124,-0.4643,-1.9894,-1.0,9.8997,3.324,7.5505,-5.4713,8.2498,-0.6223,1.1561,1.0,14.0132
146511,958,1.6222,-0.2712,1.1759,-1.0789,1.2068,-0.8044,1.7974,1.0,14.0977,-2.3849,2.3379,-13.696,3.3397,-2.1189,2.3661,-1.0,3.0685
146511,959,1.9492,0.564,1.8313,-0.3413,1.9162,-0.1772,1.2721,-1.0,9.1833,-8.0834,-1.9116,3.9148,8.3064,0.4554,-2.9094,1.0,7.3901
146511,960,4.3796,4.2676,-0.9017,0.3797,4.3618,0.0869,-0.2082,-1.0,9.4193,-6.2786,1.7855,6.79,6.5275,0.9095,2.8645,1.0,11.5836
146511,961,2.934,1.3412,-2.5519,-0.535,2.8829,-0.1845,-1.0869,-1.0,4.2604,2.8249,-3.1809,0.2045,4.2542,0.048,-0.8446,1.0,1.1955
146511,962,2.2402,2.1145,-0.6593,0.3187,2.2149,0.1434,-0.3022,1.0,6.4698,6.4613,-0.0128,-0.312,6.4614,-0.0483,-0.002,-1.0,1.3661
146511,963,1.7507,0.5429,0.6097,1.5451,0.8163,1.3946,0.8433,1.0,1.3388,0.5111,-0.5379,1.1093,0.742,1.192,-0.811,-1.0,1.176
146511,964,39.5193,-36.7982,-12.5269,-7.1225,38.872,-0.1822,-2.8135,1.0,62.0681,50.6684,23.2577,-27.2805,55.7513,-0.4716,0.4303,-1.0,93.9622
146511,965,1.4421,-0.0138,1.35,0.4957,1.35,0.3594,1.581,-1.0,1.3773,-0.05,-1.2419,-0.5838,1.2429,-0.4539,-1.6111,1.0,2.8151
146511,966,42.5343,-14.0251,28.3137,-28.4743,31.597,-0.8097,2.0307,-1.0,49.086,21.2596,-26.2497,35.6146,33.779,0.9193,-0.89,1.0,91.0313
146511,967,2.6419,1.9017,1.7468,-0.5484,2.5822,-0.2108,0.743,1.0,6.9153,5.0666,3.7465,-2.8467,6.3013,-0.4377,0.6367,-1.0,1.0393
146511,968,2.1722,-1.939,-0.4091,-0.8833,1.9817,-0.4322,-2.9337,-1.0,1.3856,1.2417,-0.1889,-0.5755,1.256,-0.4435,-0.1509,1.0,3.1122
146511,969,1.5615,-0.8091,0.0677,1.3297,0.8119,1.2688,3.0581,-1.0,2.0848,2.0263,0.39,0.2777,2.0635,0.1342,0.1902,1.0,3.0035
146511,970,32.693,4.5348,6.8259,-31.649,8.195,-2.0607,0.9844,-1.0,2.8283,1.0411,0.5188,-2.5759,1.1632,-1.5357,0.4623,1.0,2.3196
146511,971,1.2886,0.8404,0.8518,0.4662,1.1966,0.3804,0.7921,-1.0,9.0871,0.4842,-3.4404,-8.396,3.4744,-1.6158,-1.431,1.0,6.0263
146511,972,2.4946,-0.2506,0.1037,2.4776,0.2712,2.9085,2.7493,-1.0,10.8803,2.1416,3.4246,10.1022,4.0391,1.6476,1.0119,1.0,2.1475
146511,973,47.9446,-28.9683,13.1618,-35.8647,31.8182,-0.9685,2.7151,1.0,43.7996,33.5353,-14.3319,24.2565,36.4694,0.6239,-0.4039,-1.0,90.8847
146511,974,7.3075,-1.4055,4.3585,5.6935,4.5795,1.0434,1.8827,-1.0,6.5931,1.2306,-3.6296,-5.3637,3.8326,-1.1377,-1.2439,1.0,13.8764
146511,975,2.3546,-0.159,2.0448,-1.1518,2.0509,-0.5356,1.6484,1.0,1.8948,1.2936,-0.6696,-1.2072,1.4566,-0.755,-0.4777,-1.0,3.0519
146511,976,0.6196,-0.3987,0.3158,-0.3377,0.5086,-0.6228,2.4717,1.0,0.8875,0.2458,-0.8136,0.2324,0.8499,0.2701,-1.2774,-1.0,1.4103
146511,977,3.3567,1.4019,-0.6132,-2.9858,1.5301,-1.4217,-0.4123,-1.0,14.6767,5.8646,-0.4011,-13.4476,5.8783,-1.5654,-0.0683,1.0,1.1463
146511,978,0.9042,-0.4312,0.7872,-0.0253,0.8976,-0.0282,2.0719,-1.0,1.4651,-1.1011,0.1035,0.955,1.106,0.7815,3.0479,1.0,1.2679
146511,979,17.7315,2.7606,-3.8167,-17.0941,4.7104,-2.0006,-0.9446,1.0,6.3962,0.3075,-2.7419,-5.7696,2.759,-1.4837,-1.4591,-1.0,2.6406
146511,980,51.3466,7.5196,-45.4252,22.7258,46.0434,0.4755,-1.4067,-1.0,39.6244,-2.0032,32.7767,-22.1757,32.8378,-0.6323,1.6318,1.0,89.9166
146511,981,4.1485,3.162,2.6804,-0.1266,4.1452,-0.0305,0.7032,1.0,6.1728,-3.5563,-3.7319,-3.3938,5.1551,-0.6182,-2.3321,-1.0,9.6372
146511,982,2.9007,1.1416,-0.3943,-2.6352,1.2078,-1.5221,-0.3326,-1.0,0.866,-0.3038,0.5821,0.5546,0.6566,0.7672,2.0518,1.0,3.0203
146511,983,2.1046,-0.2548,-0.8714,-1.8957,0.9078,-1.4824,-1.8553,1.0,7.2772,0.4308,-4.4796,-5.7179,4.5002,-1.0604,-1.4749,-1.0,1.1775
146511,984,17.0377,-0.9346,4.9471,-16.2766,5.0346,-1.8896,1.7575,-1.0,3.4323,-0.1425,0.4991,-3.3911,0.519,-2.5759,1.8489,1.0,1.1754
146511,985,46.5778,-35.6592,-12.4026,27.2778,37.7545,0.671,-2.8069,-1.0,46.637,44.9827,10.0323,-7.1347,46.0879,-0.1542,0.2194,1.0,90.5025
146511,986,2.1018,1.9491,0.4336,-0.6475,1.9968,-0.3188,0.2189,-1.0,1.9718,-0.3724,0.1146,-1.9301,0.3896,-2.3034,2.8431,1.0,2.6765
146511,987,33.925,-16.7234,-28.4591,-7.8296,33.009,-0.235,-2.1021,1.0,32.125,20.4258,24.6955,2.2183,32.0481,0.0692,0.8797,-1.0,65.5991
146511,988,0.5311,-0.0749,-0.3429,0.3843,0.351,0.947,-1.7857,1.0,2.2414,-1.0632,1.1807,1.5774,1.5888,0.8763,2.3039,-1.0,1.3568
146511,989,6.6075,2.637,-0.314,-6.0494,2.6556,-1.5615,-0.1185,-1.0,3.5104,-1.7519,-0.796,2.9341,1.9242,1.2085,-2.7151,1.0,9.5211
146511,990,21.0335,-3.4822,-8.342,-18.9916,9.0396,-1.4879,-1.9662,1.0,17.6361,-0.9989,-5.1502,-16.8374,5.2462,-1.8827,-1.7624,-1.0,3.0818
146511,991,28.4564,12.4257,12.4174,22.3868,17.5667,1.0627,0.7851,-1.0,2.7072,2.3726,-1.0735,0.7322,2.6041,0.2776,-0.4249,1.0,9.4344
146511,992,4.7541,-1.1548,-3.3515,-3.1661,3.5449,-0.8038,-1.9026,-1.0,4.7434,1.2648,3.3626,3.0955,3.5926,0.7801,1.211,1.0,9.4967
146511,993,4.8609,-3.9784,-2.7465,-0.4955,4.8344,-0.1023,-2.5374,1.0,0.6373,0.0866,-0.5964,-0.1783,0.6027,-0.2917,-1.4266,-1.0,1.8586
146511,994,45.3759,45.268,2.355,2.0548,45.3292,0.0453,0.052,1.0,46.4492,-46.2318,0.2751,4.479,46.2326,0.0967,3.1356,-1.0,91.5495
146511,995,6.6561,5.2759,-0.1457,-4.0542,5.2779,-0.7076,-0.0276,-1.0,3.4259,2.9433,-0.5761,-1.6524,2.9992,-0.5263,-0.1933,1.0,1.0024
146511,996,1.5177,-1.2572,0.8417,0.0556,1.513,0.0367,2.5517,1.0,1.6561,1.3192,-0.9157,-0.3907,1.6058,-0.241,-0.6068,-1.0,3.1545
146511,997,2.397,-1.2116,-1.1566,1.7114,1.675,0.8966,-2.3794,-1.0,6.8186,-2.859,-1.8919,5.8931,3.4283,1.3104,-2.557,1.0,1.1117
146511,998,45.1724,31.6916,24.914,20.383,40.3121,0.4862,0.6662,-1.0,45.6832,-32.075,-24.9112,-20.9183,40.6125,-0.4946,-2.4812,1.0,90.8532
146511,999,6.9532,4.2038,-5.2695,-1.702,6.7409,-0.2499,-0.8974,-1.0,7.0457,3.3856,-5.6136,-2.5798,6.5555,-0.384,-1.0281,1.0,1.2627
146511,1000,3.3325,-2.102,-0.827,-2.4479,2.2589,-0.9393,-2.7667,-1.0,6.7879,-1.5688,-4.413,-4.9121,4.6835,-0.9155,-1.9124,1.0,2.7057
146511,1001,2.0685,0.4975,1.6806,-1.0934,1.7527,-0.5892,1.283,-1.0,4.4049,1.2344,4.1545,-0.7799,4.334,-0.179,1.282,1.0,1.1607
146511,1002,0.9595,-0.8895,0.0481,0.3405,0.8908,0.3734,3.0876,-1.0,6.6307,-5.9977,2.6054,1.0931,6.5392,0.1664,2.7318,1.0,1.0401
146511,1003,3.7927,-1.1173,-3.5857,-0.5177,3.7558,-0.1374,-1.8729,-1.0,2.6443,-0.3408,2.6192,0.067,2.6413,0.0254,1.7002,1.0,6.1783
146511,1004,0.582,0.0718,-0.4449,-0.3529,0.4506,-0.7195,-1.4109,1.0,12.4157,-1.933,3.6303,-11.7142,4.1128,-1.7693,2.0601,-1.0,3.1167
146511,1005,1.4764,-0.9536,0.1836,-1.1071,0.9711,-0.977,2.9514,-1.0,5.0049,-2.6919,3.123,-2.8352,4.123,-0.6425,2.2822,1.0,1.4976
146511,1006,42.004,8.7712,40.3578,7.6573,41.3,0.1844,1.3568,1.0,49.9273,-5.6164,-28.3204,-40.7325,28.8719,-1.1442,-1.7666,-1.0,84.8678
146511,1007,13.2762,-7.5889,6.4776,-8.7576,9.9775,-0.7922,2.435,-1.0,6.7066,-1.7207,2.1923,-6.0992,2.7869,-1.5249,2.2363,1.0,4.0928
146511,1008,10.6815,0.2229,2.9196,-10.2718,2.928,-1.9679,1.4946,1.0,2.9892,-0.6126,2.0524,-2.0825,2.1418,-0.8617,1.8609,-1.0,3.064
146511,1009,2.2324,-1.638,1.5121,-0.0563,2.2292,-0.0252,2.3961,1.0,3.1014,2.1993,-1.4989,-1.5887,2.6615,-0.5662,-0.5982,-1.0,5.0427
146511,1010,1.384,0.7525,-0.9261,0.6932,1.1932,0.5524,-0.8884,-1.0,1.6625,-0.8219,1.0401,-0.9977,1.3256,-0.6953,2.2395,1.0,3.0283
146511,1011,1.4332,-1.1001,0.2889,0.8657,1.1374,0.702,2.8848,-1.0,2.1913,0.2228,-1.9814,-0.9029,1.9939,-0.4386,-1.4588,1.0,3.0825
146511,1012,2.7306,-0.4359,-1.7615,-2.0377,1.8146,-0.9657,-1.8134,1.0,1.9798,-1.1927,-1.2487,-0.9625,1.7269,-0.5319,-2.3333,-1.0,1.2135
146511,1013,44.8682,-30.5662,-5.4535,-32.39,31.0489,-0.9116,-2.965,1.0,48.053,32.9889,-10.9294,33.1867,34.7523,0.8492,-0.3199,-1.0,91.43
146511,1014,0.8412,-0.3973,0.0165,-0.7337,0.3976,-1.3723,3.1,-1.0,23.224,-5.6266,4.0707,-22.1611,6.9447,-1.8772,2.5153,1.0,1.403
146511,1015,0.4212,-0.1545,0.1043,-0.3627,0.1864,-1.419,2.5477,1.0,3.7342,1.6711,-2.7056,-1.9546,3.1801,-0.5813,-1.0175,-1.0,1.6827
146511,1016,5.9056,-3.6051,-2.1641,-4.1454,4.2048,-0.8713,-2.601,1.0,2.7109,0.1962,-0.2947,-2.6856,0.3541,-2.7235,-0.9834,-1.0,3.1487
146511,1017,4.3911,-0.1292,-0.0297,4.3878,0.1326,4.1927,-2.9154,-1.0,5.1705,-0.3478,1.4565,-4.9478,1.4975,-1.9105,1.8052,1.0,9.4259
146511,1018,19.7832,-14.1677,5.3757,12.7178,15.1533,0.763,2.7789,-1.0,0.3472,-0.2642,0.1807,-0.0831,0.3201,-0.2569,2.5417,1.0,2.5386
146511,1019,9.5063,5.8047,-1.9157,-7.2797,6.1126,-1.0102,-0.3188,1.0,1.8213,1.5347,-0.7061,-0.6723,1.6894,-0.3881,-0.4312,-1.0,2.083
146511,1020,38.3184,-32.1638,10.8027,17.8068,33.9294,0.5033,2.8176,-1.0,77.2724,58.4033,-17.1308,47.6088,60.8639,0.7187,-0.2853,1.0,91.3973
146511,1021,1.0665,-0.9552,-0.3068,-0.3459,1.0033,-0.3383,-2.8308,1.0,2.2557,1.2914,1.4047,1.1983,1.9082,0.5927,0.8274,-1.0,2.9986
146511,1022,45.1954,-14.758,37.9086,-19.6915,40.68,-0.4669,1.942,1.0,50.0293,14.4596,-40.5482,25.4889,43.0492,0.562,-1.2283,-1.0,95.011
146511,1023,4.1613,-1.9561,-0.6153,-3.6194,2.0506,-1.3334,-2.8368,1.0,3.4131,-1.8607,0.5378,-2.8083,1.9369,-1.1666,2.8602,-1.0,1.2172
146511,1024,1.0097,0.9831,0.1988,-0.0492,1.003,-0.049,0.1995,-1.0,2.6407,-2.0281,-1.6694,-0.249,2.6268,-0.0946,-2.4529,1.0,3.1594
146511,1025,7.1637,3.9538,-5.8393,-1.2559,7.0519,-0.1772,-0.9756,1.0,8.6962,-4.2914,6.6978,3.5123,7.9547,0.4283,2.1406,-1.0,15.6714
146511,1026,45.4769,-4.5986,-2.848,45.1539,5.409,2.8187,-2.5871,-1.0,47.1382,-23.0894,-15.349,-38.122,27.7257,-1.1233,-2.5549,1.0,86.1995
146511,1027,8.2662,-2.884,-7.7414,-0.2679,8.2612,-0.0324,-1.9274,-1.0,9.5122,3.3663,8.7828,1.4146,9.4058,0.1498,1.2048,1.0,17.7042
146511,1028,9.4786,3.3574,-1.5065,8.7345,3.6799,1.5992,-0.4218,-1.0,0.86,0.2154,-0.8136,0.1416,0.8416,0.1675,-1.3119,1.0,3.1548
146511,1029,0.3207,-0.0287,-0.2824,0.1055,0.2839,0.3636,-1.6722,1.0,1.7873,1.6466,0.2123,-0.6535,1.6602,-0.3841,0.1283,-1.0,1.2334
146511,1030,2.4398,-0.6465,1.9584,-1.2993,2.0624,-0.5944,1.8897,1.0,6.5875,-0.6476,1.3102,-6.4224,1.4615,-2.1862,2.0299,-1.0,3.0836
146511,1031,2.0842,-1.6402,-1.035,0.7558,1.9394,0.3805,-2.5787,1.0,1.3112,1.2597,0.3317,-0.1058,1.3026,-0.0812,0.2575,-1.0,3.2352
146511,1032,2.458,-2.315,0.0891,-0.8144,2.3167,-0.3447,3.1031,-1.0,0.3818,-0.1701,0.3245,0.0194,0.3664,0.0529,2.0537,1.0,1.0418
146511,1033,20.614,-3.1082,-11.1768,-17.0395,11.6009,-1.1773,-1.842,-1.0,110.1766,57.9984,15.2759,92.4213,59.9764,1.2173,0.2575,1.0,91.6188
146511,1034,8.101,-0.3844,7.1362,3.8134,7.1465,0.5111,1.6246,1.0,2.2651,1.5221,0.4792,1.6041,1.5957,0.8851,0.305,-1.0,4.338
146511,1035,9.5454,-1.0272,-0.9362,-9.443,1.3898,-2.6146,-2.4025,-1.0,8.7412,-3.6646,0.0392,-7.9352,3.6648,-1.5152,3.1309,1.0,3.095
146511,1036,2.3977,-0.0786,1.8753,1.4882,1.8769,0.7271,1.6127,-1.0,3.3613,-1.9799,2.334,1.3854,3.0606,0.4385,2.2743,1.0,1.7181
146511,1037,15.5281,-4.6846,-7.8816,-12.5318,9.1687,-1.1185,-2.1071,1.0,10.1519,-0.8771,-2.1119,-9.8904,2.2869,-2.1706,-1.9644,-1.0,5.0895
146511,1038,0.6888,0.3429,0.2473,-0.5333,0.4228,-1.0547,0.6248,1.0,0.9767,-0.2851,-0.9116,-0.1745,0.9552,-0.1817,-1.8739,-1.0,1.3521
146511,1039,6.2901,-5.465,-1.1825,2.8791,5.5915,0.4945,-2.9285,-1.0,1.5253,-1.344,0.3908,0.597,1.3996,0.4146,2.8586,1.0,1.4171
146511,1040,29.0849,7.0138,0.0888,28.2262,7.0143,2.1005,0.0127,-1.0,3.7209,2.4218,-0.2077,2.8153,2.4307,0.989,-0.0856,1.0,4.8582
146511,1041,2.3363,1.6438,-1.1889,-1.1539,2.0287,-0.5419,-0.6262,-1.0,2.16,-0.9104,-1.8911,0.4995,2.0988,0.2358,-2.0195,1.0,3.1247
146511,1042,3.068,-2.3914,-1.0572,-1.6015,2.6146,-0.5795,-2.7253,1.0,3.8636,-1.7049,1.8373,-2.9384,2.5065,-0.9981,2.3188,-1.0,3.1698
146511,1043,1.5181,-1.1232,-0.3387,-0.9577,1.1731,-0.7454,-2.8487,-1.0,1.6068,1.0657,0.877,0.8161,1.3801,0.5614,0.6886,1.0,3.0744
146511,1044,2.3179,0.3558,-0.5642,-2.2173,0.6671,-1.9162,-1.0082,-1.0,24.9536,5.1064,-2.7371,-24.2714,5.7937,-2.1396,-0.492,1.0,1.1594
146511,1045,4.0714,-2.8013,-0.0821,2.9514,2.8025,0.9184,-3.1123,1.0,1.5606,-0.2148,-0.1675,1.533,0.2725,2.4285,-2.4793,-1.0,1.5651
146511,1046,2.7514,0.231,1.6023,-2.2222,1.6189,-1.122,1.4276,-1.0,2.7262,0.2624,-1.9981,1.833,2.0152,0.816,-1.4402,1.0,5.427
146511,1047,4.5147,-2.9178,-3.4022,0.5319,4.4821,0.1184,-2.2797,-1.0,5.1831,4.2131,2.998,-0.3395,5.1709,-0.0656,0.6185,1.0,9.6005
146511,1048,5.167,-2.7133,4.188,1.336,4.9901,0.2646,2.1457,1.0,4.7085,3.0321,-3.5919,-0.2515,4.7006,-0.0535,-0.8697,-1.0,9.7924
146511,1049,8.1163,5.7316,3.965,4.1583,6.9694,0.566,0.6052,-1.0,16.4414,-15.1726,5.2562,-3.5318,16.0572,-0.2182,2.8081,1.0,20.7009
146511,1050,1.4742,-0.2744,-0.8055,-1.1992,0.851,-1.1433,-1.8991,-1.0,1.7034,0.6904,0.0609,1.5525,0.6931,1.5461,0.088,1.0,3.0406
146511,1051,7.8932,1.2556,-2.6177,-7.3391,2.9033,-1.6575,-1.1236,1.0,4.0308,-0.0908,-1.3081,-3.8101,1.3112,-1.7882,-1.6401,-1.0,1.0528
146511,1052,19.6546,-11.7039,-9.3642,-12.7131,14.989,-0.7698,-2.4668,1.0,27.7664,15.986,10.2662,20.2488,18.9985,0.9272,0.5709,-1.0,46.6135
146511,1053,1.5664,1.0886,-0.2896,-1.0832,1.1265,-0.8539,-0.26,-1.0,1.7317,-1.5754,0.5443,-0.4575,1.6668,-0.2711,2.8089,1.0,2.8638
146511,1054,2.0411,0.2371,-2.0185,0.1562,2.0324,0.0768,-1.4539,-1.0,1.0757,0.522,0.1966,0.9137,0.5578,1.2689,0.3603,1.0,2.1621
146511,1055,7.239,5.5713,-0.9424,-4.5238,5.6504,-0.7331,-0.1676,-1.0,9.216,4.7358,-0.0044,-7.9054,4.7358,-1.2852,-0.0009,1.0,3.0248
146511,1056,68.9471,40.8494,-55.4941,2.3305,68.9077,0.0338,-0.9362,1.0,72.9066,-46.3589,-48.0475,-29.2857,66.7661,-0.4257,-2.3383,-1.0,92.9769
146511,1057,5.1101,-0.3673,-4.2959,-2.7409,4.3115,-0.5992,-1.6561,1.0,9.2789,0.2058,-8.556,-3.5833,8.5585,-0.4073,-1.5467,-1.0,1.361
146511,1058,5.4551,-1.9057,-1.9653,-4.7173,2.7375,-1.3125,-2.3408,1.0,8.4457,-1.6832,-2.129,-7.997,2.714,-1.8014,-2.2398,-1.0,1.3907
146511,1059,6.5736,-3.4353,-0.7918,5.5474,3.5254,1.2349,-2.915,1.0,1.1462,-1.0605,-0.3612,-0.2176,1.1204,-0.193,-2.8133,-1.0,3.1059
146511,1060,45.6016,16.0249,36.3806,-22.3416,39.7536,-0.536,1.1559,1.0,44.6262,-14.8467,-34.9185,23.4895,37.9437,0.5851,-1.9728,-1.0,90.2009
146511,1061,1.3219,-0.2494,0.3409,-1.2481,0.4224,-1.804,2.2025,-1.0,19.2401,6.5672,-0.6508,-18.0726,6.5994,-1.7324,-0.0988,1.0,3.0815
146511,1062,7.0355,1.3163,3.9299,5.6842,4.1445,1.1213,1.2476,-1.0,0.6719,-0.185,0.2313,0.5938,0.2961,1.446,2.2454,1.0,1.1813
146511,1063,7.7175,-0.4911,-1.1499,-7.6148,1.2503,-2.5065,-1.9744,-1.0,5.3842,-0.3204,-3.194,-4.3214,3.2101,-1.1063,-1.6708,1.0,3.1072
146511,1064,2.6187,0.9215,-1.799,-1.6616,2.0213,-0.7498,-1.0974,-1.0,1.3907,0.2456,1.344,-0.2372,1.3662,-0.1728,1.39,1.0,3.3016
146511,1065,51.0065,-21.5781,2.2699,-46.1614,21.6972,-1.4993,3.0368,-1.0,45.6978,27.4483,-7.377,35.7833,28.4224,1.0532,-0.2626,1.0,95.8304
146511,1066,6.8744,-0.6037,3.683,-5.7721,3.7321,-1.2203,1.7333,-1.0,2.6957,-0.7441,0.4077,-2.5565,0.8485,-1.8225,2.6404,1.0,1.9159
146511,1067,16.1498,7.2561,-8.2101,-11.8637,10.957,-0.9387,-0.847,-1.0,9.3537,2.4248,-3.9497,-8.1241,4.6346,-1.3273,-1.0202,1.0,3.0554
146511,1068,1.3334,1.1383,0.0902,0.6804,1.1419,0.5653,0.0791,-1.0,1.4799,-0.8494,-0.7112,-0.9755,1.1078,-0.7944,-2.4445,1.0,2.7126
146511,1069,8.0248,0.3899,3.2707,-7.3168,3.2939,-1.5385,1.4521,1.0,1.325,-0.528,0.8664,-0.8457,1.0146,-0.7586,2.1181,-1.0,1.9125
146511,1070,90.5679,-17.8188,15.3609,87.459,23.5259,2.0238,2.4301,1.0,53.1159,46.8671,-5.3577,24.4143,47.1723,0.4969,-0.1138,-1.0,84.7675
146511,1071,0.4512,0.3494,-0.2063,-0.1667,0.4058,-0.4001,-0.5334,1.0,6.7813,-2.1253,-0.841,6.3837,2.2857,1.7508,-2.7648,-1.0,3.0673
146511,1072,3.679,-1.3699,1.3803,-3.1212,1.9447,-1.2516,2.3524,1.0,3.8088,0.5657,-2.584,-2.7384,2.6452,-0.9061,-1.3553,-1.0,4.4313
146511,1073,54.3741,-47.7677,-7.3832,-24.9051,48.335,-0.4948,-2.9882,1.0,40.2958,39.9644,-0.4733,5.1346,39.9672,0.1281,-0.0118,-1.0,91.9179
146511,1074,4.4169,2.2352,-3.407,-1.7014,4.0747,-0.4063,-0.9902,1.0,5.1842,-3.7767,3.0944,1.7396,4.8825,0.3492,2.4552,-1.0,9.4714
146511,1075,0.7581,0.7203,-0.1995,-0.0696,0.7475,-0.0929,-0.2702,1.0,1.5326,-0.4191,0.4869,-1.3875,0.6424,-1.5129,2.2815,-1.0,1.7179
146511,1076,7.8104,-5.8685,-0.3129,5.1433,5.8769,0.7903,-3.0883,1.0,2.6951,-1.4198,0.1079,2.2859,1.4238,1.2518,3.0658,-1.0,1.4185
146511,1077,4.0514,-1.4086,-1.6858,3.4024,2.1969,1.2215,-2.2669,-1.0,6.7434,3.9827,0.0227,-5.4406,3.9828,-1.1181,0.0057,1.0,10.148
146511,1078,3.7934,0.6301,-3.4678,1.3985,3.5246,0.387,-1.3911,-1.0,4.7215,0.9096,-1.9274,4.2118,2.1312,1.4329,-1.1298,1.0,3.0901
146511,1079,1.4051,0.2325,-0.2184,1.3643,0.319,2.1598,-0.7542,-1.0,1.0833,-0.4668,-0.5929,-0.77,0.7546,-0.8958,-2.2377,1.0,2.264
146511,1080,1.7307,-1.5769,-0.222,-0.6694,1.5925,-0.4089,-3.0017,-1.0,7.3429,0.2028,0.8698,7.2876,0.8932,2.796,1.3417,1.0,6.0183
146511,1081,43.6378,17.3768,-23.0797,32.705,28.8899,0.9717,-0.9254,1.0,48.3177,-21.452,14.612,-40.754,25.9557,-1.233,2.5436,-1.0,91.1192
146511,1082,41.4457,23.2383,34.1236,3.6462,41.2849,0.0882,0.9729,-1.0,50.6977,-27.1888,-37.5899,-20.4454,46.3921,-0.4276,-2.197,1.0,90.4465
146511,1083,9.2412,-8.0938,3.0258,-3.2748,8.6409,-0.3705,2.7838,1.0,3.1856,2.7907,1.5155,-0.229,3.1756,-0.0721,0.4975,-1.0,9.6645
146511,1084,45.2162,9.4351,44.116,3.0417,45.1137,0.0674,1.3601,-1.0,53.3789,-44.6918,-23.7751,-16.9319,50.6222,-0.3285,-2.6527,1.0,88.7203
146511,1085,3.9308,3.4181,1.1243,-1.5788,3.5983,-0.4258,0.3178,1.0,2.3555,0.4622,-0.6996,-2.1987,0.8385,-1.6916,-0.9869,-1.0,3.1641
146511,1086,5.0332,1.9854,3.9394,2.4211,4.4114,0.5245,1.104,-1.0,4.5205,-2.1955,-3.3748,-2.0528,4.0261,-0.49,-2.1476,1.0,9.5276
146511,1087,4.6933,-3.3227,3.1344,-1.073,4.5678,-0.2328,2.3854,-1.0,4.6988,3.5476,-2.4535,1.8606,4.3134,0.419,-0.6051,1.0,9.3315
146511,1088,1.1668,0.0297,0.204,1.1436,0.2061,2.4147,1.4264,-1.0,1.2095,-0.8265,-0.2843,0.8294,0.874,0.8448,-2.8103,1.0,1.0549
146511,1089,3.4135,-0.9815,-3.1572,0.8421,3.3063,0.252,-1.8722,-1.0,3.3192,1.0093,-2.8511,-1.3633,3.0244,-0.4367,-1.2306,1.0,2.9927
146511,1090,0.5848,-0.2071,-0.2301,0.4848,0.3095,1.231,-2.3037,1.0,1.7891,0.6778,0.8933,1.3901,1.1213,1.0411,0.9217,-1.0,1.2078
146511,1091,2.4244,1.5648,1.508,1.0696,2.1731,0.4742,0.7669,-1.0,1.3242,0.3932,-1.0498,-0.6969,1.121,-0.5873,-1.2124,1.0,3.1415
146511,1092,7.0243,1.172,-2.464,-6.4718,2.7285,-1.5986,-1.1268,-1.0,5.0093,1.12,-0.8991,-4.7978,1.4363,-1.921,-0.6764,1.0,1.1128
146511,1093,17.05,-1.9351,-6.6536,-15.5781,6.9293,-1.5494,-1.8538,1.0,1.1533,0.5225,-0.5681,0.8504,0.7719,0.9515,-0.8272,-1.0,7.7659
146511,1094,1.4725,1.4174,-0.1886,-0.3354,1.4299,-0.2324,-0.1323,-1.0,1.7453,-1.7342,-0.082,-0.1437,1.7361,-0.0827,-3.0943,1.0,3.1545
146511,1095,0.4403,-0.0115,0.0486,-0.4245,0.0499,-2.8372,1.8033,1.0,3.8738,-2.9883,1.1521,-2.1768,3.2027,-0.6359,2.7736,-1.0,1.1853
146511,1096,3.0773,1.2743,-0.1742,2.7937,1.2861,1.5181,-0.1359,-1.0,9.8852,4.3499,-2.4556,8.5296,4.9951,1.3047,-0.5139,1.0,1.1237
146511,1097,13.4759,3.1364,3.3079,-12.681,4.5585,-1.7471,0.812,1.0,1.8558,0.4725,-0.0905,1.7892,0.4811,2.0242,-0.1892,-1.0,9.6464
146511,1098,5.2034,-1.7125,2.0919,-4.4448,2.7035,-1.2721,2.2568,1.0,4.3229,2.1748,-1.4892,3.4247,2.6358,1.078,-0.6004,-1.0,9.4411
146511,1099,14.5419,-4.6046,-7.1058,11.8221,8.4673,1.1358,-2.1458,-1.0,5.0366,-3.3297,-1.1555,3.5964,3.5245,0.8957,-2.8076,1.0,3.793
146511,1100,7.8216,-3.2886,5.3224,-4.6929,6.2564,-0.6932,2.1243,-1.0,2.8469,-0.7127,1.774,-2.1069,1.9118,-0.9517,1.9528,1.0,1.1007
146511,1101,0.7713,0.6708,-0.2982,0.212,0.7341,0.2849,-0.4183,-1.0,0.6199,-0.1224,0.557,-0.2188,0.5703,-0.3748,1.7871,1.0,1.2521
146511,1102,13.303,-6.4779,-1.6541,11.5005,6.6857,1.311,-2.8916,-1.0,2.8281,-2.1355,0.7948,-1.6719,2.2786,-0.6801,2.7853,1.0,9.4172
146511,1103,4.7823,3.9765,0.2924,-2.6384,3.9872,-0.621,0.0734,1.0,4.7385,-3.9163,-0.352,2.6421,3.9321,0.6295,-3.052,-1.0,9.5204
146511,1104,1.5138,0.7459,0.0607,-1.3116,0.7483,-1.3272,0.0811,1.0,14.0973,3.3052,-2.3779,-13.4961,4.0717,-1.9135,-0.6237,-1.0,1.6301
146511,1105,5.5658,0.3784,-0.3134,5.5431,0.4914,3.1182,-0.6918,1.0,4.4218,0.0423,2.7613,-3.4518,2.7616,-1.0475,1.5555,-1.0,9.4451
146511,1106,4.4446,-1.8577,-3.8898,1.0777,4.3107,0.2475,-2.0164,-1.0,1.5097,0.0485,-1.4145,-0.5146,1.4153,-0.356,-1.5365,1.0,1.9307
146511,1107,1.3058,0.0906,-0.7652,-1.0489,0.7706,-1.1152,-1.453,1.0,1.0789,-0.0138,0.7914,0.7255,0.7915,0.8211,1.5882,-1.0,2.3613
146511,1108,36.0156,-9.8485,9.8426,-33.2151,13.9237,-1.6038,2.3565,1.0,62.8285,-7.7809,0.1982,62.3445,7.7834,2.7777,3.1161,-1.0,92.2498
146511,1109,1.249,0.8638,0.7559,0.481,1.1478,0.4077,0.7189,-1.0,0.9377,-0.6827,-0.4267,-0.4691,0.8051,-0.5539,-2.5829,1.0,2.1542
146511,1110,8.8618,2.9685,5.7036,6.0972,6.4299,0.8443,1.0909,-1.0,9.0219,-2.4093,-5.0438,-7.0809,5.5897,-1.058,-2.0164,1.0,17.8357
146511,1111,1.8852,0.7343,0.2517,1.7147,0.7763,1.5333,0.3303,1.0,6.2423,5.3348,1.3238,2.9569,5.4966,0.5149,0.2432,-1.0,2.2173
146511,1112,6.255,-3.3402,-1.7191,-5.0002,3.7566,-1.0972,-2.6663,-1.0,1.0729,0.141,0.7355,-0.7611,0.7488,-0.8929,1.3814,1.0,3.0502
146511,1113,47.3821,-13.1035,-44.9718,7.134,46.8419,0.1517,-1.8543,1.0,45.0276,4.2507,35.6586,-27.1637,35.9111,-0.6983,1.4521,-1.0,89.2931
146511,1114,38.7966,3.3101,3.6045,38.4865,4.8938,2.7595,0.828,1.0,55.0603,2.5285,3.9302,-54.8615,4.6733,-3.1579,0.9991,-1.0,91.9245
146511,1115,1.434,-1.0961,0.276,-0.8761,1.1303,-0.7131,2.895,-1.0,3.35,-0.4725,3.076,-1.2354,3.1121,-0.3872,1.7232,1.0,2.1753
146511,1116,1.7472,1.1355,1.3105,-0.1869,1.734,-0.1076,0.8568,-1.0,2.286,0.3211,2.2551,0.1617,2.2778,0.0709,1.4293,1.0,1.1963
146511,1117,4.6239,-3.2138,-0.8675,3.2075,3.3288,0.8554,-2.878,-1.0,4.8037,3.4779,0.5429,-3.267,3.52,-0.8296,0.1549,1.0,9.4181
146511,1118,2.696,0.3235,2.0905,-1.6681,2.1154,-0.7237,1.4173,-1.0,0.999,0.8294,0.3847,0.3885,0.9143,0.4131,0.4343,1.0,2.1354
146511,1119,37.5928,-10.1103,33.3919,13.999,34.8889,0.3912,1.8648,1.0,60.7746,-0.5448,-60.559,5.0847,60.5614,0.0839,-1.5798,-1.0,91.9803
146511,1120,1.4709,1.2856,0.7065,-0.0224,1.4669,-0.0152,0.5025,-1.0,1.693,-1.335,-1.0348,0.0446,1.6891,0.0264,-2.4822,1.0,3.1464
146511,1121,0.2315,0.0255,-0.2012,0.0362,0.2028,0.1774,-1.4449,1.0,9.1455,-4.0029,2.3963,7.8653,4.6654,1.2936,2.6022,-1.0,2.2037
146511,1122,6.3293,-0.4703,2.501,5.7941,2.5449,1.561,1.7567,-1.0,3.708,-0.8143,-2.5276,-2.5858,2.6556,-0.8627,-1.8825,1.0,9.4235
146511,1123,2.6879,1.7819,-0.862,-1.8154,1.9794,-0.8215,-0.4506,-1.0,0.6819,-0.2812,0.0563,-0.6096,0.2867,-1.4986,2.944,1.0,1.6043
146511,1124,1.0522,0.8859,0.3896,0.3991,0.9678,0.4015,0.4143,-1.0,0.568,0.2192,-0.4623,0.2227,0.5117,0.4226,-1.1281,1.0,1.0058
146511,1125,4.0472,0.5302,2.5057,3.1319,2.5612,1.0305,1.3623,1.0,1.9717,0.0978,-0.8853,1.7559,0.8907,1.4307,-1.4608,-1.0,3.0523
146511,1126,3.1254,0.8959,2.1854,-2.0441,2.3619,-0.7829,1.1817,-1.0,3.0342,-0.8587,-2.2262,1.8713,2.386,0.7204,-1.939,1.0,6.1569
146511,1127,6.9201,-4.1577,-3.4016,-4.3611,5.3719,-0.7419,-2.4559,1.0,3.9655,-3.1102,0.2752,-2.4423,3.1224,-0.7187,3.0533,-1.0,3.1005
146511,1128,1.9161,-0.6272,-0.7189,1.6583,0.9541,1.32,-2.2881,-1.0,3.2424,-0.8861,2.6375,1.6615,2.7824,0.5664,1.8949,1.0,3.1013
146511,1129,46.4409,-17.1077,16.8529,-39.7499,24.0144,-1.2779,2.3637,1.0,44.8396,16.492,-16.2345,38.4061,23.1419,1.2802,-0.7775,-1.0,91.2665
146511,1130,45.1581,9.7379,-40.6191,17.161,41.7701,0.4001,-1.3355,1.0,47.0624,-12.772,42.9308,-14.446,44.7903,-0.3172,1.86,-1.0,92.1016
146511,1131,3.274,-1.4063,-2.8694,0.7044,3.1955,0.2187,-2.0265,1.0,1.1628,-0.1791,-0.6912,0.9116,0.714,1.0642,-1.8243,-1.0,1.3716
146511,1132,18.9666,3.7733,-2.6674,18.3948,4.6209,2.09,-0.6153,1.0,1.7184,0.6656,-0.0943,1.5779,0.6723,1.5889,-0.1408,-1.0,1.2766
146511,1133,1.5373,0.0381,1.3802,-0.6676,1.3808,-0.4664,1.5432,-1.0,1.7027,0.8925,-1.3166,0.5983,1.5906,0.3678,-0.9751,1.0,3.102
146511,1134,44.7069,32.4554,-27.1935,14.348,42.3419,0.3327,-0.6974,-1.0,44.5241,-32.8488,27.3253,-12.5169,42.7284,-0.2889,2.4477,1.0,89.2113
146511,1135,0.577,-0.0019,-0.1515,0.5466,0.1515,1.9951,-1.5835,-1.0,0.5969,0.0786,0.2048,-0.545,0.2194,-1.6414,1.2041,1.0,1.1702
146511,1136,13.8608,5.4309,-12.7521,0.0347,13.8604,0.0025,-1.1682,1.0,24.1336,-15.2767,17.2426,7.1926,23.0366,0.3074,2.2958,-1.0,35.6965
146511,1137,2.139,-1.3976,-0.3859,1.5691,1.4499,0.9383,-2.8722,-1.0,0.9165,0.3685,0.7237,0.4115,0.8121,0.4872,1.0998,1.0,2.0592
146511,1138,4.7096,2.1059,-4.0625,1.1091,4.5759,0.2401,-1.0926,-1.0,1.9334,1.8814,0.124,-0.4148,1.8854,-0.2183,0.0658,1.0,3.4982
146511,1139,6.1112,3.6306,2.2851,-4.3512,4.2899,-0.8914,0.5618,-1.0,4.2419,2.0825,3.4643,-1.2821,4.0421,-0.3121,1.0295,1.0,3.1235
146511,1140,8.231,-1.066,7.2244,-3.7959,7.3027,-0.4989,1.7173,1.0,12.1959,1.1717,-1.1452,-12.0849,1.6384,-2.696,-0.7739,-1.0,11.3176
146511,1141,4.0672,3.3992,-0.1003,-2.2286,3.4007,-0.6157,-0.0295,-1.0,5.4998,-4.1598,-1.7854,3.1216,4.5268,0.6441,-2.7362,1.0,9.3057
146511,1142,14.3196,-4.0421,-2.7779,13.4531,4.9046,1.7339,-2.5395,1.0,2.0302,0.8563,-1.3835,-1.2097,1.627,-0.6879,-1.0166,-1.0,9.4843
146511,1143,5.6919,5.6566,0.6226,0.0404,5.6908,0.0071,0.1096,-1.0,10.4157,3.4966,-9.1552,-3.5257,9.8002,-0.3524,-1.206,1.0,9.5247
146511,1144,2.2389,-1.9509,0.1521,-1.0826,1.9568,-0.5283,3.0638,-1.0,2.2399,1.9495,-0.1539,1.0871,1.9556,0.5306,-0.0788,1.0,4.4787
146511,1145,2.3106,1.3491,1.5375,1.0693,2.0455,0.5015,0.8506,1.0,2.6362,1.0981,-0.185,2.3871,1.1136,1.5061,-0.1669,-1.0,2.1692
146511,1146,3.4909,-1.4247,0.3131,3.1698,1.4587,1.5185,2.9252,-1.0,11.8894,-9.0952,-0.7551,7.6192,9.1265,0.7596,-3.0588,1.0,3.0474
146511,1147,4.6777,-0.2062,3.7832,-2.7412,3.7888,-0.6718,1.6252,1.0,4.6978,0.1728,-3.7852,2.775,3.7891,0.679,-1.5252,-1.0,9.3754
146511,1148,6.8384,-2.249,2.3451,-6.0163,3.2492,-1.3752,2.3353,1.0,4.9796,-2.553,1.108,-4.128,2.783,-1.1855,2.7321,-1.0,1.3334
146511,1149,54.7299,32.8911,36.7757,23.687,49.3384,0.4633,0.8411,1.0,41.4111,-18.9983,-35.7841,-8.569,40.5147,-0.21,-2.0589,-1.0,93.9178
146511,1150,0.9625,-0.7306,-0.1738,-0.5927,0.751,-0.7242,-2.908,1.0,0.6072,0.3857,0.2367,0.3908,0.4525,0.7815,0.5504,-1.0,1.5166
146511,1151,45.7432,27.9515,-35.8368,5.183,45.4485,0.1138,-0.9084,-1.0,48.6092,-29.3409,38.6605,-2.7067,48.5337,-0.0557,2.22,1.0,94.2674
146511,1152,0.9319,-0.525,-0.0276,0.7622,0.5257,1.1666,-3.0891,-1.0,1.8158,1.2243,-0.9621,0.9281,1.5571,0.5654,-0.6661,1.0,1.7956
146511,1153,7.0045,-5.7172,3.7796,1.4421,6.8536,0.2089,2.5575,-1.0,4.6451,2.4818,-3.8946,0.4885,4.6181,0.1056,-1.0034,1.0,11.0229
146511,1154,1.4459,-0.1361,1.4304,0.123,1.4368,0.0855,1.6656,1.0,1.1826,0.0542,0.7312,0.9218,0.7332,1.052,1.4968,-1.0,1.0669
146511,1155,4.3162,-2.533,1.7119,-3.045,3.0573,-0.8785,2.5473,-1.0,14.8309,-5.6148,2.7251,-13.4534,6.2411,-1.5111,2.6897,1.0,2.8887
146511,1156,10.7202,-2.8382,-3.6122,9.6855,4.5938,1.4911,-2.2368,-1.0,6.7535,-0.9112,-0.3338,6.6826,0.9704,2.6279,-2.7905,1.0,2.7908
146511,1157,2.3282,-0.9276,0.2367,-2.1196,0.9573,-1.5355,2.8918,-1.0,7.4309,-5.3095,0.9964,-5.1014,5.4022,-0.8414,2.9561,1.0,1.6358
146511,1158,2.5102,-0.354,-2.2202,1.1114,2.2483,0.4762,-1.7289,-1.0,3.7807,-0.4775,3.749,-0.0026,3.7793,-0.0007,1.6975,1.0,5.9429
146511,1159,6.3351,-2.3929,-3.8312,4.4404,4.5171,0.8693,-2.1291,-1.0,3.843,2.6689,2.5186,-1.1362,3.6697,-0.3049,0.7564,1.0,9.5329
146511,1160,1.5247,0.2425,-1.4941,0.149,1.5137,0.0983,-1.4099,1.0,3.4209,-2.5815,-1.6531,-1.5149,3.0654,-0.476,-2.572,-1.0,2.6866
146511,1161,0.5387,0.4994,-0.1272,-0.1158,0.5153,-0.2229,-0.2495,-1.0,12.8894,-0.2947,-6.4803,-11.1375,6.487,-1.3094,-1.6162,1.0,3.158
146511,1162,5.6332,4.3768,1.5824,3.1719,4.6541,0.6375,0.3469,1.0,23.2401,2.4383,17.5191,15.074,17.688,0.7729,1.4325,-1.0,9.4572
146511,1163,0.6929,-0.5608,-0.0105,0.393,0.5609,0.6532,-3.123,-1.0,0.7782,0.498,0.3987,-0.4331,0.6379,-0.6353,0.6751,1.0,1.417
146511,1164,8.3583,7.0578,-3.2008,3.1293,7.7497,0.3936,-0.4258,1.0,2.412,2.26,-0.5088,0.6632,2.3166,0.2825,-0.2215,-1.0,1.0163
146511,1165,6.3426,-0.5216,-5.5173,-3.0831,5.5419,-0.531,-1.6651,1.0,3.5582,0.2232,3.2994,1.309,3.307,0.3862,1.5033,-1.0,9.4801
146511,1166,75.7835,2.3465,-18.3205,-73.4982,18.4701,-2.0897,-1.4434,1.0,5.0074,1.8689,0.5173,-4.6155,1.9392,-1.6018,0.27,-1.0,9.524
146511,1167,5.327,-3.1627,2.4964,-3.4829,4.0292,-0.7822,2.4734,1.0,1.729,-0.7239,-0.2076,-1.5528,0.7531,-1.4709,-2.8623,-1.0,2.0209
146511,1168,6.2265,2.5653,5.2518,-2.144,5.8448,-0.3591,1.1164,1.0,3.6408,-0.8151,-3.3039,1.29,3.4029,0.3706,-1.8127,-1.0,9.4751
146511,1169,5.3435,-3.9833,-0.1666,-3.5563,3.9868,-0.8029,-3.0998,1.0,4.1172,3.784,-1.4289,0.7613,4.0448,0.1871,-0.3611,-1.0,8.8942
146511,1170,0.5311,-0.1307,0.0944,0.4948,0.1613,1.8399,2.516,-1.0,0.5451,0.0676,-0.2954,-0.4406,0.303,-1.1691,-1.3457,1.0,1.054
146511,1171,1.6756,-1.2565,0.7801,0.7806,1.4789,0.506,2.586,-1.0,1.4846,1.239,-0.6649,-0.4645,1.4061,-0.3246,-0.4925,1.0,3.1422
146511,1172,0.5692,-0.0955,0.5437,-0.0896,0.5521,-0.1616,1.7447,-1.0,0.6091,0.2759,-0.4229,-0.3239,0.505,-0.604,-0.9928,1.0,1.0818
146511,1173,2.4995,-0.0693,1.8489,1.6772,1.8502,0.8137,1.6083,1.0,11.0853,1.5925,0.0602,-10.9696,1.5936,-2.6275,0.0378,-1.0,9.6038
146511,1174,3.0184,-1.734,2.3362,-0.7968,2.9094,-0.2706,2.2093,-1.0,8.2705,-0.3497,-4.8798,-6.6674,4.8923,-1.1162,-1.6423,1.0,7.8046
146511,1175,50.8498,1.981,-38.8725,32.7215,38.9229,0.7641,-1.5199,-1.0,9.3076,-1.5805,-4.2505,8.1274,4.5348,1.3467,-1.9268,1.0,9.5145
146511,1176,2.9679,-0.9712,-2.1664,1.7779,2.3741,0.6922,-1.9922,-1.0,0.5873,-0.1659,0.0963,0.5449,0.1918,1.7669,2.6157,1.0,1.2906
146511,1177,1.3104,-0.547,-0.1471,-1.1769,0.5664,-1.4778,-2.8788,-1.0,0.7228,0.0308,-0.7035,-0.1243,0.7042,-0.1756,-1.5271,1.0,1.2044
146511,1178,4.9642,-2.1703,1.2472,-4.2857,2.5031,-1.307,2.62,1.0,12.3776,-8.1189,-2.6606,-8.9553,8.5438,-0.915,-2.8249,-1.0,4.1892
146511,1179,1.9323,1.1572,0.5936,-1.4251,1.3006,-0.9475,0.474,1.0,1.0283,-0.7662,-0.6603,-0.1526,1.0115,-0.1503,-2.4303,-1.0,2.4736
146511,1180,4.9612,-1.9513,-3.1324,3.3141,3.6904,0.8074,-2.1279,-1.0,4.4682,1.3106,2.2619,-3.6221,2.6141,-1.1296,1.0456,1.0,9.3622
146511,1181,7.2334,0.2974,-2.3983,6.8169,2.4167,1.7602,-1.4474,1.0,3.8532,-0.8365,3.6678,-0.8267,3.762,-0.218,1.795,-1.0,9.2265
146511,1182,0.788,0.4622,0.09,-0.6229,0.4709,-1.0923,0.1924,1.0,2.5122,-0.0792,1.2481,-2.1762,1.2506,-1.321,1.6342,-1.0,1.0577
146511,1183,1.2643,-0.6808,1.0589,0.05,1.2589,0.0397,2.1422,1.0,0.6835,-0.0814,0.1444,-0.6546,0.1658,-2.082,2.0842,-1.0,1.1829
146511,1184,2.3867,0.5235,-0.2362,2.3142,0.5743,2.1019,-0.4238,-1.0,2.5316,-0.1017,-1.1218,2.2647,1.1264,1.4483,-1.6612,1.0,1.0961
146511,1185,3.3098,-0.0521,-3.2967,-0.269,3.2971,-0.0815,-1.5866,-1.0,7.8423,-4.9896,5.749,1.8824,7.6123,0.2448,2.2856,1.0,9.5044
146511,1186,0.9516,-0.055,-0.0249,-0.9438,0.0604,-3.4437,-2.717,-1.0,0.9948,-0.78,-0.6051,0.0622,0.9872,0.0629,-2.4818,1.0,1.3846
146511,1187,45.5527,41.4933,7.6512,17.1697,42.1929,0.3965,0.1823,-1.0,43.2878,-38.9905,-6.7984,-17.5312,39.5788,-0.4296,-2.969,1.0,88.8004
146511,1188,1.6911,0.1444,-1.6086,-0.49,1.6151,-0.2989,-1.4813,1.0,1.3817,-0.1694,1.3406,-0.2683,1.3513,-0.1973,1.6965,-1.0,2.9656
146511,1189,9.3778,0.492,-6.1638,7.0498,6.1834,0.9771,-1.4911,1.0,6.4851,0.9855,-2.0805,6.0618,2.3021,1.6956,-1.1284,-1.0,3.0934
146511,1190,10.4276,-0.5747,1.9444,-10.2281,2.0276,-2.3211,1.8582,-1.0,2.528,1.5308,0.639,-1.9048,1.6588,-0.9825,0.3954,1.0,3.6132
146511,1191,1.3643,-0.5334,-0.6721,1.0555,0.8581,1.0351,-2.2417,1.0,0.6921,0.2532,0.259,0.5803,0.3622,1.2501,0.7967,-1.0,1.1421
146511,1192,49.7839,13.5001,38.6985,28.2595,40.9857,0.644,1.2351,1.0,43.8172,-4.8378,-43.4121,3.453,43.6808,0.079,-1.6818,-1.0,87.5113
146511,1193,48.2524,44.361,18.7372,3.0499,48.1558,0.0633,0.3996,1.0,47.296,-39.2461,-0.3729,-26.3915,39.2479,-0.6299,-3.1321,-1.0,90.6712
146511,1194,67.1545,1.9542,57.8577,34.035,57.8907,0.5584,1.537,1.0,33.5429,15.7645,-11.1743,-27.4177,19.3231,-1.1489,-0.6166,-1.0,87.1945
146511,1195,9.0431,4.4164,-3.7719,6.9308,5.8079,1.0117,-0.7069,-1.0,7.6909,-2.4131,6.9311,2.297,7.3391,0.3081,1.9058,1.0,13.4493
146511,1196,1.5658,-0.4338,0.2449,-1.4806,0.4981,-1.8097,2.6277,1.0,1.3651,0.8233,0.3422,-1.0283,0.8916,-0.9857,0.3939,-1.0,1.3412
146511,1197,11.2566,-3.7349,-1.05,10.5664,3.8797,1.7272,-2.8675,-1.0,17.8469,-2.1397,-1.5645,17.6487,2.6506,2.5946,-2.5102,1.0,3.0953
146511,1198,5.4987,-4.4125,3.2744,0.1799,5.4947,0.0327,2.5032,-1.0,6.3583,-5.8844,1.7859,1.6126,6.1495,0.2593,2.8469,1.0,2.3959
146511,1199,2.4043,1.4162,0.8158,-1.7602,1.6344,-0.9348,0.5226,1.0,5.6937,-1.3452,2.1943,-5.0776,2.5738,-1.4314,2.1207,-1.0,3.1234
146511,1200,0.2742,-0.2027,-0.0514,-0.1424,0.2091,-0.637,-2.8933,-1.0,16.3922,-7.6623,-3.4983,14.0622,8.4231,1.2852,-2.7133,1.0,3.0903
146511,1201,1.0675,-0.8829,-0.4758,-0.3499,1.003,-0.3421,-2.6473,1.0,2.5882,0.8163,1.1687,2.1577,1.4256,1.2022,0.9611,-1.0,3.1003
146511,1202,4.9902,3.0178,-2.0471,-3.4048,3.6467,-0.8337,-0.596,1.0,4.4704,-2.7886,2.0825,2.8036,3.4804,0.737,2.5002,-1.0,9.4386
146511,1203,3.2655,-0.0524,2.552,2.034,2.5525,0.7302,1.5913,1.0,1.0187,-0.8586,-0.3924,-0.3681,0.944,-0.3807,-2.7129,-1.0,3.1758
146511,1204,18.9852,6.1219,-7.7558,16.211,9.8808,1.2703,-0.9026,-1.0,21.3041,0.9525,-2.1043,21.1782,2.3098,2.9119,-1.1457,1.0,8.8319
146511,1205,14.5051,-1.7301,4.841,13.5632,5.1409,1.6974,1.914,-1.0,41.9969,-2.648,20.0721,36.7944,20.246,1.3588,1.702,1.0,4.0947
146511,1206,0.8258,0.1596,0.1226,0.7939,0.2013,2.0813,0.6548,-1.0,6.1988,1.3303,-5.8719,1.4713,6.0207,0.242,-1.348,1.0,2.9898
146511,1207,8.7484,4.3643,-2.7961,-7.0468,5.1832,-1.1142,-0.5698,-1.0,13.4844,2.4503,-2.8947,-12.9396,3.7926,-1.9412,-0.8684,1.0,4.0017
146511,1208,9.0727,-1.4383,8.9572,0.0621,9.0719,0.0068,1.73,1.0,10.8671,-2.9936,10.429,0.5987,10.8501,0.0551,1.8503,-1.0,1.303
146511,1209,1.4359,-0.3487,0.3991,1.3303,0.53,1.651,2.289,-1.0,0.318,0.2242,0.1821,-0.0808,0.2889,-0.2761,0.6823,1.0,1.0777
146511,1210,3.3964,2.6093,1.7559,1.2779,3.1451,0.3959,0.5923,-1.0,9.4988,1.6026,-3.1547,-8.8145,3.5384,-1.6439,-1.1008,1.0,9.4757
146511,1211,4.7494,-2.1089,-1.4667,-3.9933,2.5688,-1.2246,-2.5339,-1.0,4.7186,2.0263,1.4259,4.0143,2.4777,1.2596,0.6132,1.0,9.4675
146511,1212,2.3788,-0.9737,2.1555,-0.2302,2.3653,-0.0972,1.9951,-1.0,6.7637,-1.9079,3.6757,-5.3466,4.1413,-1.073,2.0496,1.0,3.1903
146511,1213,10.7634,-5.6593,-1.281,9.0648,5.8025,1.2288,-2.919,1.0,6.2279,-1.7779,0.6223,5.9353,1.8837,1.8651,2.8049,-1.0,2.8206
146511,1214,5.5928,-1.7464,2.4299,4.7238,2.9923,1.2376,2.194,-1.0,2.9328,-0.9172,-0.1942,2.777,0.9375,1.8064,-2.9329,1.0,2.0815
146511,1215,3.3772,-2.216,2.3035,-1.085,3.1964,-0.3332,2.3368,-1.0,6.8821,-2.7306,0.9878,-6.2386,2.9037,-1.5081,2.7945,1.0,4.0393
146511,1216,10.3289,0.3383,-5.6107,8.6649,5.6209,1.2176,-1.5106,1.0,23.2454,1.6106,-11.5385,20.1148,11.6504,1.3142,-1.4321,-1.0,1.033
146511,1217,2.5547,-0.7139,0.6965,-2.3495,0.9974,-1.5923,2.3685,-1.0,0.9414,0.3425,-0.4085,0.7687,0.533,1.1622,-0.8731,1.0,3.0826
146511,1218,0.968,-0.8899,0.2341,-0.2814,0.9202,-0.3013,2.8844,-1.0,8.6805,-6.1903,-0.234,6.0799,6.1947,0.8682,-3.1038,1.0,3.0565
146511,1219,0.5396,-0.4818,0.0481,-0.2134,0.4842,-0.4276,3.042,-1.0,2.0026,-1.0868,1.1774,1.1966,1.6023,0.6906,2.3162,1.0,1.2384
146511,1220,5.8986,-2.9467,0.268,-5.1017,2.9588,-1.313,3.0509,1.0,0.4263,-0.2992,0.2642,-0.1059,0.3991,-0.2623,2.4183,-1.0,1.4372
146511,1221,8.1202,-2.242,2.6481,7.3408,3.4698,1.4942,2.2733,-1.0,0.8686,0.384,-0.2424,0.7328,0.4541,1.2564,-0.5631,1.0,2.5247
146511,1222,44.2973,-18.1615,-40.4017,-0.3255,44.296,-0.0073,-1.9933,1.0,46.6927,6.073,41.7216,20.0656,42.1613,0.4596,1.4263,-1.0,87.9866
146511,1223,3.1046,-2.608,-0.735,-1.5119,2.7096,-0.5324,-2.8669,-1.0,4.8673,-3.7682,2.6748,-1.5251,4.621,-0.3243,2.5243,1.0,3.1481
146511,1224,7.0248,-1.0953,-2.2306,-6.5698,2.485,-1.6993,-2.0272,1.0,6.4961,-1.1777,-3.4523,-5.3742,3.6477,-1.1799,-1.8996,-1.0,1.6413
146511,1225,46.1766,-22.2765,13.4332,38.152,26.0134,1.1761,2.599,-1.0,45.2763,30.583,-6.3361,-32.7791,31.2325,-0.916,-0.2043,1.0,90.6389
146511,1226,4.3976,-4.1286,0.7894,-1.288,4.2034,-0.3018,2.9527,-1.0,4.1655,3.9996,-0.611,0.9851,4.046,0.2411,-0.1516,1.0,8.5549
146511,1227,1.4408,1.2541,-0.1218,-0.6907,1.26,-0.5239,-0.0968,-1.0,1.531,-0.6006,-0.1793,1.3928,0.6268,1.5388,-2.8514,1.0,2.7966
146511,1228,43.7494,9.6191,-0.6524,42.6738,9.6412,2.1932,-0.0677,1.0,43.7514,-7.8789,2.0532,-42.987,8.142,-2.3659,2.8867,-1.0,87.4718
146511,1229,12.2286,2.2552,0.9866,11.9778,2.4616,2.2858,0.4124,1.0,11.8858,2.9409,1.5841,11.4063,3.3404,1.942,0.4941,-1.0,1.0397
146511,1230,5.8392,-1.5739,3.4529,-4.4368,3.7947,-0.9961,1.9985,1.0,2.0024,1.7011,-0.3646,0.9858,1.7398,0.54,-0.2111,-1.0,6.3267
146511,1231,11.5599,-3.2112,-0.2749,11.1011,3.2229,1.9503,-3.0562,-1.0,10.789,-2.0094,-3.1005,10.1361,3.6947,1.734,-2.1458,1.0,3.1321
146511,1232,0.6894,0.4696,0.1301,0.4762,0.4872,0.8652,0.2703,-1.0,10.2876,4.1017,1.6368,9.2909,4.4162,1.4891,0.3797,1.0,1.0399
146511,1233,2.2372,0.3941,1.1576,-1.8705,1.2229,-1.2111,1.2426,1.0,3.5526,0.3787,-2.0133,-2.9006,2.0486,-1.1472,-1.3849,-1.0,3.0709
146511,1234,0.8006,-0.4749,0.6353,0.0245,0.7932,0.0309,2.2127,1.0,14.4764,-12.6351,5.7821,-4.0591,13.8952,-0.2881,2.7124,-1.0,2.013
146511,1235,2.2095,0.2416,-0.2429,-2.1802,0.3426,-2.55,-0.7882,-1.0,15.5119,4.105,-4.8505,-14.1503,6.3544,-1.5407,-0.8684,1.0,1.5901
146511,1236,4.1755,-2.1999,1.3905,3.2635,2.6026,1.0501,2.5779,-1.0,0.7252,0.0889,0.353,0.6183,0.364,1.3002,1.3241,1.0,1.2052
146511,1237,6.5703,-4.2107,4.7018,1.8222,6.3116,0.2848,2.3011,1.0,9.2399,4.8856,-3.5161,-7.0095,6.0193,-0.993,-0.6238,-1.0,14.8726
146511,1238,5.0175,-1.2373,0.7183,4.8081,1.4307,1.9267,2.6156,-1.0,17.7763,-3.6367,6.842,15.9984,7.7485,1.4722,2.0593,1.0,2.3953
146511,1239,8.036,3.0919,1.4997,-7.2634,3.4364,-1.4933,0.4516,1.0,1.8699,-1.5842,-0.3339,0.9295,1.6191,0.5465,-2.9338,-1.0,7.374
146511,1240,5.9293,-1.1018,1.6417,5.5889,1.9772,1.7622,2.1619,-1.0,4.7663,2.8657,2.3983,-2.9568,3.7368,-0.7258,0.6968,1.0,9.3827
146511,1241,6.4626,-3.3688,-3.6163,4.1626,4.9423,0.7653,-2.3208,1.0,6.2583,-3.6768,-4.7043,1.8725,5.9706,0.3087,-2.2342,-1.0,2.5546
146511,1242,1.2996,-0.7952,-0.8898,-0.5037,1.1934,-0.4105,-2.3001,-1.0,2.4352,-1.8465,0.6476,-1.4457,1.9567,-0.6842,2.8043,1.0,1.7639
146511,1243,0.3934,-0.2193,0.1236,0.2833,0.2517,0.9674,2.6285,-1.0,2.8764,-0.2059,-1.4509,2.4728,1.4655,1.2944,-1.7118,1.0,1.0737
146511,1244,25.3532,-19.3993,14.1402,8.1544,24.0058,0.3335,2.5117,-1.0,35.5143,22.9539,-14.9602,-22.5957,27.3987,-0.7518,-0.5776,1.0,59.0169
146511,1245,1.7993,-0.4437,-1.7399,-0.0455,1.7956,-0.0253,-1.8205,-1.0,1.0168,-0.562,0.1888,-0.8193,0.5928,-1.1275,2.8175,1.0,1.9404
146511,1246,5.28,0.5677,0.988,5.1545,1.1395,2.2144,1.0493,-1.0,13.6525,5.8681,0.4239,12.3193,5.8833,1.4849,0.0721,1.0,3.1133
146511,1247,3.7965,0.5524,3.7466,-0.2447,3.7871,-0.0646,1.4244,-1.0,3.0846,1.1856,0.2179,2.8373,1.2055,1.5915,0.1817,1.0,4.6786
146511,1248,55.7949,40.8598,-6.9258,-37.3574,41.4426,-0.8099,-0.1679,-1.0,36.6836,-34.0898,-2.4001,13.3343,34.1742,0.3809,-3.0713,1.0,88.5571
146511,1249,42.9266,-23.8534,35.2539,-5.555,42.5655,-0.1301,2.1657,-1.0,49.2122,31.5525,-37.2855,-6.0055,48.8443,-0.1226,-0.8685,1.0,91.0632
146511,1250,3.1825,0.0125,3.1606,0.3579,3.1606,0.113,1.5668,1.0,1.7845,-0.5248,0.9203,1.432,1.0595,1.1096,2.0891,-1.0,2.1334
146511,1251,8.4168,-0.4012,5.0393,6.7287,5.0552,1.0972,1.6503,-1.0,3.64,1.1106,-3.4517,0.3012,3.626,0.083,-1.2595,1.0,9.6396
146511,1252,3.3222,2.1052,-0.9308,2.3932,2.3018,0.9092,-0.4163,-1.0,2.0426,-0.1081,1.0559,1.7419,1.0614,1.2706,1.6729,1.0,2.7708
146511,1253,1.5337,-0.0912,1.5238,0.1028,1.5266,0.0673,1.6306,-1.0,1.5332,0.0905,-1.5234,-0.1031,1.5261,-0.0675,-1.5115,1.0,3.0669
146511,1254,6.4798,-1.7051,2.9958,5.4859,3.447,1.2445,2.0882,1.0,22.5042,-9.4198,12.0919,16.4767,15.328,0.9334,2.2326,-1.0,2.5136
146511,1255,4.463,3.0148,-1.7684,-2.7732,3.4952,-0.7275,-0.5305,-1.0,5.0747,-3.822,1.0855,3.1552,3.9731,0.7281,2.8649,1.0,9.4711
146511,1256,8.5804,-5.4466,-5.3579,-3.9037,7.6402,-0.491,-2.3644,-1.0,6.6681,-0.0265,2.2389,-6.28,2.239,-1.7548,1.5826,1.0,9.4405
146511,1257,5.5693,-1.7987,-4.0954,-3.3164,4.473,-0.6863,-1.9846,-1.0,4.3205,-0.9281,3.182,2.7693,3.3146,0.7601,1.8546,1.0,9.4466
146511,1258,1.0659,-0.0849,0.1528,-1.0461,0.1748,-2.4891,2.078,-1.0,7.1537,-1.2867,-2.6176,-6.5312,2.9168,-1.5458,-2.0277,1.0,1.4795
146511,1259,45.1152,41.3113,-1.5711,-18.0631,41.3412,-0.4241,-0.038,-1.0,44.5407,-41.6702,2.7112,15.4954,41.7583,0.363,3.0766,1.0,89.6112
146511,1260,19.0918,0.8575,-7.6142,-17.4864,7.6624,-1.5631,-1.4586,1.0,3.0375,-0.23,-1.0276,-2.8472,1.053,-1.7204,-1.791,-1.0,1.0852
146511,1261,1.0875,0.9252,-0.3819,0.4117,1.001,0.4005,-0.3914,-1.0,1.6064,-1.3068,-0.7152,-0.5918,1.4897,-0.3875,-2.6409,1.0,2.4239
146511,1262,37.0782,-4.9747,22.2542,-29.2367,22.8035,-1.0675,1.7907,1.0,14.2103,-9.014,0.127,-10.9843,9.0148,-1.0277,3.1275,-1.0,17.7816
146511,1263,51.2763,-42.8244,27.4368,6.5221,50.8597,0.1279,2.5718,-1.0,43.8594,38.0126,-12.9435,17.6391,40.1559,0.4262,-0.3282,1.0,90.7404
146511,1264,4.9643,-2.3292,-1.1241,4.2361,2.5863,1.2689,-2.6919,1.0,9.9946,-1.6051,0.3789,9.8571,1.6492,2.488,2.9098,-1.0,3.0198
146511,1265,6.2333,1.5204,-0.171,-6.0417,1.53,-2.0822,-0.112,1.0,3.6613,0.1483,-0.1137,3.655,0.1869,3.6673,-0.6542,-1.0,9.452
146511,1266,15.2569,0.1019,-3.2813,14.8992,3.2829,2.2177,-1.5397,1.0,0.6133,0.2744,-0.161,0.5136,0.3182,1.2565,-0.5307,-1.0,1.5232
146511,1267,46.1132,-0.1448,11.283,-44.7112,11.2839,-2.0855,1.5836,1.0,44.298,0.6549,-7.6073,43.6348,7.6354,2.4438,-1.4849,-1.0,90.3285
146511,1268,23.2873,5.1635,-4.2111,22.3135,6.663,1.9234,-0.6841,-1.0,7.0089,0.7478,-0.6358,6.9391,0.9815,2.6539,-0.7047,1.0,1.9272
146511,1269,4.1912,-1.4002,0.2339,-3.942,1.4196,-1.7454,2.9761,1.0,4.7033,-3.6523,-2.7528,-1.0922,4.5735,-0.2366,-2.4957,-1.0,4.6793
146511,1270,46.5776,17.528,34.5944,25.7965,38.7815,0.6239,1.1018,1.0,46.5915,-17.6193,-34.4069,-26.0093,38.6558,-0.6303,-2.0441,-1.0,93.1686
146511,1271,0.8538,0.8378,0.0381,0.1209,0.8386,0.1436,0.0455,-1.0,0.9703,-0.1551,-0.1082,0.9458,0.1891,2.3128,-2.5324,1.0,1.311
146511,1272,2.7578,-0.9713,0.3712,-2.5521,1.0398,-1.6301,2.7765,1.0,21.9791,-6.1869,-0.8202,-21.0741,6.241,-1.9313,-3.0098,-1.0,1.5084
146511,1273,1.4697,-1.3038,0.218,-0.6337,1.3219,-0.4627,2.9759,-1.0,1.6055,1.5322,-0.0215,0.4673,1.5324,0.3004,-0.014,1.0,3.0559
146511,1274,8.8841,2.7061,1.1869,-8.3777,2.9549,-1.765,0.4134,1.0,0.1579,0.0286,-0.0694,-0.0902,0.0751,-1.0168,-1.1804,-1.0,1.152
146511,1275,6.0469,0.0101,-4.9687,3.4446,4.9687,0.6471,-1.5688,-1.0,1.6413,-0.7077,0.8187,-1.2294,1.0822,-0.9744,2.2836,1.0,6.0408
146511,1276,6.4025,-2.8068,-1.6069,5.5246,3.2342,1.305,-2.6216,-1.0,1.7312,-0.887,0.2415,1.4631,0.9192,1.2446,2.8758,1.0,1.3494
146511,1277,14.8414,0.7505,4.9739,-13.9626,5.0302,-1.745,1.421,-1.0,2.6006,-1.7882,-1.7943,0.5786,2.5332,0.2265,-2.3545,1.0,10.6727
146511,1278,5.5328,-3.9063,1.0577,-3.7714,4.0469,-0.8324,2.8772,1.0,4.485,2.7105,-3.3641,1.2001,4.3202,0.2743,-0.8926,-1.0,9.3272
146511,1279,1.3058,0.3266,-0.9022,0.8793,0.9595,0.821,-1.2234,1.0,17.4719,4.1265,-2.0234,16.8563,4.5959,2.0108,-0.4559,-1.0,3.108
146511,1280,1.3193,0.4728,-1.1787,0.3412,1.27,0.2655,-1.1893,1.0,4.74,-2.7448,1.9038,-3.3613,3.3404,-0.8858,2.5352,-1.0,4.6804
146511,1281,14.7492,-1.4884,14.5824,1.6327,14.6581,0.1112,1.6725,-1.0,15.7135,-1.8868,-14.4908,5.7758,14.6131,0.3856,-1.7003,1.0,29.3545
146511,1282,3.325,1.2044,0.1727,-3.0926,1.2167,-1.6626,0.1424,1.0,21.8794,6.7112,3.2544,-20.5686,7.4586,-1.7389,0.4515,-1.0,1.0053
146511,1283,2.6576,-0.9795,1.7452,-1.7454,2.0013,-0.788,2.0822,1.0,3.7752,-2.0465,-1.0936,-2.9761,2.3203,-1.0678,-2.6508,-1.0,3.0834
146511,1284,53.4093,-26.5787,-1.3038,-46.3078,26.6106,-1.321,-3.0926,-1.0,35.7202,19.8798,-4.0097,29.4047,20.2801,1.1667,-0.199,1.0,87.0932
146511,1285,46.4414,-2.6754,-33.7771,-31.7607,33.8829,-0.8364,-1.6498,-1.0,49.1571,3.7998,45.6938,17.7212,45.8515,0.3775,1.4878,1.0,93.8013
146511,1286,2.9934,-1.2319,2.7256,-0.0568,2.991,-0.019,1.9953,1.0,1.3518,-0.8976,-0.8633,0.5148,1.2454,0.4024,-2.3757,-1.0,3.2662
146511,1287,1.0732,-0.4949,0.4333,0.8414,0.6578,1.0656,2.4224,1.0,0.966,0.0625,-0.3877,0.8763,0.3927,1.5425,-1.4109,-1.0,1.0095
146511,1288,3.3406,-2.2817,-2.4274,0.2229,3.3314,0.0669,-2.3253,1.0,9.4732,-1.7171,-6.1316,-7.0132,6.3674,-0.9513,-1.8438,-1.0,5.3701
146511,1289,10.1673,-0.0053,-2.2916,-9.9051,2.2916,-2.1701,-1.5731,1.0,9.1208,1.2317,-4.4542,-7.8626,4.6214,-1.3015,-1.301,-1.0,3.0542
146511,1290,2.0461,-1.0582,1.2982,1.1705,1.6749,0.6517,2.2547,1.0,9.7506,6.2573,-3.0508,-6.8266,6.9614,-0.8676,-0.4536,-1.0,8.7788
146511,1291,1.7747,-1.2627,-1.1726,-0.411,1.7232,-0.2363,-2.3931,-1.0,1.3684,0.8265,1.0763,0.1414,1.357,0.104,0.9159,1.0,3.0995
146511,1292,1.988,-1.8145,-0.7464,-0.3024,1.962,-0.1535,-2.7513,-1.0,5.4147,-4.4668,1.4625,2.6863,4.7002,0.5443,2.8252,1.0,3.0247
146511,1293,10.8405,0.4442,2.3307,-10.5772,2.3727,-2.2002,1.3825,-1.0,7.5082,0.976,3.0172,-6.8049,3.1711,-1.507,1.2579,1.0,1.9811
146511,1294,0.3782,-0.0035,-0.3553,0.0752,0.3553,0.2102,-1.5806,1.0,1.9475,1.1605,0.7432,1.372,1.3781,0.8782,0.5696,-1.0,1.351
146511,1295,2.0818,0.4972,-1.2558,1.5807,1.3506,0.9969,-1.1938,-1.0,3.3996,2.2983,0.3386,2.4798,2.3231,0.9283,0.1463,1.0,2.2141
146511,1296,1.5417,1.0748,0.6406,-0.8945,1.2513,-0.6648,0.5375,-1.0,1.4592,-0.4076,-1.3285,0.4323,1.3897,0.3063,-1.8685,1.0,2.806
146511,1297,4.6151,0.6269,-0.3037,4.561,0.6966,2.578,-0.4512,-1.0,2.3827,0.0788,-1.1173,-2.1004,1.1201,-1.3864,-1.5004,1.0,6.3559
146511,1298,4.3414,2.5174,3.3029,-1.2612,4.1529,-0.2992,0.9196,1.0,1.6906,1.5613,-0.5201,-0.3724,1.6457,-0.2244,-0.3216,-1.0,3.0557
146511,1299,0.9064,-0.1282,0.262,-0.8517,0.2917,-1.7929,2.0259,1.0,2.2082,-0.427,-1.1824,-1.8124,1.2572,-1.1619,-1.9173,-1.0,1.2035
146511,1300,3.1103,0.6209,-2.0969,-2.2091,2.1869,-0.8885,-1.2829,-1.0,4.3481,-2.1057,3.7013,0.8725,4.2584,0.2035,2.088,1.0,7.0044
146511,1301,1.8966,-1.1697,1.2666,-0.7833,1.7241,-0.44,2.3165,1.0,4.2621,-0.3855,-0.36,-4.228,0.5274,-2.7785,-2.3904,-1.0,3.0945
146511,1302,3.6795,-3.5069,1.1071,0.0618,3.6775,0.0168,2.8358,1.0,10.2043,3.0984,4.4559,-8.6407,5.4272,-1.2448,0.9632,-1.0,9.3834
146511,1303,0.6408,-0.4176,-0.314,0.3557,0.5225,0.6369,-2.4969,-1.0,0.8159,0.6701,0.4419,0.1011,0.8027,0.1256,0.583,1.0,1.354
146511,1304,7.7592,-0.2886,-1.7539,7.5522,1.7775,2.1533,-1.7339,-1.0,18.8845,12.5907,-6.8886,12.2732,14.352,0.7752,-0.5006,1.0,9.5292
146511,1305,42.1591,9.8598,13.6081,38.665,16.8047,1.5706,0.9438,-1.0,49.0816,-3.5182,-9.2049,-48.0821,9.8543,-2.2885,-1.9359,1.0,90.4245
146511,1306,12.2046,3.5459,7.3864,-9.0448,8.1935,-0.953,1.1232,-1.0,3.2446,2.0946,0.894,-2.3087,2.2774,-0.8911,0.4034,1.0,3.0654
146511,1307,1.7413,1.4931,-0.3789,0.8051,1.5404,0.5014,-0.2485,1.0,1.7666,-1.631,-0.2408,0.6256,1.6487,0.3709,-2.995,-1.0,3.1393
146511,1308,15.5009,-8.9697,8.5135,9.345,12.3667,0.6977,2.3823,-1.0,15.5282,8.9321,-9.0664,-8.8957,12.7272,-0.6518,-0.7929,1.0,31.0209
146511,1309,39.1962,-12.7489,25.8247,26.5872,28.8002,0.826,2.0294,-1.0,52.1288,16.9854,-26.9371,-41.2709,31.8451,-1.076,-1.0082,1.0,90.0303
146511,1310,8.769,0.7646,-1.241,8.6464,1.4576,2.4805,-1.0187,-1.0,3.1962,0.969,-0.9208,2.9014,1.3367,1.5174,-0.7599,1.0,1.4623
146511,1311,42.9355,-23.579,-32.8614,14.4088,40.4455,0.3491,-2.1932,-1.0,45.6826,30.1786,31.4227,-13.7388,43.5676,-0.3103,0.8056,1.0,88.3578
146511,1312,10.2797,-2.918,-2.4389,-9.5498,3.803,-1.6514,-2.4454,1.0,13.7477,-0.5114,-2.7814,-13.4533,2.8281,-2.2637,-1.7526,-1.0,3.0272
146511,1313,9.1332,-3.4367,5.9823,5.9838,6.8992,0.7844,2.0922,1.0,4.6187,0.5335,-1.615,4.2929,1.7008,1.6561,-1.2517,-1.0,7.4836
146511,1314,1.6425,-0.1546,0.6498,-1.4969,0.668,-1.5465,1.8043,1.0,0.5106,0.3988,0.0949,0.2856,0.4099,0.6501,0.2335,-1.0,1.5984
146511,1315,10.1136,-3.5583,1.6985,9.3128,3.9429,1.5947,2.6962,1.0,11.9594,-3.1388,-1.1364,11.4835,3.3382,1.9491,-2.7942,-1.0,3.0924
146511,1316,10.6718,4.2279,0.5872,-9.7804,4.2685,-1.5668,0.138,-1.0,38.7108,11.0212,-1.1901,-37.0895,11.0853,-1.9225,-0.1076,1.0,2.9924
146511,1317,6.5382,1.5477,-0.251,6.3466,1.568,2.1062,-0.1608,-1.0,5.5116,1.0416,1.0367,5.311,1.4696,1.9966,0.7831,1.0,1.4062
146511,1318,2.1063,1.8807,0.3064,-0.8914,1.9055,-0.4522,0.1615,-1.0,2.254,-0.3926,2.1911,0.3379,2.226,0.1512,1.7481,1.0,3.2022
146511,1319,4.5423,0.8784,4.296,1.1808,4.3849,0.2661,1.3691,1.0,5.3323,-0.9175,-3.711,-3.716,3.8227,-0.8615,-1.8132,-1.0,9.5256
146511,1320,0.5684,0.0366,-0.3009,-0.4691,0.3031,-1.221,-1.4498,-1.0,0.6229,0.0928,0.4755,0.3771,0.4844,0.7157,1.378,1.0,1.1677
146511,1321,1.1684,0.7844,-0.8539,0.0984,1.1595,0.0848,-0.8278,-1.0,2.3134,0.147,-2.2005,-0.6904,2.2054,-0.3081,-1.5041,1.0,1.2552
146511,1322,1.9105,-0.5179,1.4273,-1.1547,1.5184,-0.7015,1.9189,-1.0,2.1198,1.2794,-1.654,-0.331,2.0911,-0.1576,-0.9124,1.0,3.6612
146511,1323,6.534,-5.042,-1.065,4.0157,5.1532,0.7164,-2.9334,-1.0,4.3431,3.635,1.9295,1.3839,4.1153,0.3302,0.488,1.0,9.2966
146511,1324,1.305,0.3504,-1.1033,0.5931,1.1576,0.4922,-1.2633,1.0,0.8556,-0.7152,-0.3617,0.2803,0.8014,0.343,-2.6734,-1.0,1.2751
146511,1325,46.8619,-43.2185,-10.4468,14.8005,44.4632,0.327,-2.9044,1.0,93.0246,19.2178,11.9337,90.2321,22.6216,2.092,0.5557,-1.0,89.2085
146511,1326,48.4616,19.2523,4.0058,-44.2924,19.6646,-1.5511,0.2051,-1.0,2.2849,1.1073,-0.3977,-1.9558,1.1766,-1.2815,-0.3448,1.0,2.9621
146511,1327,2.1851,-0.9338,1.9517,-0.2867,2.1636,-0.1321,2.017,1.0,1.0769,0.4831,-0.9198,-0.2631,1.0389,-0.2507,-1.0872,-1.0,3.0117
146511,1328,37.7836,3.8418,22.9591,-29.7609,23.2783,-1.0653,1.405,-1.0,34.0501,-4.8038,-21.2444,26.1724,21.7807,1.017,-1.7932,1.0,71.7171
146511,1329,2.8187,1.4614,0.1886,-2.4005,1.4735,-1.2643,0.1283,-1.0,1.0615,0.1183,0.889,0.5578,0.8969,0.5876,1.4385,1.0,2.829
146511,1330,5.34,4.6116,1.152,2.4312,4.7533,0.4914,0.2448,1.0,4.3285,-2.8316,-1.8077,-2.7275,3.3594,-0.7419,-2.5734,-1.0,9.476
146511,1331,2.7271,-0.2556,0.795,2.5939,0.8351,1.8515,1.8819,-1.0,2.1529,0.7268,-0.1262,-2.0198,0.7377,-1.7322,-0.1719,1.0,4.7766
146511,1332,2.1719,0.7622,2.0005,0.3512,2.1407,0.1633,1.2068,-1.0,0.7205,-0.5703,0.4191,-0.0841,0.7077,-0.1185,2.5079,1.0,1.5504
146511,1333,53.2587,33.6619,-1.3788,41.2486,33.6901,1.0315,-0.0409,1.0,49.3879,-47.0707,-10.5543,10.5883,48.2394,0.2178,-2.921,-1.0,86.7586
146511,1334,49.3139,13.4648,-33.5805,33.5096,36.1795,0.8282,-1.1895,-1.0,43.1411,-24.5686,32.841,-13.379,41.014,-0.3207,2.2131,1.0,89.548
146511,1335,10.4671,-5.129,-8.2696,3.8544,9.731,0.3864,-2.126,-1.0,3.4396,3.1109,-0.2719,1.4381,3.1227,0.4456,-0.0872,1.0,9.3998
146511,1336,10.7977,-4.9434,-2.0623,-9.3749,5.3563,-1.326,-2.7464,1.0,27.6586,-10.081,-5.791,-25.0963,11.6259,-1.5124,-2.6202,-1.0,1.7932
146511,1337,1.5656,0.7682,0.4762,1.274,0.9038,1.1435,0.5549,1.0,22.7586,7.8475,-3.9242,20.9991,8.774,1.6069,-0.4637,-1.0,3.0755
146511,1338,45.1087,-42.7158,12.6403,-7.0972,44.5468,-0.1587,2.8539,-1.0,44.6327,42.5328,-11.4536,7.2007,44.0479,0.1628,-0.263,1.0,89.7334
146511,1339,9.3466,-4.6931,6.1376,-5.2585,7.7263,-0.6367,2.2236,-1.0,2.905,-1.007,1.5504,-2.2384,1.8487,-1.0229,2.1468,1.0,1.5174
146511,1340,6.8002,-2.1472,1.7042,6.2222,2.7413,1.5582,2.4707,-1.0,2.9726,-0.2898,0.92,2.8098,0.9646,1.7905,1.876,1.0,1.0508
146511,1341,5.0376,-3.8442,2.4728,2.115,4.5709,0.4476,2.57,-1.0,4.8295,3.7414,-3.0384,0.2881,4.8198,0.0597,-0.6821,1.0,9.5527
146511,1342,19.232,-18.2013,-4.9127,3.7995,18.8527,0.2002,-2.878,-1.0,32.6121,24.0112,12.8375,-17.9499,27.2276,-0.619,0.491,1.0,48.8981
146511,1343,7.555,-3.2814,-3.8006,-5.644,5.0212,-0.9664,-2.283,1.0,0.6734,0.3062,0.369,-0.4609,0.4795,-0.8536,0.8782,-1.0,3.1321
146511,1344,62.6763,-24.5861,-37.1562,-44.0823,44.5541,-0.8739,-2.1553,-1.0,35.1502,28.4163,9.0193,18.6198,29.8133,0.5898,0.3073,1.0,90.0852
146511,1345,5.4886,-2.1536,-2.0172,-4.6267,2.9508,-1.2319,-2.3889,-1.0,2.2055,-1.815,-1.2272,-0.2301,2.191,-0.1048,-2.547,1.0,3.0554
146511,1346,1.0401,-0.6692,-0.4862,0.6216,0.8272,0.6944,-2.5133,1.0,0.4452,-0.1491,0.4029,0.0502,0.4296,0.1166,1.9253,-1.0,1.0384
146511,1347,18.0548,3.7394,-2.9905,17.408,4.7881,2.0023,-0.6746,1.0,33.9527,6.0135,-3.1915,33.263,6.8079,2.2898,-0.4879,-1.0,1.9733
146511,1348,2.2381,-0.6969,-1.2852,-1.6913,1.462,-0.9881,-2.0677,-1.0,1.1684,0.2085,0.5295,1.0149,0.5691,1.3423,1.1957,1.0,3.2151
146511,1349,22.7953,-9.6767,2.9395,-20.4287,10.1133,-1.4525,2.8467,-1.0,30.742,9.3903,-6.7294,28.4885,11.5526,1.6345,-0.6218,1.0,52.7905
146511,1350,3.3254,-0.7925,3.0621,-1.021,3.163,-0.3174,1.8241,1.0,17.6754,15.0032,9.1847,1.7187,17.5913,0.0975,0.5493,-1.0,9.4137
146511,1351,34.8097,7.6382,19.9137,27.5101,21.3284,1.0722,1.2045,1.0,3.8448,-2.0321,0.9075,3.1334,2.2255,1.1426,2.7216,-1.0,9.4969
146511,1352,1.7308,-1.1342,0.7265,-1.0819,1.3469,-0.7352,2.5719,1.0,0.7356,0.2306,0.3421,-0.5997,0.4126,-1.1688,0.9776,-1.0,1.1389
146511,1353,1.5452,0.8905,-1.2518,-0.1291,1.5362,-0.0839,-0.9525,-1.0,0.5091,-0.3689,0.3206,-0.0956,0.4888,-0.1944,2.4261,1.0,1.7409
146511,1354,41.2484,29.9159,12.6928,-25.4038,32.4972,-0.7183,0.4013,1.0,56.9221,-16.9532,-37.2372,39.5739,40.9147,0.858,-1.998,-1.0,93.0924
146511,1355,8.3317,-2.4349,-0.7774,7.9293,2.556,1.8503,-2.8326,-1.0,17.8052,-6.3194,-0.6012,16.6349,6.3479,1.6911,-3.0467,1.0,1.0977
146511,1356,2.1983,0.1727,-1.8822,-1.1176,1.8901,-0.5613,-1.4793,1.0,1.4305,-0.4008,1.2542,0.5492,1.3166,0.4059,1.8801,-1.0,3.5212
146511,1357,2.3262,-0.5271,-0.731,2.1419,0.9012,1.6004,-2.1955,-1.0,2.8052,1.3915,0.1021,2.4314,1.3952,1.3223,0.0733,1.0,2.0673
146511,1358,4.3585,-0.4823,-0.3713,4.3145,0.6087,2.6565,-2.4855,-1.0,1.3702,-1.211,0.5959,0.2117,1.3496,0.1562,2.6843,1.0,3.0682
146511,1359,2.1035,-1.2313,1.6914,0.1917,2.0921,0.0915,2.2001,-1.0,0.4333,0.182,0.1212,0.3588,0.2187,1.2705,0.5875,1.0,1.3212
146511,1360,24.5513,-4.6116,4.2418,23.738,6.2658,2.0421,2.3979,1.0,34.0456,-9.6553,4.6004,32.3219,10.6952,1.8254,2.697,-1.0,3.0252
146511,1361,7.5178,3.0339,1.6092,6.6867,3.4343,1.4197,0.4877,-1.0,1.8736,-0.3096,0.4346,1.7929,0.5336,1.9265,2.1897,1.0,2.167
146511,1362,1.0941,0.3299,-0.4651,0.9278,0.5702,1.2633,-0.9538,-1.0,7.2288,-4.8735,0.2647,5.3313,4.8807,0.9452,3.0873,1.0,3.0675
146511,1363,5.9005,-1.6611,-4.1141,-3.8883,4.4368,-0.7912,-1.9545,-1.0,10.4921,-1.7841,-7.862,-6.714,8.0619,-0.7581,-1.7939,1.0,1.0041
146511,1364,4.2023,-0.4255,-4.1696,-0.2864,4.1912,-0.0683,-1.6725,-1.0,1.8459,0.8833,-1.5911,-0.2903,1.8198,-0.1588,-1.064,1.0,1.6892
146511,1365,2.3441,-0.3133,0.7773,2.1866,0.8381,1.687,1.9539,-1.0,3.2711,-1.376,1.7906,2.3642,2.2582,0.9142,2.226,1.0,1.1718
146511,1366,1.0829,0.7989,-0.2116,0.6917,0.8264,0.7613,-0.2589,1.0,6.8527,2.9386,0.7538,6.1436,3.0338,1.4548,0.2511,-1.0,1.4099
146511,1367,8.7293,4.0948,-1.0811,7.6325,4.2351,1.3515,-0.2581,1.0,0.9029,-0.0436,0.4132,0.7946,0.4155,1.4037,1.6759,-1.0,2.2151
146511,1368,3.0597,1.0281,-1.2444,-2.5971,1.6142,-1.2537,-0.8803,1.0,1.4634,0.5875,0.4822,-1.246,0.7601,-1.2697,0.6873,-1.0,1.5803
146511,1369,0.8029,0.1659,-0.7662,0.1374,0.7839,0.1744,-1.3575,-1.0,1.272,-0.7048,-0.7793,-0.7091,1.0507,-0.632,-2.306,1.0,1.14
146511,1370,3.6473,-1.3859,1.9988,-2.7159,2.4323,-0.9615,2.1771,1.0,10.2051,-1.5192,-0.6585,-10.0693,1.6558,-2.5051,-2.7326,-1.0,4.2653
146511,1371,48.7803,18.81,-4.6573,44.766,19.378,1.5743,-0.2427,-1.0,41.0387,-21.5527,2.6748,-34.8208,21.718,-1.2507,3.0181,1.0,89.2025
146511,1372,14.1373,12.3142,3.8911,-5.7508,12.9144,-0.4318,0.3061,-1.0,4.9024,2.8489,1.977,-3.4637,3.4677,-0.8806,0.6067,1.0,3.6396
146511,1373,6.2556,-1.6163,1.1902,-5.9239,2.0072,-1.8029,2.5068,1.0,4.0117,-0.8696,1.1052,3.7556,1.4063,1.7088,2.2374,-1.0,9.4481
146511,1374,44.2359,-5.2476,43.6121,-5.2199,43.9267,-0.1186,1.6905,1.0,50.4953,-6.7335,-49.9411,3.2117,50.393,0.0637,-1.7048,-1.0,93.7356
146511,1375,0.942,0.6481,-0.3128,0.5986,0.7197,0.7573,-0.4496,1.0,6.388,2.0178,-0.0429,6.0599,2.0182,1.8193,-0.0213,-1.0,1.4698
146511,1376,6.2701,1.9098,-0.5055,5.9498,1.9756,1.8221,-0.2588,1.0,3.1527,2.57,-0.7858,1.6451,2.6874,0.5792,-0.2967,-1.0,3.0613
146511,1377,38.077,-30.0194,23.109,-3.828,37.8839,-0.1009,2.4855,1.0,60.5187,24.6896,-40.0544,38.0601,47.0524,0.7396,-1.0184,-1.0,90.7399
146511,1378,1.8817,-1.5634,-0.9285,0.4724,1.8184,0.257,-2.6057,-1.0,1.9795,1.3878,-0.5454,1.2976,1.4911,0.7865,-0.3744,1.0,3.094
146511,1379,3.4097,-2.2031,-2.5619,0.4452,3.3789,0.1314,-2.281,1.0,3.2849,-0.0547,-2.7917,1.727,2.7922,0.5846,-1.5904,-1.0,2.5181
146511,1380,1.4914,0.6402,-1.1103,0.7553,1.2816,0.5597,-1.0478,1.0,4.8197,2.2141,-4.2316,0.6401,4.7759,0.1336,-1.0887,-1.0,1.0954
146511,1381,10.5187,-2.3135,1.3015,10.1777,2.6545,2.0537,2.6292,1.0,50.2253,-13.4264,6.0841,48.0134,14.7405,1.8968,2.7161,-1.0,1.1571
146511,1382,9.5728,5.5292,-1.4619,7.6758,5.7192,1.1039,-0.2585,-1.0,8.454,-6.8588,2.4701,-4.2794,7.2901,-0.5577,2.7959,1.0,17.6251
146511,1383,56.1444,24.7427,23.0393,-44.8238,33.8085,-1.0941,0.7498,-1.0,36.9006,-22.3292,-14.5686,25.5108,26.6616,0.8505,-2.5635,1.0,90.5914
146511,1384,47.5423,-36.7582,-29.479,6.3307,47.1188,0.134,-2.4657,-1.0,47.0735,37.0215,23.0038,17.7802,43.5863,0.3974,0.556,1.0,91.2623
146511,1385,8.3564,-7.7847,1.7841,2.4563,7.9865,0.3029,2.9163,1.0,0.2155,-0.092,0.1598,-0.0355,0.1844,-0.1911,2.0931,-1.0,1.3398
146511,1386,4.1442,-4.0588,0.646,0.5217,4.1099,0.1266,2.9837,-1.0,1.1154,0.0609,-0.6429,0.9032,0.6458,1.1372,-1.4763,1.0,3.1064
146511,1387,12.0884,1.8096,2.578,-11.6704,3.1497,-2.0206,0.9588,-1.0,28.147,6.0343,2.0168,-27.4183,6.3624,-2.1672,0.3226,1.0,2.8854
146511,1388,49.0071,-43.1152,-22.6733,5.3563,48.7134,0.1097,-2.6575,1.0,46.0727,41.1544,19.7653,6.1917,45.6547,0.1352,0.4477,-1.0,94.3108
146511,1389,3.4964,3.3343,1.014,-0.2605,3.485,-0.0747,0.2952,-1.0,1.7916,0.4912,1.4971,0.8462,1.5757,0.5141,1.2537,1.0,2.5845
146511,1390,44.3507,5.9845,-9.8458,42.8278,11.5219,2.0237,-1.0246,1.0,49.2367,-5.1679,2.9716,-48.8744,5.9614,-2.8008,2.6197,-1.0,93.135
146511,1391,5.5802,-1.0184,3.2872,4.3915,3.4413,1.0638,1.8712,-1.0,5.3119,2.0197,1.9917,-4.4899,2.8365,-1.2399,0.7784,1.0,9.4742
146511,1392,1.3073,0.8217,0.2435,0.9816,0.857,0.9805,0.2881,1.0,1.1568,-0.8558,-0.0115,-0.771,0.8559,-0.8095,-3.1281,-1.0,2.4438
146511,1393,3.2531,-1.4762,-0.651,2.8228,1.6134,1.3257,-2.7262,-1.0,3.3176,0.6977,2.0219,2.5339,2.1389,1.0061,1.2385,1.0,3.4633
146511,1394,16.4481,5.3011,-6.733,14.039,8.5695,1.2691,-0.9038,1.0,22.8649,0.4614,-1.4669,22.8129,1.5378,3.3913,-1.2661,-1.0,9.3276
146511,1395,4.6172,1.376,-2.7211,-3.4655,3.0492,-0.9747,-1.1026,1.0,3.8764,-0.044,-2.1426,-3.2284,2.143,-1.1984,-1.5913,-1.0,1.3795
146511,1396,1.181,0.3503,-1.0699,0.3409,1.1258,0.2983,-1.2544,-1.0,0.8127,-0.1584,0.7565,-0.228,0.7729,-0.2908,1.7772,1.0,1.9563
146511,1397,42.6406,-2.0515,33.425,26.3965,33.4879,0.7235,1.6321,-1.0,47.6651,8.423,-37.49,-28.2047,38.4245,-0.6803,-1.3498,1.0,89.9707
146511,1398,2.1555,-0.0681,-1.5435,1.4993,1.545,0.8603,-1.6149,1.0,1.1208,0.0349,1.0472,-0.3837,1.0478,-0.3585,1.5375,-1.0,3.0401
146511,1399,6.4697,-1.8414,1.1245,-6.0984,2.1576,-1.7621,2.5934,1.0,50.4652,-11.0212,13.1015,-47.4722,17.1206,-1.744,2.2702,-1.0,1.987
146511,1400,13.8503,-0.4249,5.1863,12.8351,5.2037,1.6347,1.6525,1.0,28.5306,-1.306,12.9689,25.3788,13.0345,1.4197,1.6712,-1.0,1.7951
146511,1401,5.5082,-3.1556,0.3129,4.5026,3.1711,1.1495,3.0428,1.0,2.5471,-0.3993,0.5763,2.4464,0.7011,1.9628,2.1766,-1.0,1.7808
146511,1402,42.6603,-27.6696,-16.1237,28.1835,32.0247,0.794,-2.614,1.0,49.4067,33.4303,13.0024,-33.976,35.8699,-0.8435,0.3709,-1.0,91.6507
146511,1403,3.598,0.9397,-2.1089,-2.7574,2.3088,-1.0123,-1.1516,-1.0,5.4662,-0.3123,-0.2111,-5.4522,0.377,-3.3659,-2.5471,1.0,2.9975
146511,1404,0.6491,-0.1733,0.1713,-0.5922,0.2437,-1.6209,2.3619,-1.0,43.4755,-8.101,19.3277,-38.0909,20.9568,-1.359,1.9677,1.0,1.3825
146511,1405,11.8128,5.5803,-5.1249,9.0623,7.5765,1.0135,-0.7429,1.0,0.1477,0.0848,-0.0461,-0.0366,0.0965,-0.3709,-0.4977,-1.0,1.6606
146511,1406,44.8474,16.5713,3.9024,41.4902,17.0246,1.6236,0.2313,1.0,48.6962,-15.8467,-6.4583,-45.5904,17.1122,-1.7065,-2.7546,-1.0,93.4159
146511,1407,4.99,-2.2037,4.2562,-1.3848,4.7928,-0.2851,2.0486,1.0,5.501,2.012,-4.5669,2.312,4.9905,0.4481,-1.1558,-1.0,10.4436
146511,1408,4.6656,-1.8307,4.2715,-0.3998,4.6472,-0.0859,1.9757,-1.0,4.9239,2.0847,-4.3472,0.995,4.8212,0.2049,-1.1236,1.0,9.5674
146511,1409,1.5897,0.3032,-1.4418,-0.5875,1.4734,-0.3889,-1.3635,-1.0,1.4437,-0.142,1.3544,0.4673,1.3618,0.3368,1.6752,1.0,3.0254
146511,1410,5.2251,2.7202,3.0851,-3.2206,4.1131,-0.7194,0.8482,1.0,4.8178,0.1642,-4.1248,2.4818,4.1281,0.5698,-1.531,-1.0,9.5348
146511,1411,45.2536,19.2224,8.7721,-40.0178,21.1294,-1.3952,0.4281,1.0,45.7943,-19.1922,-8.4075,40.7195,20.953,1.418,-2.7287,-1.0,91.0445
146511,1412,14.195,-6.753,3.4124,-12.01,7.5662,-1.2422,2.6737,-1.0,12.9362,1.369,-1.6482,-12.7571,2.1426,-2.4842,-0.8777,1.0,9.5182
146511,1413,23.089,19.7709,-6.1736,-10.2024,20.7124,-0.4746,-0.3027,1.0,144.7274,17.7355,6.7537,143.4777,18.9779,2.7204,0.3638,-1.0,94.8314
146511,1414,3.1831,0.035,2.3805,2.1101,2.3808,0.7987,1.5561,1.0,3.3777,1.5878,2.895,0.704,3.3019,0.2116,1.0691,-1.0,2.1587
146511,1415,8.9151,-3.8532,-4.3352,6.7696,5.8001,0.9948,-2.2974,-1.0,7.2727,-7.0824,1.6471,0.0889,7.2714,0.0122,2.9131,1.0,9.3912
146511,1416,1.9518,-0.0531,-1.8991,-0.4348,1.8998,-0.2269,-1.5988,1.0,4.5497,-1.158,-3.8464,-2.1337,4.0169,-0.5089,-1.8632,-1.0,1.0931
146511,1417,8.4824,-2.7038,-2.8751,-7.5075,3.9467,-1.399,-2.3255,1.0,8.4422,2.4594,-4.5166,-6.6942,5.1427,-1.0795,-1.0722,-1.0,5.4824
146511,1418,44.8523,34.0272,29.1189,2.4411,44.7857,0.0545,0.7078,-1.0,46.4698,-39.0137,-23.964,-7.9427,45.7858,-0.1726,-2.5908,1.0,90.8736
146511,1419,74.6853,-18.0174,23.4927,68.5664,29.6063,1.5766,2.225,1.0,34.8829,32.5153,-6.7405,-10.6831,33.2066,-0.3164,-0.2044,-1.0,90.3543
146511,1420,1.512,1.3438,-0.5797,0.3652,1.4635,0.247,-0.4073,1.0,1.7,-1.6797,0.2391,-0.008,1.6966,-0.0047,3.0002,-1.0,3.156
146511,1421,1.4804,-0.6143,1.091,-0.7829,1.252,-0.5904,2.0836,-1.0,3.9322,-2.8533,2.5326,-0.9462,3.8152,-0.2455,2.4157,1.0,1.0732
146511,1422,12.8417,-8.0456,1.369,9.9142,8.1612,1.0254,2.9731,-1.0,10.3289,9.3914,-0.5857,-4.2584,9.4096,-0.4384,-0.0623,1.0,22.4157
146511,1423,2.2413,0.4552,-1.5477,1.5523,1.6132,0.8544,-1.2847,1.0,2.8085,1.8626,-1.1399,1.7629,2.1837,0.7384,-0.5492,-1.0,1.3835
146511,1424,1.835,0.3716,1.0881,-1.4262,1.1498,-1.0416,1.2417,1.0,4.7751,2.2926,-1.6631,-3.8429,2.8323,-1.1126,-0.6276,-1.0,2.9156
146511,1425,6.3636,1.9829,1.1145,-5.9422,2.2746,-1.6882,0.5121,-1.0,0.8419,-0.7738,0.0685,0.307,0.7768,0.3856,3.0533,1.0,4.1596
146511,1426,6.0358,-2.5578,5.1332,1.8781,5.7351,0.3219,2.0331,1.0,2.2479,0.2273,1.7237,1.421,1.7386,0.7461,1.4397,-1.0,2.2994
146511,1427,23.7405,9.4783,-1.095,21.7385,9.5413,1.5616,-0.115,-1.0,18.3675,5.2384,-1.014,17.5751,5.3356,1.9075,-0.1912,1.0,2.5481
146511,1428,4.7868,-3.7209,-1.8543,2.3703,4.1573,0.5431,-2.6793,1.0,4.8523,3.7507,1.8409,-2.4652,4.1782,-0.5602,0.4563,-1.0,9.6386
146511,1429,16.7599,1.5847,5.6497,-15.6988,5.8677,-1.7105,1.2973,1.0,4.8011,3.5412,1.4233,-2.911,3.8165,-0.7033,0.3822,-1.0,6.5001
146511,1430,46.277,13.3118,-44.171,-3.6424,46.1333,-0.0789,-1.2781,1.0,56.6997,0.5022,36.3036,43.5505,36.3071,1.0157,1.557,-1.0,93.5886
146511,1431,6.3088,2.3276,1.1451,-5.7498,2.594,-1.5365,0.4572,1.0,3.4631,-0.669,1.8188,-2.8682,1.9379,-1.1836,1.9232,-1.0,3.112
146511,1432,1.1139,-0.3028,-1.0456,0.2113,1.0885,0.1929,-1.8527,1.0,3.383,-3.353,-0.2414,-0.3643,3.3617,-0.1082,-3.0697,-1.0,2.2754
146511,1433,1.3026,-1.1497,0.4003,-0.4509,1.2174,-0.3624,2.8065,-1.0,1.5332,-0.8827,0.9373,0.8258,1.2875,0.604,2.3262,1.0,1.4075
146511,1434,1.2549,-1.0352,0.5144,0.4768,1.156,0.4016,2.6805,1.0,1.719,1.3979,-0.8014,-0.5893,1.6114,-0.358,-0.5206,-1.0,2.9355
146511,1435,42.8621,11.2853,28.6655,-29.8006,30.807,-0.8581,1.1957,1.0,43.5081,-8.815,-26.1674,33.623,27.6123,1.0272,-1.8957,-1.0,86.214
146511,1436,7.4875,0.423,1.6503,7.2903,1.7037,2.1603,1.3199,1.0,4.9824,-2.0757,2.3339,3.8804,3.1234,1.0428,2.2977,-1.0,3.4796
146511,1437,24.0173,2.2447,-7.6026,-22.6711,7.927,-1.7732,-1.2837,1.0,12.2909,-0.6911,-4.0968,-11.567,4.1547,-1.7479,-1.7379,-1.0,2.598
146511,1438,41.5411,-0.7927,-27.8365,30.8245,27.8477,0.955,-1.5993,-1.0,49.118,2.8157,35.4382,-33.8935,35.5499,-0.848,1.4915,1.0,90.265
146511,1439,48.1146,14.6364,28.4732,35.9173,32.0148,0.965,1.096,1.0,44.5416,5.1971,-12.3478,-42.479,13.3969,-1.8711,-1.1724,-1.0,88.8184
146511,1440,4.6949,-0.6735,-0.257,4.638,0.7208,2.5608,-2.7771,-1.0,9.1427,3.5639,-7.7413,3.3088,8.5223,0.3791,-1.1394,1.0,7.4833
146511,1441,9.4035,-5.8071,6.3037,3.8673,8.5708,0.4372,2.3152,1.0,9.0314,5.8985,-5.9085,-3.4427,8.3489,-0.4015,-0.7862,-1.0,18.4256
146511,1442,1.2334,-0.5427,-0.75,-0.8081,0.9257,-0.7886,-2.1971,1.0,0.5073,0.3604,0.1403,0.3108,0.3868,0.7354,0.3712,-1.0,1.5419
146511,1443,7.7079,-1.741,-1.4413,-7.3683,2.2602,-1.8976,-2.4501,1.0,41.4222,-11.8863,-5.134,-39.3464,12.9477,-1.8307,-2.7339,-1.0,1.5989
146511,1444,2.9517,-1.6765,2.3805,0.4732,2.9116,0.1618,2.1844,1.0,0.9909,-0.6779,0.2507,0.6696,0.7228,0.8284,2.7873,-1.0,1.331
146511,1445,1.097,0.9665,-0.481,0.1634,1.0796,0.1508,-0.4618,1.0,5.1025,1.8933,3.5514,3.1348,4.0245,0.7161,1.081,-1.0,3.1542
146511,1446,34.5773,-8.0053,22.1022,25.3571,23.5073,0.9359,1.9183,-1.0,61.0544,12.9692,-15.9756,-57.4822,20.5772,-1.751,-0.8889,1.0,89.7286
146511,1447,16.679,-3.7645,-0.179,-16.2472,3.7688,-2.1675,-3.0941,-1.0,19.8078,-5.8213,2.0249,-18.8241,6.1634,-1.8354,2.8068,1.0,2.4461
146511,1448,1.6856,-1.054,-0.7221,1.0944,1.2776,0.7763,-2.5409,-1.0,5.3048,-1.727,-4.899,-1.0709,5.1945,-0.2047,-1.9097,1.0,3.0878
146511,1449,3.4209,1.8718,-1.9958,2.0504,2.7362,0.6926,-0.8174,-1.0,6.0534,3.0023,-2.3738,4.6887,3.8274,1.0319,-0.669,1.0,1.223
146511,1450,3.5387,3.5332,0.1484,-0.0741,3.5363,-0.021,0.042,-1.0,6.8121,-5.947,0.267,-3.3098,5.953,-0.5307,3.0967,1.0,9.4703
146511,1451,6.2917,-1.299,-5.4541,2.8531,5.6066,0.4891,-1.8046,1.0,4.7683,-3.1098,-2.7397,2.3555,4.1445,0.5415,-2.4194,-1.0,2.9357
146511,1452,6.4319,4.7339,-2.2376,3.7337,5.2361,0.6633,-0.4416,-1.0,4.1224,-3.5184,1.9924,0.7962,4.0434,0.1957,2.6263,1.0,9.4517
146511,1453,47.4805,-23.5524,-22.3257,-34.6588,32.4523,-0.9286,-2.3829,1.0,102.5159,50.114,38.9191,-80.5194,63.4517,-1.0594,0.6603,-1.0,90.8406
146511,1454,2.4581,1.4942,0.4016,1.9071,1.5472,1.0367,0.2626,1.0,4.3185,1.6939,-1.1283,3.8073,2.0353,1.3842,-0.5876,-1.0,1.6046
146511,1455,12.18,5.2677,3.8219,-10.2949,6.5081,-1.2393,0.6277,1.0,0.8925,0.3182,0.0366,-0.8264,0.3203,-1.6765,0.1147,-1.0,1.0571
146511,1456,0.5687,0.3343,-0.3789,0.2387,0.5053,0.4564,-0.8478,1.0,2.9382,2.2148,0.1321,-1.9232,2.2188,-0.784,0.0596,-1.0,1.7034
146511,1457,37.4694,12.1675,5.2042,35.0545,13.2338,1.7011,0.4042,1.0,4.7999,1.9106,0.8699,4.3152,2.0993,1.4682,0.4272,-1.0,1.2807
146511,1458,69.1234,13.6214,14.7204,-66.1498,20.0557,-1.9088,0.8242,1.0,32.3122,-16.2423,-5.4863,27.389,17.1438,1.2477,-2.8158,-1.0,93.245
146511,1459,17.0594,1.768,-4.6338,-16.3222,4.9596,-1.9067,-1.2063,-1.0,20.7087,3.268,-3.3542,-20.1719,4.683,-2.1667,-0.7984,1.0,2.3314
146511,1460,11.3253,4.6968,-4.0702,9.4671,6.2151,1.2076,-0.714,-1.0,8.4523,-3.9154,0.3158,7.4833,3.9281,1.4004,3.0611,1.0,9.441
146511,1461,4.3114,1.068,0.5036,4.1452,1.1808,1.9686,0.4406,1.0,27.1536,6.2156,-1.4416,26.393,6.3806,2.1273,-0.2279,-1.0,1.8783
146511,1462,5.3091,-2.6136,-1.697,-4.2971,3.1162,-1.1257,-2.5657,1.0,1.2805,0.7145,-0.8657,-0.6072,1.1224,-0.5176,-0.8808,-1.0,3.0327
146511,1463,4.1882,-1.961,2.8253,2.3879,3.4392,0.648,2.1775,-1.0,4.7712,1.2986,-3.8217,-2.5419,4.0363,-0.5942,-1.2433,1.0,8.8778
146511,1464,1.6693,-0.4699,1.3703,0.8226,1.4487,0.541,1.9011,1.0,1.4134,0.1509,-1.2686,-0.5952,1.2776,-0.4505,-1.4524,-1.0,3.056
146511,1465,3.2259,1.0181,1.9801,2.3319,2.2265,0.9145,1.0959,1.0,0.8757,-0.3502,0.006,-0.7956,0.3503,-1.5588,3.1245,-1.0,3.1736
146511,1466,2.845,-0.7666,-1.7047,2.1422,1.8692,0.981,-1.9934,-1.0,1.3865,-0.0629,1.3807,0.033,1.3821,0.0239,1.6164,1.0,3.5187
146511,1467,0.5379,0.1577,-0.184,0.4684,0.2423,1.4132,-0.8621,1.0,9.8166,6.2406,-0.784,7.5363,6.2896,1.0148,-0.125,-1.0,1.1248
146511,1468,1.8527,0.3207,1.6161,0.8406,1.6476,0.4903,1.3749,-1.0,2.7343,1.1966,-1.1746,2.1572,1.6767,1.0702,-0.7761,1.0,3.0913
146511,1469,0.756,0.4768,-0.409,-0.4072,0.6282,-0.6097,-0.709,-1.0,2.1397,2.0295,0.1218,0.6586,2.0331,0.3185,0.0599,1.0,1.3994
146511,1470,54.8001,-1.5819,-49.7935,-22.8284,49.8187,-0.4435,-1.6026,1.0,36.2459,-5.6561,19.6374,29.9355,20.4357,1.1751,1.8512,-1.0,85.3057
146511,1471,2.2193,0.6306,-1.5728,1.4293,1.6945,0.7662,-1.1895,-1.0,2.3267,-0.6927,1.4926,-1.6415,1.6455,-0.8797,2.0053,1.0,4.5399
146511,1472,2.7224,0.0682,-2.4659,1.1468,2.4668,0.4496,-1.5432,-1.0,1.8278,-0.7402,-1.0832,1.2683,1.312,0.8576,-2.1702,1.0,1.3507
146511,1473,0.7839,-0.0318,0.3162,0.7087,0.3178,1.542,1.6709,1.0,0.6247,0.1256,-0.3906,-0.459,0.4103,-0.9629,-1.2596,-1.0,1.3811
146511,1474,0.8489,0.4713,0.6956,-0.0597,0.8402,-0.071,0.9754,-1.0,4.0494,3.1365,1.3433,2.1783,3.412,0.6015,0.4046,1.0,1.5274
146511,1475,2.9477,-2.3758,0.8743,1.5063,2.5316,0.5645,2.789,-1.0,3.1264,-2.4896,-0.0433,1.8877,2.49,0.6996,-3.1242,1.0,1.0065
146511,1476,13.5985,1.5234,-3.1829,-13.1323,3.5287,-2.0249,-1.1244,1.0,0.8892,0.3314,-0.3584,-0.7357,0.4881,-1.1987,-0.8246,-1.0,1.2618
146511,1477,43.3931,-26.4703,-12.8983,-31.8734,29.4456,-0.9385,-2.6882,-1.0,57.7948,50.5358,5.4985,27.4978,50.8341,0.5175,0.1084,1.0,97.9079
146511,1478,7.0851,5.4634,0.716,4.4526,5.5101,0.739,0.1303,-1.0,5.7489,-1.1849,-5.6161,-0.3078,5.7397,-0.0536,-1.7787,1.0,10.2575
146511,1479,8.3077,-3.508,-2.5423,-7.0878,4.3324,-1.2679,-2.5145,1.0,10.1215,-5.2183,-2.5229,-8.2969,5.7961,-1.1561,-2.6913,-1.0,1.0686
146511,1480,11.2305,2.2768,6.8249,8.6226,7.1947,1.015,1.2488,1.0,0.7221,-0.0781,0.587,0.3995,0.5922,0.6317,1.7031,-1.0,1.3021
146511,1481,0.5905,-0.2492,0.0774,0.519,0.261,1.4386,2.8403,1.0,0.9578,0.8428,-0.1853,-0.4019,0.8629,-0.4504,-0.2164,-1.0,1.4211
146511,1482,6.3516,-0.4694,1.4026,-6.1761,1.479,-2.1365,1.8938,-1.0,0.4405,-0.2727,-0.1167,0.308,0.2966,0.9082,-2.7372,1.0,3.0812
146511,1483,1.3068,-0.3315,0.1311,1.2528,0.3565,1.9697,2.765,-1.0,11.9605,1.9557,3.6226,11.2292,4.1168,1.7286,1.0758,1.0,1.8691
146511,1484,1.5096,-0.1168,-1.4924,-0.1636,1.497,-0.109,-1.6489,1.0,1.6592,0.0467,1.6133,-0.3702,1.6139,-0.2274,1.5419,-1.0,3.1204
146511,1485,11.552,-6.0892,0.3228,9.811,6.0978,1.2537,3.0886,1.0,18.3672,-11.809,-3.9803,13.4926,12.4618,0.9387,-2.8165,-1.0,4.2877
146511,1486,45.1533,8.403,39.6571,19.8874,40.5376,0.4728,1.362,-1.0,51.8849,-8.5848,-42.9815,-27.7655,43.8304,-0.5973,-1.7679,1.0,96.6606
146511,1487,5.6251,-3.1426,-0.4609,4.6414,3.1762,1.1731,-2.996,1.0,6.2021,-1.2474,-3.4977,4.9663,3.7135,1.101,-1.9134,-1.0,3.5541
146511,1488,43.2069,38.9849,-13.4267,12.9124,41.2322,0.3083,-0.3317,-1.0,49.9688,-45.0476,20.9276,5.4425,49.6714,0.1094,2.7067,1.0,90.8393
146511,1489,0.4266,-0.1115,0.2506,0.3092,0.2743,0.9686,1.9894,-1.0,1.8608,0.7751,-0.5761,1.5871,0.9657,1.2718,-0.6392,1.0,1.0441
146511,1490,1.2266,-0.6241,1.0506,-0.0093,1.222,-0.0076,2.1068,1.0,4.4252,-3.1202,2.572,-1.7945,4.0436,-0.4304,2.4522,-1.0,1.2433
146511,1491,8.8021,-0.4008,-3.5406,-8.048,3.5632,-1.5537,-1.6835,1.0,4.4362,-2.3911,3.6584,-0.7533,4.3705,-0.1715,2.1497,-1.0,9.4859
146511,1492,1.2011,-0.5491,-0.6962,-0.8033,0.8867,-0.8133,-2.2386,1.0,2.2275,0.0772,2.166,0.5027,2.1674,0.2299,1.5352,-1.0,3.0466
146511,1493,7.1802,2.7543,-2.3303,-6.207,3.6079,-1.3111,-0.7022,1.0,4.6248,-4.2227,1.7843,-0.6024,4.5842,-0.131,2.7418,-1.0,9.5149
146511,1494,2.0754,1.7515,-1.0807,-0.2456,2.0581,-0.1191,-0.5528,-1.0,3.1423,1.2912,-2.4263,-1.5195,2.7485,-0.528,-1.0817,1.0,1.5973
146511,1495,4.9406,0.9552,-2.3754,4.2242,2.5602,1.2752,-1.1885,1.0,1.0458,0.0366,0.8932,0.5323,0.8939,0.5649,1.5298,-1.0,3.1673
146511,1496,4.6788,1.5189,-2.6766,-3.5226,3.0776,-0.98,-1.0546,-1.0,4.8007,-1.1371,2.8223,3.7117,3.0428,1.0286,1.9538,1.0,9.4688
146511,1497,1.523,0.1558,-1.4703,0.3499,1.4785,0.2345,-1.4652,1.0,1.6059,0.4972,1.4935,-0.3001,1.5741,-0.1895,1.2494,-1.0,3.0595
146511,1498,0.8798,-0.0391,0.444,0.7512,0.4457,1.2934,1.6586,-1.0,0.8417,0.0575,-0.4426,-0.7057,0.4463,-1.239,-1.4416,1.0,1.7208
146511,1499,0.9964,-0.1814,0.0553,0.9725,0.1896,2.3375,2.8457,-1.0,2.4651,1.5138,0.3278,-1.9149,1.5489,-1.039,0.2132,1.0,3.0286
146511,1500,2.6874,-0.3307,-0.6453,2.5856,0.7251,1.9836,-2.0444,-1.0,1.4317,1.2415,-0.6384,-0.2998,1.396,-0.2132,-0.475,1.0,3.0439
146511,1501,44.9063,-42.4418,-13.9046,4.6821,44.6614,0.1046,-2.825,-1.0,53.5401,43.5305,23.8199,20.1057,49.6215,0.3948,0.5007,1.0,94.7511
146511,1502,1.9303,1.5751,1.0603,0.3316,1.8987,0.1738,0.5925,-1.0,2.5891,2.5664,0.2649,0.1884,2.5801,0.073,0.1028,1.0,1.1165
146511,1503,2.9567,1.4192,1.4272,-2.1633,2.0128,-0.9333,0.7882,-1.0,2.9884,-0.8173,0.8924,-2.7303,1.2101,-1.5527,2.3123,1.0,2.3777
146511,1504,5.2222,-3.4885,-3.8396,-0.59,5.1877,-0.1135,-2.3083,1.0,6.8551,1.6347,-0.4641,6.6403,1.6993,2.0721,-0.2766,-1.0,9.3433
146511,1505,9.6425,-5.4876,1.4427,-7.7956,5.674,-1.1227,2.8845,-1.0,15.2318,-8.8162,0.8458,-12.3918,8.8566,-1.1375,3.046,1.0,1.1684
146511,1506,9.1154,3.0939,3.4897,-7.8313,4.6637,-1.2902,0.8454,1.0,1.643,-0.1235,-0.4349,-1.576,0.4521,-1.9619,-1.8475,-1.0,3.015
146511,1507,35.4543,-31.8707,-12.8977,-8.6548,34.3816,-0.2491,-2.7571,-1.0,42.8659,34.8152,9.7243,23.0394,36.1477,0.6006,0.2724,1.0,76.8661
146511,1508,1.6762,1.6202,0.302,0.2866,1.6481,0.173,0.1843,1.0,0.9202,-0.045,0.832,-0.3759,0.8332,-0.437,1.6248,-1.0,1.7222
146511,1509,0.453,0.3653,-0.2427,0.0416,0.4386,0.0946,-0.5864,1.0,12.4646,-2.8503,-5.979,10.5585,6.6236,1.2458,-2.0156,-1.0,3.1013
146511,1510,18.7261,-3.1072,3.2889,18.171,4.5245,2.0986,2.3278,1.0,2.0297,0.2294,0.2995,1.9915,0.3773,2.3656,0.9173,-1.0,1.7659
146511,1511,5.4047,2.2712,0.6393,-4.8614,2.3595,-1.4703,0.2744,-1.0,14.7419,4.5404,1.1221,-13.9799,4.677,-1.815,0.2423,1.0,1.1799
146511,1512,1.6749,-0.7616,0.4404,-1.4213,0.8798,-1.2572,2.6173,1.0,1.4392,0.4781,-0.7987,1.0926,0.9309,0.999,-1.0314,-1.0,3.0628
146511,1513,1.2158,-0.7616,0.9386,0.0779,1.2087,0.0644,2.2524,1.0,2.8436,-0.983,-2.4514,-1.0485,2.6412,-0.3872,-1.9522,-1.0,3.1944
146511,1514,47.842,6.7743,-38.7602,-27.2139,39.3477,-0.6458,-1.3978,1.0,43.6193,-5.6504,36.28,23.5471,36.7174,0.6039,1.7253,-1.0,91.3471
146511,1515,8.3205,-1.2682,-1.5019,-8.0843,1.9657,-2.1217,-2.272,-1.0,9.8231,-1.6297,-3.9225,-8.8566,4.2476,-1.4811,-1.9646,1.0,2.0912
146511,1516,11.258,1.5244,7.8945,-7.8794,8.0403,-0.8672,1.3801,1.0,7.362,2.5523,4.5003,-5.2365,5.1737,-0.8899,1.0549,-1.0,2.1042
146511,1517,106.31,-12.1533,-19.0104,-103.888,22.5631,-2.2317,-2.1396,1.0,24.9906,16.8236,-5.8048,17.5439,17.7968,0.8713,-0.3322,-1.0,95.6397
146511,1518,7.6444,6.8796,-1.1395,-3.1303,6.9733,-0.435,-0.1641,-1.0,4.1879,3.6511,2.0133,0.3793,4.1694,0.0908,0.5039,1.0,4.5583
146511,1519,0.7152,-0.5804,0.3846,0.1248,0.6963,0.1783,2.5564,-1.0,3.7543,-1.2954,3.3972,-0.9299,3.6358,-0.2531,1.9351,1.0,1.228
146511,1520,2.5433,-0.4255,1.4282,2.0583,1.4902,1.127,1.8604,-1.0,5.1096,-0.151,1.2793,4.9434,1.2882,2.0545,1.6883,1.0,1.3712
146511,1521,4.0908,-0.9659,-0.7058,3.9105,1.1963,1.9002,-2.5105,-1.0,3.077,1.0915,-0.158,-2.8706,1.1029,-1.6848,-0.1438,1.0,7.038
146511,1522,74.1928,-24.8066,-6.4252,69.627,25.6252,1.725,-2.8881,1.0,36.6325,-15.4777,24.6955,-22.1924,29.1449,-0.7023,2.1306,-1.0,89.8642
146511,1523,8.8898,-6.0884,-3.3438,5.5469,6.9462,0.7315,-2.6394,1.0,8.0211,2.2567,0.3709,7.6875,2.287,1.9269,0.1629,-1.0,9.3441
146511,1524,5.1792,0.1793,-1.9331,4.8004,1.9414,1.6371,-1.4783,1.0,0.7628,0.7269,0.1627,-0.1257,0.7449,-0.168,0.2202,-1.0,3.082
146511,1525,1.7108,1.2528,0.3038,-1.1198,1.2891,-0.7854,0.2379,1.0,7.8619,0.2897,3.0579,-7.2363,3.0715,-1.5923,1.4763,-1.0,2.8518
146511,1526,4.6594,-1.4729,1.4162,-4.1861,2.0433,-1.4652,2.3758,1.0,30.6282,-2.6414,10.2999,-28.723,10.6332,-1.7195,1.8218,-1.0,2.83
146511,1527,1.1972,0.6694,-0.8052,-0.5707,1.0471,-0.5211,-0.8772,1.0,1.8097,-0.1814,1.7141,0.5411,1.7237,0.309,1.6762,-1.0,2.8242
146511,1528,16.9732,-3.7174,6.926,-15.0429,7.8606,-1.4044,2.0634,-1.0,7.4907,0.3332,2.5572,-7.032,2.5789,-1.7283,1.4412,1.0,3.1298
146511,1529,10.6699,3.6215,1.0479,9.981,3.7701,1.7006,0.2817,1.0,2.8653,1.4898,-0.0207,2.4451,1.49,1.2706,-0.0139,-1.0,1.2685
146511,1530,2.8955,0.5073,-1.9246,2.1004,1.9903,0.9199,-1.3131,-1.0,0.7464,0.2034,0.2964,-0.6455,0.3595,-1.3483,0.9695,1.0,2.8268
146511,1531,30.0622,-11.6935,0.7372,27.6847,11.7168,1.595,3.0786,1.0,8.708,-1.8341,1.5062,8.3777,2.3733,1.9739,2.454,-1.0,3.8215
146511,1532,2.4637,1.4523,0.1901,1.9781,1.4647,1.1089,0.1301,1.0,0.9936,-0.8702,0.022,-0.4673,0.8705,-0.5139,3.1164,-1.0,3.0473
146511,1533,1.1,0.2361,0.2855,1.0303,0.3705,1.7468,0.8797,-1.0,2.6318,-2.0712,-1.3317,-0.923,2.4624,-0.3666,-2.5702,1.0,3.0745
146511,1534,1.3635,-0.091,-0.7063,1.1579,0.7122,1.2627,-1.699,-1.0,2.1004,0.5437,0.0688,2.0249,0.5481,2.0179,0.1259,1.0,1.1211
146511,1535,17.289,3.8353,-7.8431,14.9223,8.7306,1.3055,-1.116,1.0,0.5431,-0.1748,-0.1206,0.4886,0.2124,1.5706,-2.5377,-1.0,1.9157
146511,1536,4.7504,4.2955,-0.5661,-1.945,4.3327,-0.4351,-0.131,1.0,4.7163,-4.2183,0.7211,1.9793,4.2795,0.4474,2.9723,-1.0,9.465
146511,1537,17.0024,16.6809,2.3851,-2.2654,16.8505,-0.134,0.142,1.0,4.0072,3.5043,0.2383,-1.9261,3.5124,-0.524,0.0679,-1.0,3.0846
146511,1538,6.3008,-5.4248,-2.5087,1.9916,5.9768,0.3273,-2.7084,1.0,3.5841,3.1734,1.561,-0.5727,3.5365,-0.1612,0.4571,-1.0,9.4727
146511,1539,1.9633,-0.6494,-1.3982,-1.211,1.5417,-0.7213,-2.0056,1.0,1.089,0.7784,-0.5866,-0.4742,0.9747,-0.4691,-0.6458,-1.0,1.5877
146511,1540,6.1744,-0.4741,-3.5033,-5.0611,3.5352,-1.1562,-1.7053,-1.0,3.9598,-1.1146,3.2207,2.0134,3.4081,0.5609,1.904,1.0,9.5294
146511,1541,2.0147,-0.645,-0.6328,1.7976,0.9036,1.4389,-2.3657,-1.0,0.5706,0.5161,0.1067,0.1914,0.527,0.3557,0.2039,1.0,1.5602
146511,1542,6.0152,-0.6372,-5.2611,-2.8437,5.2995,-0.5137,-1.6913,1.0,0.7159,0.4095,-0.5719,-0.0816,0.7034,-0.1157,-0.9494,-1.0,1.6358
146511,1543,0.8189,0.4349,0.6607,-0.184,0.791,-0.2306,0.9886,-1.0,1.9612,0.4638,-1.9018,-0.0573,1.9575,-0.0293,-1.3316,1.0,2.3072
146511,1544,0.4139,-0.1676,-0.3443,0.1163,0.3829,0.2991,-2.0239,-1.0,22.7936,-5.4835,-0.746,-22.1114,5.534,-2.0936,-3.0064,1.0,4.6561
146511,1545,4.8089,2.5422,3.892,1.2264,4.6487,0.2609,0.9922,-1.0,1.2583,0.9554,0.6169,0.528,1.1372,0.4491,0.5734,1.0,1.0815
146511,1546,4.1001,1.2415,1.2821,-3.6898,1.7846,-1.4734,0.8015,-1.0,8.4478,1.4222,3.9606,-7.3243,4.2082,-1.3212,1.226,1.0,1.2485
146511,1547,4.9555,-4.0482,-0.1244,2.8535,4.0502,0.6564,-3.1109,-1.0,4.4781,3.5636,-0.0831,-2.7085,3.5646,-0.701,-0.0233,1.0,9.4178
146511,1548,6.7297,-4.2808,2.9621,4.2637,5.2057,0.7475,2.5363,1.0,8.8196,7.0722,-3.9697,-3.4641,8.1102,-0.4151,-0.5115,-1.0,15.2426
146511,1549,0.5692,0.5428,0.0396,0.1288,0.5443,0.2345,0.0729,-1.0,4.2876,-0.9641,0.996,4.056,1.3862,1.7948,2.3399,1.0,2.1969
146511,1550,0.4599,0.0342,-0.1493,0.4205,0.1532,1.7347,-1.3456,1.0,0.6137,-0.1174,0.0892,-0.5862,0.1475,-2.0888,2.4915,-1.0,1.0557
146511,1551,5.0015,0.8924,2.8742,-3.9933,3.0095,-1.0947,1.2697,1.0,4.6592,-0.8884,0.4263,-4.5526,0.9854,-2.2351,2.6941,-1.0,3.0665
146511,1552,6.4117,-1.6906,-2.0245,-5.8431,2.6375,-1.536,-2.2665,-1.0,17.9811,-5.262,-7.6022,-15.4216,9.2457,-1.2845,-2.1762,1.0,1.3444
146511,1553,3.463,0.776,0.9369,3.2406,1.2165,1.7064,0.8791,-1.0,2.6878,1.5594,-0.0869,2.1849,1.5618,1.1374,-0.0557,1.0,1.49
146511,1554,4.6117,-2.3663,0.4819,-3.9275,2.4149,-1.2629,2.9407,-1.0,0.2422,-0.1302,0.1725,-0.0285,0.2161,-0.1315,2.2174,1.0,1.1181
146511,1555,1.6944,-0.9858,-0.4668,1.2923,1.0907,1.0062,-2.6993,1.0,14.6498,2.4478,-2.6695,-14.1947,3.6219,-2.0749,-0.8287,-1.0,9.4175
146511,1556,47.6085,-11.51,22.5993,-40.2908,25.3616,-1.243,2.0419,1.0,40.602,9.6524,-17.2037,35.4877,19.7265,1.3499,-1.0595,-1.0,87.8946
146511,1557,2.8891,2.2499,1.7457,0.4759,2.8477,0.1664,0.6599,1.0,1.9407,1.2611,0.7429,1.2699,1.4636,0.7846,0.5323,-1.0,1.3262
146511,1558,2.2518,-0.6793,0.0532,2.1436,0.6814,1.8636,3.0635,-1.0,3.2751,-1.4614,-2.8443,0.6996,3.1978,0.2171,-2.0454,1.0,3.1764
146511,1559,4.2808,-0.8905,1.7505,3.8022,1.964,1.4146,2.0414,1.0,7.375,-1.8422,-7.1274,-0.4324,7.3616,-0.0587,-1.8237,-1.0,9.3875
146511,1560,80.8877,-7.0722,-44.8927,-66.9136,45.4463,-1.1793,-1.727,1.0,69.5718,-19.1774,44.7234,-49.7219,48.6616,-0.8967,1.9759,-1.0,91.3516
146511,1561,6.4672,-3.256,3.7811,-4.1128,4.9899,-0.7515,2.2817,-1.0,5.3594,-0.0195,4.0125,-3.5513,4.0125,-0.7977,1.5757,1.0,3.1083
146511,1562,34.3454,15.6513,-29.6902,-7.2886,33.5629,-0.2155,-1.0857,1.0,82.0449,-59.8891,27.9718,-48.6027,66.0994,-0.6813,2.7046,-1.0,91.9942
146511,1563,59.5299,-19.1575,-55.7537,-8.265,58.9533,-0.1397,-1.9018,-1.0,46.1163,-7.5582,35.3356,-28.6527,36.1349,-0.7271,1.7815,1.0,93.0999
146511,1564,12.593,2.199,-3.0811,12.0101,3.7853,1.8717,-0.9509,1.0,1.9197,-1.1927,0.4605,-1.4281,1.2785,-0.9617,2.7732,-1.0,9.5266
146511,1565,2.1648,0.4481,1.155,1.7721,1.2389,1.1555,1.2007,-1.0,0.5709,-0.3996,-0.3378,0.2025,0.5232,0.378,-2.4399,1.0,1.7072
146511,1566,3.2429,1.3118,2.9499,0.2869,3.2285,0.0887,1.1524,-1.0,3.0723,-0.7889,-2.0031,-2.1892,2.1529,-0.8933,-1.946,1.0,5.9239
146511,1567,27.5981,-4.0688,5.2651,-26.7837,6.654,-2.1008,2.2287,-1.0,8.6023,-1.6114,1.1784,-8.3668,1.9963,-2.1401,2.5102,1.0,1.0618
146511,1568,4.1775,-1.0441,2.3308,-3.3041,2.554,-1.0746,1.9919,-1.0,4.229,1.088,-2.3111,3.3687,2.5544,1.0899,-1.1308,1.0,8.4061
146511,1569,4.669,2.0701,-0.8745,4.0912,2.2472,1.3604,-0.3997,1.0,12.4151,4.4246,-0.0921,11.599,4.4256,1.6912,-0.0208,-1.0,1.6017
146511,1570,0.3296,0.2093,-0.0779,0.2181,0.2233,0.8647,-0.3562,-1.0,1.3835,0.1061,0.6127,-1.2314,0.6218,-1.4348,1.3994,1.0,1.2339
146511,1571,6.5642,-0.5319,-3.2903,-5.654,3.333,-1.299,-1.7311,1.0,2.3945,0.1074,0.6041,-2.3122,0.6136,-2.0369,1.3948,-1.0,3.0663
146511,1572,13.6657,6.2267,3.6136,-11.6151,7.1993,-1.256,0.5258,-1.0,0.7456,-0.1336,-0.3346,-0.6442,0.3603,-1.3447,-1.9507,1.0,3.0851
146511,1573,6.3113,-1.9454,5.9933,0.3433,6.3011,0.0545,1.8847,1.0,6.5618,-3.424,-2.0282,5.2162,3.9796,1.085,-2.6068,-1.0,9.5004
146511,1574,2.3019,-1.0519,0.3971,2.0059,1.1244,1.3427,2.7806,-1.0,4.7204,-0.6969,1.5995,4.3849,1.7447,1.6521,1.9817,1.0,1.1946
146511,1575,12.3591,10.2421,6.7074,-1.6869,12.243,-0.1374,0.5798,1.0,1.8352,1.0986,1.022,-1.0514,1.5004,-0.6533,0.7493,-1.0,2.3715
146511,1576,10.3667,2.617,5.0078,8.6909,5.6504,1.2157,1.0892,1.0,18.9968,-5.9331,2.6546,17.8499,6.4999,1.735,2.7209,-1.0,9.3859
146511,1577,6.471,5.4726,-3.392,0.6384,6.4386,0.099,-0.5549,-1.0,6.1606,0.803,3.5464,4.9718,3.6362,1.1188,1.3481,1.0,9.4167
146511,1578,59.2946,-1.1956,-12.5493,-57.939,12.6061,-2.23,-1.6658,1.0,35.2293,13.3697,3.6617,32.3873,13.862,1.5847,0.2673,-1.0,89.7479
146511,1579,45.3689,26.7889,36.3457,4.4356,45.1515,0.0981,0.9356,1.0,42.6987,-17.4981,-38.7717,-3.7064,42.5374,-0.087,-1.9947,-1.0,87.5395
146511,1580,48.499,-16.4832,39.5057,-22.7981,42.8065,-0.5102,1.9661,1.0,51.0645,0.0944,-48.3722,-16.3613,48.3723,-0.3321,-1.5688,-1.0,89.6227
146511,1581,0.6824,0.5398,-0.1862,-0.3584,0.571,-0.5924,-0.3321,1.0,0.8392,-0.7839,-0.2538,-0.1192,0.824,-0.1441,-2.8285,-1.0,1.3543
146511,1582,4.1022,-1.2914,-2.5249,2.9622,2.836,0.9125,-2.0436,-1.0,2.3723,0.4817,0.7221,2.2053,0.868,1.6623,0.9825,1.0,3.3632
146511,1583,4.5758,1.4957,1.1157,4.1767,1.866,1.5454,0.6409,1.0,9.6755,3.4584,0.6288,9.0138,3.5151,1.6709,0.1798,-1.0,1.2346
146511,1584,13.5264,2.7005,1.9501,13.1095,3.331,2.079,0.6254,-1.0,5.9209,2.2977,-0.7842,5.3993,2.4278,1.5395,-0.3289,1.0,3.0474
146511,1585,45.755,39.6078,-21.3867,-8.2058,45.013,-0.1813,-0.4951,-1.0,54.9894,-28.7604,29.8853,36.1045,41.4764,0.7868,2.337,1.0,95.8186
146511,1586,6.03,-2.4751,-0.0874,-5.4969,2.4766,-1.5377,-3.1063,-1.0,1.1134,-0.0362,0.5701,-0.9499,0.5713,-1.2818,1.6342,1.0,1.7112
146511,1587,1.5608,1.0589,0.4231,1.0605,1.1403,0.831,0.3802,-1.0,7.6699,-1.4389,3.5193,6.6603,3.8021,1.3268,1.9589,1.0,3.1475
146511,1588,1.5761,-0.5785,-0.244,-1.4417,0.6278,-1.5688,-2.7424,-1.0,1.0017,0.1831,-0.7024,-0.6822,0.7259,-0.8382,-1.3158,1.0,1.0401
146511,1589,10.9708,3.8397,-1.1228,-10.2149,4.0005,-1.6669,-0.2845,1.0,5.4303,2.3894,-1.0691,-4.7565,2.6177,-1.3587,-0.4207,-1.0,1.1167
146511,1590,4.1116,-1.4995,1.32,-3.5921,1.9977,-1.3495,2.4198,1.0,7.9276,-2.7652,0.7054,-7.3954,2.8537,-1.6807,2.8918,-1.0,1.3884
146511,1591,1.5882,0.6457,1.3528,0.5141,1.499,0.3366,1.1254,1.0,1.4074,-0.2317,-1.3139,-0.4352,1.3342,-0.3207,-1.7454,-1.0,2.9655
146511,1592,42.05,-4.7914,-31.0039,27.9998,31.372,0.8033,-1.7241,-1.0,50.7313,5.7234,27.3283,-42.3564,27.9212,-1.2042,1.3643,1.0,91.5854
146511,1593,1.8586,-0.6947,1.6941,-0.3008,1.8311,-0.1636,1.96,1.0,1.3426,-0.7639,0.3155,-1.0528,0.8264,-1.0624,2.7499,-1.0,1.4998
146511,1594,24.6539,-3.857,-2.1994,24.2506,4.44,2.3992,-2.6233,-1.0,23.9726,-0.261,-10.5483,21.5253,10.5515,1.4614,-1.5955,1.0,9.468
146511,1595,8.6997,-1.7706,2.7345,8.0661,3.2577,1.6383,2.1454,-1.0,7.1544,1.3078,1.9526,6.7565,2.3501,1.7781,0.9806,1.0,3.0756
146511,1596,4.58,3.2131,-0.237,-3.2535,3.2218,-0.8883,-0.0736,1.0,13.3712,5.4706,-2.7036,-11.8971,6.1021,-1.4209,-0.459,-1.0,2.9414
146511,1597,10.6864,0.8598,-10.3712,2.4262,10.4068,0.2311,-1.4881,1.0,1.6489,1.0329,-1.0576,0.7227,1.4783,0.4712,-0.7972,-1.0,2.836
146511,1598,65.7308,12.8977,10.1644,-63.6464,16.4215,-2.0641,0.6674,-1.0,5.4352,-0.0009,3.1998,-4.3922,3.1998,-1.122,1.5711,1.0,9.5089
146511,1599,1.7895,0.2435,-1.5667,0.8231,1.5855,0.4983,-1.4166,-1.0,3.7819,-3.654,0.8606,-0.4469,3.7539,-0.1188,2.9103,1.0,4.3324
146511,1600,120.2775,-3.4332,52.0738,-108.366,52.1869,-1.4773,1.6366,-1.0,21.6428,11.3971,-17.2875,6.2966,20.7063,0.2996,-0.9879,1.0,91.9221
146511,1601,3.736,2.0364,1.9515,2.4477,2.8205,0.7847,0.7641,1.0,3.689,-2.1068,-1.8572,-2.3896,2.8085,-0.7719,-2.4191,-1.0,7.4239
146511,1602,4.0551,-0.4785,2.9424,-2.747,2.981,-0.8248,1.732,1.0,4.3868,-1.7045,4.0397,-0.0912,4.3846,-0.0208,1.9701,-1.0,3.1137
146511,1603,5.448,4.3899,3.1781,-0.5456,5.4196,-0.1005,0.6266,1.0,4.7836,-0.6874,-4.2058,2.1703,4.2616,0.4895,-1.7328,-1.0,9.3425
146511,1604,3.9502,2.6025,1.0189,2.7895,2.7949,0.88,0.3732,1.0,1.0784,-0.0845,1.0463,0.2234,1.0497,0.2112,1.6514,-1.0,2.3671
146511,1605,2.6368,-0.5715,2.4583,0.7562,2.5238,0.2953,1.7992,-1.0,21.8096,-0.5409,6.9963,-20.6496,7.0172,-1.8002,1.648,1.0,10.5475
146511,1606,124.0435,-20.0129,-57.2613,-108.2008,60.6579,-1.3425,-1.907,1.0,33.4543,-9.5096,28.4571,-14.7968,30.004,-0.4751,1.8933,-1.0,89.308
146511,1607,6.0705,-4.636,1.186,3.7337,4.7853,0.7172,2.8911,-1.0,2.6588,2.2799,-1.3241,0.3269,2.6366,0.1237,-0.5262,1.0,7.3582
146511,1608,27.2737,1.7833,-6.5993,26.4029,6.836,2.0608,-1.3069,-1.0,3.1467,-0.4556,-1.6222,2.6554,1.6849,1.2362,-1.8446,1.0,3.4142
146511,1609,0.8178,0.7076,-0.3881,0.0798,0.807,0.0988,-0.5017,-1.0,1.1254,-1.0215,0.3711,-0.2725,1.0868,-0.2482,2.7931,1.0,1.9079
146511,1610,10.7099,-5.1244,8.7606,3.4182,10.1492,0.3307,2.1001,1.0,2.6596,-2.4126,1.0012,-0.4889,2.6121,-0.1861,2.7482,-1.0,4.2502
146511,1611,9.1664,-5.6521,-6.8783,2.1805,8.9027,0.2425,-2.2587,1.0,4.0734,2.4523,-0.013,3.2507,2.4523,1.0939,-0.0053,-1.0,9.3843
146511,1612,19.9882,8.7707,3.3833,17.6393,9.4007,1.3869,0.3682,-1.0,33.9848,3.9025,1.7021,33.7169,4.2575,2.7664,0.4113,1.0,9.4422
146511,1613,15.3303,-9.6973,-2.3173,11.6448,9.9703,0.9953,-2.907,1.0,18.2919,-12.228,-1.1711,13.5531,12.284,0.9526,-3.0461,-1.0,1.6229
146511,1614,4.6838,3.8703,-1.2172,-2.338,4.0572,-0.5484,-0.3047,1.0,4.672,-3.8701,1.2031,2.3217,4.0528,0.5454,2.8402,-1.0,9.3558
146511,1615,5.2329,4.1583,2.1429,-2.3427,4.678,-0.4819,0.4758,1.0,8.8642,7.8476,4.1202,0.0389,8.8635,0.0044,0.4835,-1.0,3.1703
146511,1616,2.1628,2.0742,-0.1272,-0.5902,2.0781,-0.2803,-0.0613,1.0,5.8682,2.5633,3.5349,3.9191,4.3664,0.8071,0.9434,-1.0,4.5054
146511,1617,0.595,0.4789,0.1429,0.3052,0.4997,0.578,0.2899,-1.0,4.6602,-4.6233,0.3067,0.4865,4.6335,0.1048,3.0754,1.0,3.1003
146511,1618,44.205,-10.3319,12.647,-41.0776,16.3308,-1.6529,2.2558,-1.0,46.4321,9.2322,-14.5489,43.1165,17.2309,1.6481,-1.0053,1.0,90.5876
146511,1619,4.0304,-0.4855,2.5636,-3.0701,2.6091,-1.001,1.758,-1.0,3.0541,0.8422,2.6306,1.2988,2.7622,0.4544,1.261,1.0,4.4661
146511,1620,0.7577,0.167,0.7301,-0.0449,0.749,-0.0599,1.3459,1.0,1.3968,-1.0916,-0.7908,-0.3507,1.3479,-0.2573,-2.5147,-1.0,1.9044
146511,1621,2.1423,-0.3455,1.5467,-1.4376,1.5848,-0.8141,1.7906,-1.0,8.5657,-1.4968,3.5876,-7.6321,3.8874,-1.4271,1.9661,1.0,1.627
146511,1622,15.3451,-3.3242,-5.3026,-14.0105,6.2584,-1.5455,-2.1308,1.0,6.2705,-1.4494,3.7908,-4.7788,4.0585,-1.0015,1.936,-1.0,9.4406
146511,1623,0.2369,0.0761,0.0681,-0.1859,0.1021,-1.3599,0.7303,-1.0,7.8003,5.1421,5.774,1.026,7.7318,0.1323,0.8432,1.0,1.5908
146511,1624,0.8717,-0.7001,0.007,-0.5085,0.7001,-0.6741,3.1317,-1.0,5.7281,-2.767,1.6105,-4.7486,3.2016,-1.1854,2.6145,1.0,1.1326
146511,1625,3.3596,2.2366,1.0242,2.2858,2.4599,0.8304,0.4294,-1.0,3.5418,-0.6521,0.989,3.3362,1.1846,1.7587,2.1537,1.0,3.0758
146511,1626,1.1148,0.5261,-0.4109,0.8865,0.6675,1.0955,-0.663,1.0,4.2237,-0.3182,-3.9405,1.4829,3.9534,0.3668,-1.6514,-1.0,1.9765
146511,1627,1.4565,0.1088,1.2286,0.7673,1.2334,0.5876,1.4824,1.0,1.805,-0.3588,-1.7589,0.1563,1.7951,0.087,-1.772,-1.0,3.0725
146511,1628,1.888,1.1416,1.0115,1.1075,1.5253,0.6739,0.725,-1.0,2.061,0.1504,1.8141,0.9608,1.8203,0.5059,1.4881,1.0,1.2896
146511,1629,2.0735,0.6861,0.9409,1.7123,1.1645,1.1782,0.9407,1.0,6.0988,2.7218,0.4805,5.4355,2.7638,1.4286,0.1747,-1.0,1.4352
146511,1630,4.915,2.7533,0.7411,4.002,2.8513,1.1401,0.2629,-1.0,10.5461,4.5879,-0.0264,9.4952,4.588,1.4743,-0.0058,1.0,1.5702
146511,1631,8.3889,6.6585,2.8852,4.2074,7.2567,0.5514,0.4089,1.0,5.842,-2.981,0.8251,4.9548,3.0931,1.25,2.8716,-1.0,9.5541
146511,1632,26.0568,5.5182,4.7614,25.0165,7.2885,1.947,0.7119,1.0,45.7026,9.5689,4.2808,44.484,10.4828,2.1521,0.4207,-1.0,3.1163
146511,1633,24.7512,5.7256,-0.3713,24.0767,5.7376,2.1413,-0.0648,-1.0,3.8808,1.1372,1.1005,3.5419,1.5825,1.5454,0.769,1.0,3.0611
146511,1634,43.3968,23.6687,-11.1388,34.6265,26.1587,1.0928,-0.4399,1.0,44.4021,-22.3518,8.6597,-37.3756,23.9707,-1.2272,2.772,-1.0,87.711
146511,1635,1.294,0.5248,1.1537,-0.2383,1.2675,-0.1869,1.1439,1.0,40.7728,8.413,-2.4663,-39.819,8.767,-2.2184,-0.2852,-1.0,9.1338
146511,1636,0.8567,-0.6401,-0.5017,0.2476,0.8133,0.3,-2.4769,-1.0,1.6822,1.1466,0.8696,-0.8647,1.439,-0.5696,0.6488,1.0,2.3818
146511,1637,60.8009,29.3981,-6.2547,52.8523,30.0561,1.3301,-0.2096,1.0,34.0933,-29.2108,-10.3419,-14.2167,30.9876,-0.444,-2.8013,-1.0,85.0689
146511,1638,2.9588,0.6944,-0.4543,2.8381,0.8298,1.9436,-0.5793,-1.0,8.0816,2.6001,0.3024,7.6452,2.6176,1.7931,0.1158,1.0,1.0556
146511,1639,1.6767,0.4932,-0.8509,1.3538,0.9835,1.1243,-1.0455,-1.0,1.9034,-1.0067,1.598,0.2112,1.8887,0.1116,2.133,1.0,3.0896
146511,1640,4.811,-4.4163,-1.9055,-0.0047,4.8099,-0.001,-2.7342,1.0,4.6273,4.448,1.2668,0.1079,4.6249,0.0233,0.2775,-1.0,9.4161
146511,1641,5.5512,-2.2697,-5.0488,0.4034,5.5355,0.0728,-1.9933,1.0,6.0708,1.6612,5.8282,-0.3417,6.0603,-0.0564,1.2931,-1.0,11.5797
146511,1642,8.6258,-8.3833,1.9409,-0.5874,8.6051,-0.0682,2.9141,1.0,9.8197,7.596,6.1992,-0.5331,9.8046,-0.0543,0.6845,-1.0,16.4953
146511,1643,6.6286,-2.0486,6.0105,-1.8985,6.35,-0.2947,1.8993,-1.0,7.3385,1.6084,-5.6264,4.4272,5.8518,0.6984,-1.2924,1.0,13.7239
146511,1644,0.6804,0.6635,0.0681,0.0829,0.667,0.124,0.1023,-1.0,1.7097,-1.2169,0.0262,1.196,1.2172,0.869,3.1201,1.0,1.9395
146511,1645,0.5201,0.3552,0.3189,0.1775,0.4773,0.3637,0.7315,1.0,0.5227,-0.3475,-0.3299,-0.18,0.4792,-0.3673,-2.3822,-1.0,1.0427
146511,1646,20.2367,-8.8386,1.3076,-18.1571,8.9348,-1.4579,2.9947,-1.0,23.2855,0.3495,-6.4602,-22.3684,6.4696,-1.954,-1.5168,1.0,12.3792
146511,1647,12.2086,-6.1249,0.8958,-10.5225,6.19,-1.3008,2.9964,-1.0,5.6138,-5.4809,0.5539,1.0752,5.5089,0.194,3.0409,1.0,9.5703
146511,1648,26.115,18.957,-4.1646,17.4721,19.409,0.809,-0.2162,1.0,77.9251,-38.7222,20.4323,-64.4625,43.7823,-1.1793,2.6561,-1.0,89.2241
146511,1649,3.3904,-0.6123,-0.8489,-3.2231,1.0466,-1.8433,-2.1956,1.0,7.1238,-2.2775,-0.4124,6.7365,2.3145,1.7898,-2.9625,-1.0,9.3948
146511,1650,14.997,6.7942,-0.0541,13.3691,6.7944,1.4291,-0.008,-1.0,4.9419,2.0738,1.2806,4.2978,2.4373,1.3325,0.5532,1.0,2.3009
146511,1651,3.1853,-0.7552,2.2945,2.0736,2.4156,0.7776,1.8888,-1.0,2.4287,1.3361,-1.9097,0.6748,2.3307,0.2856,-0.9603,1.0,4.8454
146511,1652,5.1997,1.0756,-3.2647,3.9001,3.4373,0.9734,-1.2525,1.0,6.8519,-0.028,-4.4161,5.2378,4.4162,1.007,-1.5771,-1.0,1.2838
146511,1653,1.0162,-0.4543,-0.8335,-0.3469,0.9493,-0.3578,-2.0698,-1.0,1.0147,0.919,0.3864,0.1574,0.9969,0.1572,0.398,1.0,1.9165
146511,1654,47.543,-19.7538,28.6933,32.3544,34.8355,0.8301,2.1737,-1.0,40.6996,16.9044,-30.8571,-20.458,35.1841,-0.5529,-1.0696,1.0,87.3638
146511,1655,1.514,-0.4804,-0.3283,1.3937,0.5818,1.6076,-2.5421,-1.0,1.234,-1.1994,-0.0237,0.269,1.1997,0.2224,-3.1218,1.0,1.3568
146511,1656,1.9437,-0.0652,0.9406,-1.6964,0.9429,-1.35,1.6401,-1.0,1.3474,-0.78,1.0875,-0.1149,1.3383,-0.0857,2.193,1.0,1.65
146511,1657,10.164,-4.2212,6.5111,6.5638,7.7597,0.7681,2.146,-1.0,10.5261,-3.7602,-2.2922,9.56,4.4038,1.5175,-2.5942,1.0,9.306
146511,1658,11.5441,8.1523,-0.3936,8.1632,8.1618,0.8815,-0.0482,-1.0,1.0828,0.6676,-0.3143,0.7854,0.7379,0.9261,-0.4399,1.0,1.0329
146511,1659,0.3299,-0.2845,-0.129,0.0076,0.3124,0.0242,-2.7159,-1.0,2.1519,-0.4365,0.2245,-2.0925,0.4908,-2.1567,2.6665,1.0,1.1328
146511,1660,14.3453,1.8946,5.6636,13.0426,5.9721,1.523,1.248,1.0,5.2974,0.3019,-4.0694,-3.3764,4.0806,-0.754,-1.4967,-1.0,16.8829
146511,1661,4.079,1.4251,-2.5025,2.8868,2.8799,0.8831,-1.0531,1.0,1.4568,-0.653,-1.2539,-0.3349,1.4138,-0.2347,-2.0509,-1.0,3.0702
146511,1662,5.2659,0.3064,-5.2539,-0.145,5.2628,-0.0275,-1.5125,-1.0,5.8837,-3.6516,2.3266,3.9825,4.3298,0.8235,2.5743,1.0,9.4778
146511,1663,10.6364,-5.8652,8.8586,0.4972,10.6243,0.0468,2.1556,1.0,8.9428,-1.9062,3.1396,8.153,3.673,1.5378,2.1164,-1.0,10.2063
146511,1664,53.5919,35.6773,37.9873,-12.4969,52.1143,-0.2376,0.8167,-1.0,91.9529,14.519,-20.8668,-88.3691,25.4209,-1.9592,-0.9629,1.0,90.5347
146511,1665,19.106,9.9937,-1.0694,16.2484,10.0508,1.2578,-0.1066,-1.0,1.8487,-1.4295,1.1043,0.3787,1.8064,0.2081,2.4839,1.0,9.4495
146511,1666,8.0814,-5.4738,0.4572,5.9268,5.4928,0.9361,3.0583,1.0,10.7675,2.4315,-3.8533,9.7554,4.5563,1.505,-1.0079,-1.0,9.4107
146511,1667,12.3565,3.7533,4.8441,-10.7294,6.128,-1.3263,0.9116,-1.0,3.0177,0.896,1.8252,-2.2273,2.0333,-0.9473,1.1144,1.0,1.5471
146511,1668,0.5534,0.4051,0.2464,0.2651,0.4742,0.5334,0.5464,-1.0,0.5579,-0.4107,-0.2516,-0.261,0.4816,-0.5183,-2.5919,1.0,1.1113
146511,1669,4.5439,1.9388,4.0091,-0.897,4.4533,-0.2001,1.1204,1.0,5.0296,-2.7195,-3.9942,1.3914,4.8321,0.2841,-2.1686,-1.0,9.5288
146511,1670,5.713,3.2313,-1.0295,4.5963,3.3913,1.1117,-0.3084,1.0,20.2891,-10.0851,-2.5747,17.4154,10.4085,1.2871,-2.8916,-1.0,11.4728
146511,1671,7.6603,0.4445,5.8742,4.8954,5.891,0.7567,1.4953,1.0,0.7915,0.1245,-0.3673,0.6818,0.3878,1.3299,-1.244,-1.0,3.1108
146511,1672,4.5926,0.0113,4.1708,-1.9197,4.1708,-0.4454,1.5681,-1.0,4.7642,-0.1626,-4.2416,2.1608,4.2447,0.4893,-1.6091,1.0,9.3522
146511,1673,3.5099,-0.6824,-2.4208,2.4459,2.5151,0.8618,-1.8455,-1.0,3.9258,-2.118,-1.4901,2.9486,2.5896,0.9761,-2.5285,1.0,1.7469
146511,1674,4.6564,-3.5646,-1.7035,2.4624,3.9507,0.5887,-2.6958,1.0,4.7768,3.839,1.6602,-2.3049,4.1826,-0.5264,0.4082,-1.0,9.4278
146511,1675,45.9846,36.5704,15.3446,-23.2749,39.6592,-0.5575,0.3973,-1.0,47.303,-38.1,-10.3857,26.0403,39.4901,0.6191,-2.8755,1.0,93.1021
146511,1676,2.9156,-2.8346,-0.0758,0.6703,2.8356,0.2342,-3.1148,-1.0,1.058,0.6985,0.5027,0.6062,0.8606,0.6563,0.6239,1.0,3.0684
146511,1677,6.0155,4.1895,4.1895,-1.0351,5.9249,-0.1738,0.7854,1.0,14.2432,5.6106,1.6029,12.9927,5.8351,1.5406,0.2783,-1.0,11.7405
146511,1678,44.1473,-38.2957,-18.684,11.5465,42.6104,0.2678,-2.6877,1.0,48.634,33.0573,20.0242,-29.5212,38.6492,-0.7042,0.5446,-1.0,90.8628
146511,1679,0.2981,-0.0307,-0.0731,0.2672,0.0793,1.9296,-1.9692,-1.0,2.0517,1.9485,-0.4647,0.4306,2.0032,0.2134,-0.2341,1.0,1.033
146511,1680,2.0396,-0.4897,1.0535,-1.6731,1.1617,-1.1611,2.0059,1.0,11.2379,2.0553,9.7634,-5.1703,9.9774,-0.4974,1.3633,-1.0,3.1632
146511,1681,3.7273,-0.2741,2.1846,3.0057,2.2017,1.1176,1.6956,-1.0,6.7959,-0.6662,-6.2978,-2.4631,6.333,-0.3797,-1.6762,1.0,9.6251
146511,1682,5.4211,1.172,5.1722,1.1191,5.3033,0.2095,1.348,1.0,0.5758,0.1035,-0.193,-0.522,0.219,-1.6033,-1.0787,-1.0,3.0311
146511,1683,15.0513,8.5642,-2.8064,12.0544,9.0123,1.1011,-0.3167,-1.0,1.917,1.3868,-0.568,1.1907,1.4986,0.7284,-0.3887,1.0,1.4422
146511,1684,127.0797,-19.4778,-19.825,124.0033,27.7924,2.201,-2.3474,-1.0,1.9271,-0.4481,-0.3085,1.8457,0.544,1.9358,-2.5387,1.0,1.5429
146511,1685,9.2082,3.3538,-4.1326,-7.5136,5.3222,-1.1448,-0.8891,-1.0,5.68,2.3186,-3.1555,-4.1132,3.9158,-0.9166,-0.9371,1.0,1.0888
146511,1686,5.0661,0.5432,1.0261,4.9302,1.161,2.1528,1.0839,1.0,7.211,-3.5237,-0.8586,6.2317,3.6268,1.31,-2.9026,-1.0,4.1509
146511,1687,1.4577,-0.0082,-0.8273,-1.1955,0.8273,-1.1639,-1.5807,-1.0,16.6575,11.2011,-7.2316,-9.985,13.3326,-0.6923,-0.5733,1.0,3.5957
146511,1688,1.1166,0.6754,0.2587,0.8442,0.7232,0.9948,0.3657,1.0,4.2799,-3.368,1.1427,2.3785,3.5566,0.6269,2.8145,-1.0,3.086
146511,1689,2.55,0.4606,2.4782,0.3708,2.5207,0.1466,1.387,1.0,2.0575,1.1437,1.6919,-0.2263,2.0423,-0.1106,0.9764,-1.0,1.1151
146511,1690,13.3074,6.3252,-5.2487,-10.4651,8.2193,-1.062,-0.6927,-1.0,4.5171,-3.149,-0.531,-3.193,3.1935,-0.8813,-2.9745,1.0,9.3636
146511,1691,44.634,-42.4007,12.3904,-6.3906,44.174,-0.1442,2.8573,-1.0,44.5771,42.3199,-12.5347,6.2457,44.1372,0.141,-0.288,1.0,89.2108
146511,1692,1.2835,0.8056,0.6937,-0.7113,1.0631,-0.6271,0.7109,-1.0,0.8962,-0.7485,-0.4806,-0.0273,0.8895,-0.0307,-2.5708,1.0,2.0388
146511,1693,0.4192,-0.0958,-0.2469,-0.3073,0.2648,-0.9904,-1.9408,1.0,15.7361,11.7548,0.6728,-10.4396,11.774,-0.7989,0.0572,-1.0,3.0631
146511,1694,1.9675,1.5401,-0.167,-1.2083,1.5491,-0.717,-0.108,-1.0,1.2592,-1.1535,0.2469,0.4277,1.1796,0.3551,2.9308,1.0,3.1058
146511,1695,1.7937,-0.9647,-0.1837,1.4973,0.982,1.2084,-2.9534,1.0,19.8966,-0.8577,-4.7819,19.2941,4.8582,2.0878,-1.7483,-1.0,3.1954
146511,1696,1.0108,-0.5444,-0.3308,-0.7777,0.637,-1.0293,-2.5956,-1.0,1.5092,1.041,1.0323,-0.3425,1.4661,-0.2316,0.7812,1.0,2.0873
146511,1697,20.8604,5.4184,-5.0801,19.493,7.4275,1.6925,-0.7532,1.0,12.0036,9.2184,-2.2214,7.3595,9.4823,0.7139,-0.2365,-1.0,9.5623
146511,1698,39.538,38.5413,-6.9905,-5.3797,39.1701,-0.1369,-0.1794,1.0,64.3508,-33.6656,-7.3425,54.3483,34.457,1.2369,-2.9269,-1.0,90.3646
146511,1699,1.4123,-0.7911,-0.9177,-0.7178,1.2116,-0.5623,-2.2823,-1.0,1.7752,1.0311,0.7025,1.2584,1.2476,0.8875,0.5981,1.0,3.1247
146511,1700,48.26,38.0495,17.5808,23.9201,41.9148,0.5435,0.4328,1.0,63.1812,-51.3866,4.0463,36.5363,51.5456,0.6599,3.063,-1.0,90.1031
146511,1701,32.8764,19.1354,25.5923,7.7277,31.9551,0.2395,0.9288,-1.0,89.5077,14.7264,-38.0766,-79.655,40.8251,-1.4216,-1.2018,1.0,92.2054
146511,1702,1.1495,0.8612,0.698,0.2854,1.1085,0.2547,0.6811,1.0,2.1184,-0.4973,1.0806,1.7497,1.1896,1.1785,2.0021,-1.0,1.8006
146511,1703,3.3231,-0.3723,1.4268,-2.9762,1.4746,-1.4518,1.826,-1.0,0.8633,-0.3656,-0.7139,0.3015,0.802,0.3676,-2.0441,1.0,3.0529
146511,1704,8.5265,2.3461,-0.7789,8.1597,2.472,1.9095,-0.3205,1.0,3.1837,1.0603,-1.4396,2.6321,1.7879,1.1792,-0.936,-1.0,2.0353
146511,1705,47.2244,30.6698,35.7578,3.299,47.109,0.07,0.8618,1.0,46.4902,-25.8743,-33.3636,-19.4606,42.221,-0.446,-2.2304,-1.0,92.1548
146511,1706,2.9549,1.9919,0.4209,2.1391,2.0359,0.9168,0.2082,1.0,3.8383,1.0042,1.1645,3.5153,1.5377,1.5647,0.8592,-1.0,1.6391
146511,1707,10.4474,-3.7726,1.8168,9.571,4.1872,1.5646,2.6928,-1.0,14.9835,0.1918,14.1167,5.0176,14.118,0.3483,1.5572,1.0,12.9308
146511,1708,36.6953,-26.0267,9.8222,-23.9305,27.8184,-0.779,2.7807,-1.0,142.1383,66.8607,-2.4808,-125.4064,66.9067,-1.386,-0.0371,1.0,89.211
146511,1709,2.7129,2.0145,0.9801,-1.5263,2.2403,-0.6373,0.4528,-1.0,7.3139,4.0831,1.1763,-5.9521,4.2492,-1.1384,0.2805,1.0,1.6672
146511,1710,5.4355,-4.28,3.0994,1.2685,5.2843,0.2378,2.5148,1.0,11.4442,3.9082,10.4636,2.4898,11.1696,0.2211,1.2133,-1.0,9.3118
146511,1711,2.7829,-1.8537,0.9446,1.8452,2.0805,0.7991,2.6703,-1.0,2.5767,-0.6284,-2.0736,1.3904,2.1668,0.6042,-1.8651,1.0,3.2894
146511,1712,127.5305,-29.5284,-53.097,-112.1285,60.7553,-1.3724,-2.0783,1.0,49.5871,26.7868,19.8038,-36.7307,33.3125,-0.9521,0.6366,-1.0,89.9757
146511,1713,44.0964,-20.9448,-34.2383,18.2628,40.1366,0.4406,-2.1198,1.0,44.0778,20.9083,34.2535,-18.2313,40.1305,-0.44,1.0228,-1.0,88.1741
146511,1714,2.8302,0.6745,-2.7385,-0.2113,2.8203,-0.0748,-1.3293,1.0,5.4012,2.9252,-4.4802,0.7296,5.3506,0.1359,-0.9924,-1.0,1.5554
146511,1715,49.5908,9.5193,13.9651,46.6219,16.9009,1.7392,0.9725,-1.0,2.9362,1.186,-1.3561,2.3161,1.8016,1.0696,-0.8522,1.0,9.5169
146511,1716,6.6552,1.702,-1.8527,-6.1604,2.5158,-1.628,-0.8278,-1.0,3.3226,0.0472,-0.9116,-3.193,0.9128,-1.9652,-1.5191,1.0,1.1698
146511,1717,20.6217,8.6561,-0.2999,18.7143,8.6613,1.5133,-0.0346,-1.0,10.1536,2.9185,1.3672,9.628,3.2229,1.8144,0.4381,1.0,2.9537
146511,1718,1.5511,1.458,0.5181,0.0216,1.5473,0.0139,0.3415,1.0,1.5786,-1.323,-0.8322,-0.1953,1.5629,-0.1246,-2.5801,-1.0,3.1061
146511,1719,19.4463,-3.6415,-2.2426,-18.9699,4.2766,-2.1953,-2.5896,-1.0,5.5595,-3.0522,-4.0209,-2.3266,5.0481,-0.446,-2.2201,1.0,9.3653
146511,1720,21.981,9.6001,0.3956,19.7695,9.6083,1.4691,0.0412,-1.0,3.7376,-1.6115,-2.4917,2.27,2.9674,0.7051,-2.1449,1.0,10.3679
146511,1721,2.2184,0.7605,-0.3943,2.0437,0.8566,1.6039,-0.4784,-1.0,1.9334,0.2619,-1.1746,1.5095,1.2034,1.0503,-1.3514,1.0,1.0517
146511,1722,3.3244,0.4649,2.3064,-2.3462,2.3528,-0.8794,1.3719,1.0,3.5923,0.9104,-0.4432,-3.445,1.0126,-1.9385,-0.453,-1.0,2.9899
146511,1723,1.3371,-0.0569,-0.3196,1.2927,0.3246,2.0904,-1.7471,1.0,1.7736,-0.3561,0.396,-1.6884,0.5326,-1.8709,2.3032,-1.0,3.0566
146511,1724,50.1922,-13.8275,-0.1049,-48.2497,13.8279,-1.9628,-3.134,1.0,25.339,-6.0549,0.0258,-24.6047,6.055,-2.11,3.1373,-1.0,1.3712
146511,1725,2.3116,-0.4728,2.2577,-0.1059,2.3067,-0.0459,1.7772,-1.0,3.2108,2.6944,1.2036,-1.2608,2.951,-0.4152,0.4201,1.0,3.4223
146511,1726,0.9659,-0.3816,0.7046,0.529,0.8013,0.6198,2.0671,-1.0,1.1797,-0.8296,-0.1906,0.8099,0.8512,0.8467,-2.9157,1.0,1.0392
146511,1727,6.1134,-3.3693,0.5718,5.0679,3.4175,1.1853,2.9735,-1.0,8.5963,6.1872,-1.3624,5.8093,6.3354,0.8214,-0.2167,1.0,9.4602
146511,1728,3.8619,1.7201,-0.1155,-3.4542,1.724,-1.4453,-0.067,1.0,13.9973,3.8055,0.0231,-13.4696,3.8056,-1.9765,0.0061,-1.0,1.413
146511,1729,0.5932,0.5004,0.0036,0.3005,0.5004,0.5693,0.0072,1.0,3.9129,0.5279,3.2095,2.1725,3.2527,0.6262,1.4078,-1.0,1.6756
146511,1730,45.4329,-39.9685,-21.5071,2.026,45.3876,0.0446,-2.6479,-1.0,52.5349,44.6416,27.5522,2.8115,52.4595,0.0536,0.553,1.0,97.5495
146511,1731,2.7674,-0.246,-0.1726,2.749,0.3005,2.9097,-2.5298,-1.0,1.7684,-0.5005,1.5259,-0.733,1.6059,-0.4419,1.8878,1.0,3.7577
146511,1732,0.7554,0.6629,-0.2745,0.2115,0.7174,0.2907,-0.3926,-1.0,5.7038,-3.177,-4.6913,0.6483,5.6658,0.1142,-2.1661,1.0,3.1625
146511,1733,17.6032,-5.389,4.1685,-16.2309,6.8131,-1.6026,2.4832,-1.0,38.9309,15.2227,-4.2397,35.5794,15.8021,1.5508,-0.2716,1.0,52.2018
146511,1734,4.6034,-0.8265,4.5052,0.4481,4.5803,0.0977,1.7522,1.0,4.9724,0.7341,-4.8796,0.6034,4.9345,0.122,-1.4215,-1.0,9.5101
146511,1735,1.4302,1.1917,-0.3008,-0.7236,1.2291,-0.5591,-0.2472,-1.0,2.3132,-1.5953,1.2655,-1.0925,2.0362,-0.5137,2.471,1.0,3.1018
146511,1736,42.3684,36.7787,9.9314,-18.541,38.096,-0.4693,0.2637,-1.0,50.2902,-47.0134,-9.9701,14.8134,48.0589,0.3036,-2.9326,1.0,92.0162
146511,1737,3.0003,0.2504,-2.4389,1.7261,2.4517,0.656,-1.4685,-1.0,2.2628,-2.1932,-0.1038,0.537,2.1956,0.2422,-3.0943,1.0,3.5127
146511,1738,0.7198,0.6191,0.1718,-0.3068,0.6425,-0.4609,0.2707,-1.0,0.5205,-0.4435,-0.1731,0.1819,0.4761,0.3734,-2.7695,1.0,1.2214
146511,1739,5.3561,-3.159,4.1658,-1.1589,5.2281,-0.2199,2.2196,-1.0,4.3947,2.5652,-3.5531,-0.3123,4.3823,-0.0712,-0.9455,1.0,9.6013
146511,1740,2.3754,2.2851,-0.5196,0.3738,2.3434,0.1588,-0.2236,-1.0,0.7765,0.4452,0.2047,-0.593,0.4901,-1.0224,0.431,1.0,1.5273
146511,1741,1.7311,-0.3527,-1.4947,0.7919,1.5358,0.4951,-1.8026,-1.0,4.0638,3.8506,-1.1747,0.5439,4.0258,0.1347,-0.2961,1.0,3.5264
146511,1742,2.8015,-0.2712,-1.5856,-2.2912,1.6086,-1.1521,-1.7402,-1.0,10.7023,1.2558,-9.9856,-3.6385,10.0642,-0.3541,-1.4457,1.0,3.5114
146511,1743,44.5523,32.2127,-25.8124,16.7619,41.2788,0.3957,-0.6755,-1.0,51.4114,-49.8128,0.1158,-12.7196,49.813,-0.2527,3.1393,1.0,90.6786
146511,1744,8.2499,0.5989,-0.8228,8.1862,1.0177,2.7819,-0.9416,1.0,16.038,-1.633,-4.6663,15.2566,4.9438,1.8453,-1.9074,-1.0,3.0224
146511,1745,12.9389,2.5782,3.9914,-12.0344,4.7516,-1.6593,0.9973,1.0,1.8411,1.1797,-0.1847,-1.3974,1.1941,-0.9968,-0.1553,-1.0,3.07
146511,1746,4.3583,1.4724,0.3692,4.084,1.5179,1.7158,0.2457,-1.0,20.6125,2.5085,6.7198,19.324,7.1728,1.717,1.2135,1.0,3.083
146511,1747,1.8292,0.5727,-0.1954,-1.723,0.6051,-1.7691,-0.3287,1.0,8.5393,5.2306,-3.8225,-5.5622,6.4785,-0.7778,-0.6311,-1.0,2.1473
146511,1748,2.7449,1.6574,0.7643,-2.0474,1.8252,-0.9649,0.4321,-1.0,10.5447,8.0776,6.7487,-0.6208,10.5259,-0.0589,0.696,1.0,4.275
146511,1749,4.3879,2.9348,3.2261,0.4708,4.3613,0.1077,0.8327,-1.0,1.4142,0.8612,-0.5765,-0.9564,1.0364,-0.8258,-0.5899,1.0,3.4639
146511,1750,1.4717,0.6451,1.2868,-0.2874,1.4395,-0.1984,1.1061,-1.0,12.7304,-0.9575,9.6764,-8.2159,9.7237,-0.7674,1.6694,1.0,3.0169
146511,1751,3.2292,0.2222,-2.9981,-1.1742,3.0063,-0.3813,-1.4968,1.0,3.2418,-0.166,2.9935,1.2285,2.9981,0.3991,1.6262,-1.0,6.4705
146511,1752,51.1683,12.9538,-46.162,-17.8732,47.9451,-0.3647,-1.2972,1.0,44.4374,-5.7512,43.7086,5.5822,44.0853,0.1263,1.7016,-1.0,94.5066
146511,1753,6.215,0.3027,-6.1004,-1.1439,6.1079,-0.1862,-1.5212,1.0,3.7435,0.6881,3.6398,-0.5303,3.7043,-0.1427,1.3839,-1.0,9.4516
146511,1754,5.2765,-0.6497,-1.1537,5.1065,1.3241,2.0593,-2.0837,1.0,26.2165,-5.6532,-4.7517,25.1547,7.3849,1.9396,-2.4426,-1.0,1.2111
146511,1755,1.1122,1.0783,-0.2463,0.0504,1.1061,0.0455,-0.2245,1.0,2.6158,-2.0979,-1.5087,0.3917,2.5841,0.151,-2.5181,-1.0,3.0956
146511,1756,10.394,0.9834,-1.6483,10.2147,1.9194,2.3737,-1.0329,-1.0,6.939,-1.0547,5.1683,4.5072,5.2749,0.7746,1.7721,1.0,8.4442
146511,1757,49.6396,-39.2585,16.2902,25.6413,42.5042,0.5716,2.7483,1.0,43.3338,38.2194,-11.2826,-17.0231,39.85,-0.4152,-0.2871,-1.0,92.4317
146511,1758,51.105,-6.2247,31.1092,-40.0647,31.7259,-1.0556,1.7683,1.0,42.3523,4.5293,-27.5091,31.8817,27.8795,0.9793,-1.4076,-1.0,93.0133
146511,1759,46.4954,-43.8674,-13.6665,7.12,45.9469,0.1543,-2.8396,1.0,41.1549,39.8325,6.954,-7.6632,40.435,-0.1884,0.1728,-1.0,87.298
146511,1760,0.458,-0.3027,0.1171,0.3054,0.3246,0.8391,2.7724,1.0,2.8645,-2.7886,-0.3402,-0.5494,2.8093,-0.1944,-3.0202,-1.0,1.1719
146511,1761,8.1068,-1.2102,-2.161,-7.7185,2.4769,-1.8546,-2.0813,-1.0,3.4109,2.04,0.0145,2.7315,2.04,1.102,0.0071,1.0,10.1239
146511,1762,2.691,-1.1676,0.8196,2.2793,1.4266,1.2478,2.5296,-1.0,5.5804,-1.2216,0.9204,5.3657,1.5295,1.9679,2.4959,1.0,1.1112
146511,1763,5.0299,-1.2014,-0.2605,4.8762,1.2293,2.0866,-2.9281,-1.0,15.6804,-4.9631,0.3843,14.8689,4.978,1.8143,3.0643,1.0,1.0154
146511,1764,5.6097,-3.032,-1.4889,-4.4775,3.3778,-1.0939,-2.6851,-1.0,1.146,0.6467,-0.814,-0.4704,1.0396,-0.4383,-0.8994,1.0,3.1883
146511,1765,7.4215,-0.272,7.3931,0.5792,7.3981,0.0782,1.6076,1.0,3.1272,-0.2237,2.992,0.8753,3.0004,0.2877,1.6454,-1.0,1.0312
146511,1766,53.2796,49.0486,16.4781,-12.7052,51.7425,-0.2431,0.3241,1.0,39.9725,-32.6248,-18.8462,13.3505,37.677,0.3473,-2.6178,-1.0,91.7617
146511,1767,3.2184,1.5631,-0.0304,2.8112,1.5634,1.3495,-0.0195,1.0,2.9433,-1.7862,-1.1924,-2.0099,2.1477,-0.8353,-2.553,-1.0,5.9816
146511,1768,0.527,0.0122,0.4742,-0.204,0.4743,-0.4178,1.545,-1.0,2.9738,0.7451,-0.0376,-2.8768,0.7461,-2.0591,-0.0504,1.0,1.4145
146511,1769,22.5432,11.7677,-0.7451,19.2133,11.7913,1.2645,-0.0632,-1.0,1.3889,-1.29,-0.4979,0.0766,1.3827,0.0554,-2.7732,1.0,9.4507
146511,1770,2.6668,1.5745,-1.4558,1.5819,2.1444,0.6833,-0.7462,1.0,2.3695,1.4112,-1.1823,-1.488,1.841,-0.7391,-0.6974,-1.0,3.0793
146511,1771,5.8476,-2.4412,5.1052,-1.4698,5.6588,-0.2569,2.0168,1.0,4.6892,4.0375,-1.8247,-1.5318,4.4306,-0.3392,-0.4245,-1.0,9.4182
146511,1772,3.3505,0.7452,2.0032,-2.5781,2.1374,-1.0199,1.2147,1.0,1.368,0.2631,-1.1419,-0.6979,1.1718,-0.565,-1.3444,-1.0,3.1263
146511,1773,34.3991,31.1256,13.8907,4.6403,34.0845,0.1357,0.4198,1.0,73.2022,-48.5739,5.2636,54.5107,48.8583,0.9609,3.0337,-1.0,86.0689
146511,1774,1.7806,-1.1089,0.9181,1.0425,1.4396,0.6723,2.45,1.0,1.5122,0.7393,-1.3148,0.0149,1.5084,0.0099,-1.0586,-1.0,3.0708
146511,1775,9.8255,-4.2751,-5.7449,6.7267,7.161,0.8378,-2.2105,1.0,3.5963,-0.7681,-2.616,2.3429,2.7264,0.7783,-1.8564,-1.0,1.5966
146511,1776,9.4691,1.8498,0.1075,-9.2854,1.8529,-2.3146,0.058,1.0,7.189,3.8225,0.7188,-6.045,3.8895,-1.2244,0.1859,-1.0,3.1002
146511,1777,2.972,-1.7747,-0.7531,-2.2594,1.9278,-0.9979,-2.7403,-1.0,3.0358,2.0147,0.7239,2.1499,2.1408,0.8844,0.3449,1.0,6.0019
146511,1778,1.6482,-1.4647,0.2774,-0.695,1.4907,-0.4508,2.9544,-1.0,0.34,0.1547,-0.241,-0.1497,0.2864,-0.5015,-1.0002,1.0,1.2336
146511,1779,2.0015,0.5501,0.5151,1.8512,0.7536,1.6309,0.7525,1.0,1.428,0.7453,-0.81,0.9036,1.1007,0.749,-0.827,-1.0,1.5516
146511,1780,5.8201,-0.8005,-2.0245,-5.3966,2.177,-1.6394,-1.9473,-1.0,28.3742,3.2366,-8.5061,-26.8748,9.1011,-1.8035,-1.2072,1.0,3.3136
146511,1781,35.7968,4.2992,10.7848,33.8615,11.6102,1.7917,1.1915,-1.0,35.3895,-3.7437,5.7693,34.7146,6.8775,2.3217,2.1464,1.0,9.5105
146511,1782,2.134,-1.9703,-0.5378,0.6094,2.0424,0.2941,-2.8751,1.0,5.0872,-3.7246,0.7615,3.3787,3.8017,0.8005,2.9399,-1.0,1.9385
146511,1783,1.4074,1.252,-0.5718,-0.2738,1.3764,-0.1976,-0.4284,1.0,6.2924,5.414,-3.0942,0.8357,6.2358,0.1336,-0.5192,-1.0,1.0468
146511,1784,1.9786,-1.3875,-0.6538,-1.2454,1.5339,-0.7419,-2.7012,1.0,6.4355,-2.7503,-2.7646,-5.1183,3.8997,-1.0861,-2.3536,-1.0,1.2219
146511,1785,3.3908,-2.9725,1.5826,0.3816,3.3676,0.1131,2.6524,-1.0,9.9321,6.3288,3.5988,6.755,7.2804,0.8294,0.517,1.0,9.405
146511,1786,1.5945,0.9245,0.9362,-0.8946,1.3157,-0.6362,0.7917,1.0,1.6682,0.349,1.6273,-0.0446,1.6643,-0.0268,1.3595,-1.0,1.2532
146511,1787,16.5191,-1.823,-3.8696,-15.9553,4.2776,-2.0271,-2.0111,-1.0,18.6062,-4.804,-5.8134,-17.009,7.5415,-1.5523,-2.2614,1.0,3.0762
146511,1788,10.7448,-10.3722,-0.6621,2.7239,10.3933,0.2592,-3.0778,-1.0,4.5183,0.675,-1.9018,4.0412,2.018,1.4448,-1.2298,1.0,9.3052
146511,1789,3.7427,-0.8991,0.3188,-3.6175,0.954,-2.043,2.8009,-1.0,9.5743,-4.4753,-1.3526,-8.3546,4.6752,-1.3441,-2.8481,1.0,2.0146
146511,1790,8.0974,-2.7391,7.3007,2.1805,7.7976,0.2761,1.9297,-1.0,5.9358,-3.8062,-2.1514,4.0134,4.3721,0.8222,-2.6271,1.0,9.4452
146511,1791,3.1906,0.5292,-0.618,3.0834,0.8136,2.0424,-0.8627,-1.0,0.8343,0.0388,-0.6741,0.4785,0.6752,0.6597,-1.5134,1.0,1.2335
146511,1792,2.533,-2.4392,-0.5333,0.4129,2.4969,0.1646,-2.9263,1.0,8.1256,7.4095,-1.297,-3.0709,7.5222,-0.3977,-0.1733,-1.0,8.8592
146511,1793,5.6102,2.5539,-3.5698,3.4924,4.3893,0.7293,-0.9498,1.0,1.3247,1.2955,0.2554,0.0021,1.3205,0.0016,0.1946,-1.0,3.1745
146511,1794,46.7378,36.4843,27.2457,10.5343,45.535,0.2293,0.6414,-1.0,47.3125,-37.4379,-28.5021,-4.9493,47.0528,-0.105,-2.4909,1.0,93.871
146511,1795,10.1417,-9.4041,-2.0183,3.2145,9.6182,0.3283,-2.9302,1.0,6.2526,-4.7353,2.0799,3.5121,5.1719,0.6354,2.7277,-1.0,4.8581
146511,1796,9.29,1.0915,-4.2575,8.1838,4.3952,1.3802,-1.3198,-1.0,6.0804,-0.7923,-0.8844,5.9623,1.1874,2.3166,-2.3013,1.0,3.0991
146511,1797,17.3514,-4.4726,4.2717,16.2114,6.1848,1.6913,2.3792,-1.0,8.2208,-5.1828,0.6367,-6.3485,5.2218,-1.026,3.0193,1.0,20.9606
146511,1798,1.9802,-1.4625,-0.955,0.9268,1.7467,0.5084,-2.5631,1.0,1.7761,-0.5426,0.7439,-1.5151,0.9208,-1.2728,2.201,-1.0,3.1142
146511,1799,1.6516,-1.3092,0.1091,-0.9954,1.3137,-0.6993,3.0585,-1.0,1.5668,0.9949,0.3639,1.1496,1.0593,0.9404,0.3506,1.0,3.1642
146511,1800,4.7186,-4.6506,0.7269,0.3124,4.7071,0.0663,2.9866,1.0,4.245,-2.7218,2.695,1.8268,3.8304,0.4605,2.3611,-1.0,3.1157
146511,1801,3.9548,-3.8399,0.7351,-0.5859,3.9097,-0.1493,2.9525,1.0,0.8258,0.3565,-0.5371,-0.5052,0.6447,-0.7199,-0.9849,-1.0,3.0805
146511,1802,14.7072,4.3489,-3.7753,-13.5324,5.7589,-1.59,-0.7149,-1.0,3.0874,1.3271,0.1083,-2.7835,1.3315,-1.4834,0.0815,1.0,2.1855
146511,1803,6.1788,2.3359,-2.0652,5.3333,3.118,1.3061,-0.724,1.0,6.5047,-0.3333,-0.8449,6.4401,0.9082,2.6569,-1.9465,-1.0,3.1268
146511,1804,10.3327,4.5773,-3.4739,-8.5868,5.7463,-1.1916,-0.6492,-1.0,8.0007,1.7756,-0.8915,-7.7494,1.9868,-2.0703,-0.4653,1.0,3.1347
146511,1805,0.8742,0.6212,-0.0012,-0.6059,0.6212,-0.8638,-0.0019,1.0,4.3795,2.2715,0.2514,3.7345,2.2854,1.2669,0.1102,-1.0,3.0632
146511,1806,9.1143,1.2632,-3.4801,-8.3278,3.7023,-1.5499,-1.2226,1.0,2.0831,0.6299,-0.2914,-1.9613,0.694,-1.762,-0.4333,-1.0,1.3073
146511,1807,16.289,-2.5914,6.4763,14.7194,6.9755,1.4918,1.9514,1.0,11.5194,-0.9109,3.276,11.0056,3.4003,1.8908,1.842,-1.0,2.0382
146511,1808,0.9225,0.4423,-0.6609,-0.4554,0.7952,-0.5453,-0.981,-1.0,2.6538,-0.476,1.7928,-1.8949,1.8549,-0.8965,1.8303,1.0,2.4461
146511,1809,4.5019,-3.264,-1.5161,-2.7025,3.5989,-0.6939,-2.7068,-1.0,8.2485,1.0724,-0.6779,-8.1497,1.2687,-2.5591,-0.5637,1.0,5.9318
146511,1810,15.3041,1.4909,-3.8337,-14.7405,4.1134,-1.9884,-1.1999,-1.0,2.9048,0.2737,-0.2028,-2.8828,0.3407,-2.8322,-0.6378,1.0,1.2542
146511,1811,0.4984,0.1139,-0.1453,-0.4508,0.1846,-1.6254,-0.9062,1.0,0.6794,-0.385,0.363,0.4129,0.5291,0.7172,2.3856,-1.0,1.1247
146511,1812,1.4137,1.2028,-0.454,0.5784,1.2856,0.4359,-0.3609,-1.0,1.6593,-1.5431,0.5311,-0.2809,1.6319,-0.1713,2.8101,1.0,3.0386
146511,1813,0.4398,0.4216,0.0648,-0.0174,0.4265,-0.0407,0.1525,1.0,1.347,-0.9893,-0.5697,-0.7071,1.1416,-0.5854,-2.6191,-1.0,1.4459
146511,1814,5.016,-1.053,4.7636,1.1613,4.8786,0.2358,1.7883,1.0,4.5419,1.0196,-4.2879,-1.0918,4.4075,-0.2453,-1.3373,-1.0,9.5458
146511,1815,0.5696,0.1316,0.5206,0.1579,0.537,0.29,1.3231,1.0,0.656,-0.3769,-0.214,-0.481,0.4334,-0.9571,-2.6252,-1.0,1.1151
146511,1816,8.2616,1.9715,-4.2014,6.8341,4.641,1.1794,-1.132,1.0,3.602,-0.4946,3.5579,0.2444,3.5921,0.068,1.7089,-1.0,9.3832
146511,1817,3.4749,2.2722,-2.6238,0.128,3.4709,0.0369,-0.8571,-1.0,3.5689,-2.2229,2.7721,-0.3168,3.5533,-0.089,2.2467,1.0,7.0396
146511,1818,1.0274,-0.9175,-0.3519,-0.2808,0.9826,-0.282,-2.7753,-1.0,2.6494,-1.0853,2.4067,-0.1944,2.6401,-0.0736,1.9944,1.0,2.2494
146511,1819,18.775,7.1212,1.5766,-17.3,7.2937,-1.5986,0.2179,-1.0,15.8209,6.3979,-1.4603,-14.3954,6.5624,-1.527,-0.2244,1.0,3.0825
146511,1820,48.7276,16.2997,-40.7166,21.2332,43.8579,0.467,-1.19,1.0,40.2356,-17.448,33.9534,-12.7134,38.1741,-0.3272,2.0455,-1.0,88.2882
146511,1821,1.004,0.5072,0.5209,0.6844,0.727,0.8393,0.7987,1.0,2.4003,0.3758,0.1408,2.3641,0.4013,2.4737,0.3584,-1.0,1.0385
146511,1822,3.5526,-2.2862,-1.3398,2.3639,2.6499,0.803,-2.6115,1.0,1.0519,0.5898,0.5194,0.6911,0.7859,0.7934,0.7219,-1.0,2.884
146511,1823,36.004,8.2582,-1.7192,35.0018,8.4352,2.1303,-0.2052,1.0,27.9912,6.0447,-3.9714,27.0404,7.2326,2.0293,-0.5813,-1.0,3.0322
146511,1824,8.2381,2.8963,-1.2091,-7.616,3.1386,-1.6196,-0.3955,-1.0,9.4072,2.7902,-4.5667,-7.7359,5.3516,-1.1642,-1.0223,1.0,3.1586
146511,1825,24.002,-10.0889,2.1075,-21.6762,10.3067,-1.4888,2.9357,1.0,60.815,-26.2954,3.9603,-54.693,26.5919,-1.4687,2.9921,-1.0,1.0192
146511,1826,0.7907,0.3077,-0.7203,-0.0211,0.7833,-0.0269,-1.1671,1.0,1.7365,0.8924,-0.3276,-1.4494,0.9506,-1.2084,-0.3518,-1.0,1.2985
146511,1827,1.3609,0.7347,-1.1392,0.0571,1.3556,0.0421,-0.998,1.0,1.4744,-0.5684,-1.3094,0.3541,1.4274,0.2456,-1.9803,-1.0,1.359
146511,1828,84.8358,41.2472,1.0899,-74.1255,41.2616,-1.3487,0.0264,-1.0,24.8829,-16.7472,5.3838,17.5981,17.5913,0.8816,2.8306,1.0,90.5576
146511,1829,2.4274,1.1203,0.7854,-2.0022,1.3682,-1.1743,0.6114,1.0,5.4941,1.9255,0.3977,-5.1291,1.9661,-1.6869,0.2037,-1.0,1.1027
146511,1830,1.9936,-0.8443,-1.8013,-0.0768,1.9893,-0.0386,-2.0091,-1.0,3.2505,0.0412,-2.8793,1.5042,2.8796,0.5011,-1.5565,1.0,1.706
146511,1831,40.2578,1.0771,38.6689,-11.1458,38.6839,-0.2843,1.543,-1.0,70.8962,13.9435,-44.0032,-53.8105,46.1595,-0.9939,-1.2639,1.0,88.7796
146511,1832,1.3085,-0.3422,0.1372,-1.251,0.3687,-1.9359,2.7603,-1.0,3.0492,0.8959,1.3048,-2.6041,1.5828,-1.2727,0.9691,1.0,1.3197
146511,1833,2.5871,-1.224,1.6335,1.5861,2.0412,0.7147,2.2138,1.0,0.8188,0.5346,0.6073,-0.0685,0.8091,-0.0845,0.849,-1.0,1.9496
146511,1834,9.1728,-0.7479,-1.5542,9.0086,1.7247,2.3553,-2.0193,1.0,6.217,2.5118,1.7941,-5.3955,3.0868,-1.3249,0.6202,-1.0,14.8533
146511,1835,12.2616,2.2683,0.206,-12.0477,2.2777,-2.3677,0.0906,1.0,10.9594,3.3881,1.4601,-10.3192,3.6893,-1.7522,0.4069,-1.0,2.0404
146511,1836,0.7804,0.0082,-0.141,-0.7602,0.1413,-2.3846,-1.5127,1.0,0.525,-0.2173,0.022,0.4655,0.2184,1.501,3.0408,-1.0,1.2487
146511,1837,0.682,-0.6308,-0.2342,0.0349,0.6729,0.0519,-2.7862,1.0,0.6632,0.6337,0.1067,-0.1253,0.6426,-0.1937,0.1668,-1.0,1.3361
146511,1838,5.6872,0.0171,-4.4292,-3.5658,4.4292,-0.7366,-1.5669,1.0,3.9492,0.5938,2.3371,3.1257,2.4113,1.0762,1.322,-1.0,9.3763
146511,1839,14.601,-3.6552,3.4971,13.6962,5.0587,1.7216,2.3783,-1.0,0.9448,-0.7743,0.3937,0.3563,0.8686,0.3994,2.6711,1.0,3.0722
146511,1840,20.7108,-8.2932,-15.5101,-10.9354,17.5881,-0.5874,-2.0618,-1.0,17.4785,3.6347,16.0482,5.8934,16.4546,0.3509,1.3481,1.0,37.5634
146511,1841,33.8248,3.6111,6.7641,32.9441,7.6677,2.1642,1.0804,-1.0,58.5771,10.044,10.1961,56.8016,14.3123,2.0871,0.7929,1.0,3.1162
146511,1842,10.365,-3.4417,6.8484,-6.9768,7.6646,-0.8165,2.0365,1.0,12.6499,-3.9286,7.4342,-9.4503,8.4084,-0.9663,2.0569,-1.0,1.2338
146511,1843,67.3104,-35.5717,1.8856,-57.112,35.6216,-1.2507,3.0886,-1.0,44.4919,-24.3312,-20.4326,31.1452,31.7726,0.8673,-2.4431,1.0,88.8434
146511,1844,10.8844,-0.5227,6.69,8.5691,6.7103,1.0643,1.6488,1.0,4.3726,-2.141,-3.5283,-1.4408,4.127,-0.3424,-2.1162,-1.0,12.8402
146511,1845,21.6471,-15.2167,-1.2273,-15.347,15.2661,-0.8851,-3.0611,-1.0,2.1183,-0.6919,-0.3203,-1.9735,0.7624,-1.6796,-2.708,1.0,3.052
146511,1846,0.5979,0.095,-0.5694,-0.1146,0.5772,-0.1973,-1.4055,-1.0,2.3051,0.4676,-0.0374,-2.2544,0.469,-2.2737,-0.0798,1.0,1.4597
146511,1847,1.5298,0.2107,-1.4204,-0.517,1.4359,-0.3527,-1.4236,1.0,8.2236,-3.8045,-3.5628,-6.3599,5.2123,-1.0288,-2.389,-1.0,3.1764
146511,1848,0.6667,0.1603,0.0023,0.6384,0.1603,2.0905,0.0145,1.0,45.1975,16.9135,0.3365,41.9121,16.9169,1.6389,0.0199,-1.0,1.1606
146511,1849,8.9739,3.2607,4.5834,6.9915,5.6249,1.0432,0.9524,-1.0,4.394,-4.2804,0.2382,0.9575,4.287,0.2215,3.086,1.0,9.5513
146511,1850,0.3384,0.1376,0.0843,-0.2781,0.1614,-1.3125,0.5497,1.0,1.1785,-0.4203,0.3163,1.0492,0.5261,1.4412,2.4965,-1.0,1.2107
146511,1851,119.6731,-48.2661,53.4241,95.5923,71.9983,1.0952,2.3055,-1.0,21.8195,-5.5934,-3.94,-20.7188,6.8417,-1.8274,-2.5279,1.0,95.2081
146511,1852,10.2598,3.4626,0.8299,-9.6216,3.5606,-1.7198,0.2352,-1.0,4.7314,-3.8438,2.7362,-0.3377,4.7182,-0.0715,2.5229,1.0,10.6155
146511,1853,6.9612,3.2031,4.6184,4.1059,5.6204,0.6775,0.9644,1.0,4.3626,-1.0165,-3.9105,1.6419,4.0404,0.396,-1.8251,-1.0,9.482
146511,1854,4.7502,3.9116,-1.6038,2.1634,4.2276,0.4917,-0.3891,-1.0,4.7674,-4.1252,1.8264,-1.5374,4.5114,-0.3345,2.7248,1.0,9.4919
146511,1855,48.1909,-15.7588,-18.9452,-41.4137,24.6427,-1.2909,-2.2646,-1.0,47.5145,20.2218,18.8268,38.6555,27.6292,1.1374,0.7497,1.0,95.5615
146511,1856,8.0888,2.5384,-6.8551,3.4616,7.31,0.4574,-1.2162,-1.0,2.554,0.2634,-2.5282,0.224,2.5419,0.088,-1.467,1.0,1.9465
146511,1857,0.8047,-0.2774,-0.6612,-0.3496,0.717,-0.4701,-1.9681,1.0,2.7767,0.3999,1.6338,-2.2067,1.682,-1.0857,1.3308,-1.0,2.3088
146511,1858,0.2512,-0.1469,-0.1673,-0.0487,0.2226,-0.2173,-2.2913,1.0,2.466,0.0474,2.0996,-1.2883,2.1001,-0.5803,1.5482,-1.0,1.3609
146511,1859,7.0898,0.4977,-2.7354,-6.521,2.7803,-1.5882,-1.3908,-1.0,13.9197,-1.2588,-2.393,-13.6542,2.7039,-2.3222,-2.0551,1.0,2.7352
146511,1860,2.0338,-1.4434,1.0044,-1.0164,1.7584,-0.5499,2.5336,1.0,2.328,0.0695,1.6298,1.6575,1.6313,0.8927,1.5282,-1.0,3.1285
146511,1861,47.2309,-45.1145,-3.9,13.4244,45.2828,0.2923,-3.0554,1.0,47.2706,45.0015,4.2184,-13.8407,45.1988,-0.3016,0.0935,-1.0,94.4999
146511,1862,45.5568,39.229,-23.0856,-1.8847,45.5177,-0.0414,-0.5319,-1.0,45.8728,-33.9509,25.5332,17.3116,42.4807,0.397,2.4968,1.0,89.9307
146511,1863,2.7649,2.1162,-1.7427,0.3445,2.7414,0.1253,-0.6889,1.0,5.0795,-1.065,0.6772,-4.9191,1.2621,-2.0696,2.5752,-1.0,6.1942
146511,1864,10.2793,-0.425,2.4177,9.9813,2.4548,2.1106,1.7448,-1.0,3.7,1.5749,1.1487,3.1431,1.9493,1.2555,0.6302,1.0,3.0215
146511,1865,13.7207,-5.6351,8.8767,8.8146,10.5143,0.7623,2.1364,1.0,37.941,-5.0394,16.9669,33.5594,17.6995,1.3962,1.8595,-1.0,9.5675
146511,1866,46.2786,-12.5892,40.4153,18.7035,42.3306,0.4286,1.8728,-1.0,47.7246,6.7867,-42.1275,-21.3738,42.6707,-0.482,-1.4111,1.0,93.7703
146511,1867,3.6523,-1.8043,-0.5454,3.1265,1.885,1.2797,-2.848,1.0,1.5468,-1.2531,0.2194,0.8734,1.2722,0.6416,2.9682,-1.0,1.2556
146511,1868,15.6994,-1.9536,8.9061,-12.7799,9.1179,-1.1389,1.7867,-1.0,11.6861,2.6129,-3.3954,-10.8719,4.2844,-1.6611,-0.9149,1.0,12.6395
146511,1869,4.7772,-0.5785,4.4959,-1.5042,4.533,-0.326,1.6988,1.0,11.2615,3.1261,-1.4282,-10.7237,3.4369,-1.8558,-0.4286,-1.0,9.5822
146511,1870,13.3831,1.7523,1.8363,13.1398,2.5383,2.3465,0.8088,-1.0,9.8789,-0.2315,3.1146,9.3716,3.1232,1.8186,1.645,1.0,2.7448
146511,1871,1.0539,-0.9433,0.4457,0.1049,1.0433,0.1004,2.7002,1.0,1.6343,0.0318,-1.3104,0.9703,1.3108,0.6853,-1.5465,-1.0,2.1193
146511,1872,43.4814,-0.1287,-42.8253,7.523,42.8255,0.1748,-1.5738,-1.0,43.7416,5.6028,42.9509,-6.0949,43.3148,-0.1403,1.4411,1.0,87.0392
146511,1873,47.4891,-11.1451,-1.0052,-46.1517,11.1904,-2.1244,-3.0516,-1.0,45.1179,7.3251,-4.4143,44.2998,8.5524,2.3471,-0.5423,1.0,92.3508
146511,1874,58.0353,46.8422,5.1528,-33.8724,47.1248,-0.668,0.1096,-1.0,38.761,-37.5892,-9.3958,-1.0852,38.7457,-0.028,-2.8967,1.0,89.6876
146511,1875,6.0084,-5.7705,1.6485,0.2707,6.0014,0.0451,2.8633,1.0,9.0192,0.1854,5.1846,7.3771,5.1879,1.1507,1.535,-1.0,9.4582
146511,1876,12.0163,6.366,0.3397,-10.1852,6.3751,-1.2477,0.0533,-1.0,0.5665,-0.0821,0.0691,-0.5462,0.1073,-2.33,2.4423,1.0,1.8737
146511,1877,5.4158,-1.6219,2.2521,-4.6494,2.7753,-1.2882,2.1949,1.0,5.7511,-3.776,2.028,-3.8332,4.2861,-0.8047,2.6487,-1.0,2.2997
146511,1878,1.1198,0.9782,-0.4443,0.2976,1.0744,0.2735,-0.4264,-1.0,1.1721,-0.0579,0.2053,-1.1477,0.2133,-2.3844,1.8459,1.0,1.9043
146511,1879,1.2503,-0.0879,1.118,0.5427,1.1215,0.4668,1.6492,1.0,4.5184,-1.4902,-1.1879,4.0954,1.9057,1.5083,-2.4686,-1.0,3.0448
146511,1880,6.4825,1.3705,0.5097,6.3145,1.4622,2.1692,0.3561,-1.0,34.0289,8.7258,0.7388,32.8827,8.757,2.0335,0.0845,1.0,1.1216
146511,1881,2.9012,-2.3532,-0.4331,1.6372,2.3927,0.6397,-2.9596,1.0,3.1737,0.1375,0.3424,3.1505,0.3689,2.8412,1.1889,-1.0,3.0108
146511,1882,7.1521,-2.9949,6.1535,-2.075,6.8436,-0.2987,2.0237,1.0,7.3558,3.1856,-6.4536,1.5165,7.197,0.2092,-1.1123,-1.0,14.4927
146511,1883,17.0317,-7.2717,-3.9021,-14.8985,8.2525,-1.353,-2.6491,-1.0,13.0954,-3.8545,-1.1906,-12.4581,4.0342,-1.8459,-2.842,1.0,3.0878
146511,1884,1.1715,0.9623,-0.4768,-0.4559,1.074,-0.4127,-0.46,-1.0,2.2288,-1.7531,-0.7033,-1.1783,1.8889,-0.5891,-2.7601,1.0,2.6218
146511,1885,3.2425,-2.7433,-0.8732,-1.488,2.879,-0.4962,-2.8334,-1.0,3.2433,2.7439,0.8739,1.4882,2.8797,0.4962,0.3083,1.0,6.4858
146511,1886,3.2331,1.3236,-0.3342,2.9289,1.3651,1.5069,-0.2473,-1.0,1.5506,-0.124,0.6505,1.3982,0.6622,1.4924,1.7592,1.0,1.6193
146511,1887,52.5124,-8.0064,-8.0048,-51.2773,11.3216,-2.2157,-2.3563,-1.0,4.4772,-2.7778,-0.0972,-3.5083,2.7795,-1.0552,-3.1066,1.0,8.0253
146511,1888,4.4662,-3.3404,-2.9004,-0.6039,4.4239,-0.1361,-2.4266,1.0,8.7707,-4.8254,7.3084,0.4668,8.7577,0.0533,2.1543,-1.0,9.4386
146511,1889,32.4712,-11.1357,0.9558,30.4869,11.1767,1.7286,3.056,1.0,5.1606,-1.3779,0.1229,4.9706,1.3834,1.991,3.0526,-1.0,1.0793
146511,1890,0.5395,0.1461,-0.392,0.3239,0.4184,0.7123,-1.2139,-1.0,4.8934,-1.4389,-2.6392,3.8598,3.0059,1.0687,-2.07,1.0,1.0741
146511,1891,19.5172,-7.7767,-3.7635,-17.5006,8.6395,-1.4551,-2.6909,1.0,6.636,2.4899,0.8888,-6.0857,2.6438,-1.571,0.3429,-1.0,9.5638
146511,1892,1.5479,0.3627,-1.067,1.0558,1.1269,0.836,-1.2431,-1.0,1.5612,-0.3563,1.0579,-1.0863,1.1163,-0.8623,1.8957,1.0,3.1088
146511,1893,2.0058,-1.1036,0.2164,-1.6576,1.1246,-1.1802,2.9479,1.0,1.4073,0.3606,1.2337,-0.5632,1.2853,-0.4253,1.2864,-1.0,2.0156
146511,1894,8.8184,0.5168,1.9083,-8.5933,1.977,-2.1755,1.3063,1.0,26.2721,-0.2441,5.9586,-25.5861,5.9636,-2.1628,1.6117,-1.0,1.0735
146511,1895,0.8673,0.4622,0.0944,0.72,0.4718,1.2092,0.2015,1.0,1.6486,-1.4782,-0.515,-0.5066,1.5653,-0.3182,-2.8063,-1.0,2.2528
146511,1896,0.4812,0.0256,-0.2638,-0.3875,0.265,-1.1735,-1.474,-1.0,5.4552,-1.5133,0.4329,5.2222,1.574,1.9144,2.863,1.0,3.1024
146511,1897,1.0073,0.276,0.6499,-0.7106,0.7061,-0.8859,1.1693,-1.0,0.7393,-0.3565,-0.5053,0.3912,0.6184,0.5966,-2.1853,1.0,1.7092
146511,1898,3.168,-0.5906,-0.1951,-3.1045,0.622,-2.3108,-2.8225,1.0,6.5508,3.1922,-2.3775,-5.2018,3.9803,-1.0826,-0.6402,-1.0,3.4745
146511,1899,1.5338,0.3115,-1.3618,0.6245,1.397,0.4333,-1.3459,-1.0,2.6853,-0.944,2.2709,-1.073,2.4593,-0.4235,1.9648,1.0,4.0464
146511,1900,3.1748,-0.1286,1.1193,-2.9663,1.1267,-1.6954,1.6852,1.0,2.5487,1.1976,-1.4792,-1.6919,1.9033,-0.8006,-0.8902,-1.0,3.1286
146511,1901,11.2383,6.3073,4.6359,8.0631,7.8278,0.9025,0.6338,-1.0,26.5682,18.159,12.4584,14.8627,22.0218,0.632,0.6013,1.0,3.595
146511,1902,9.586,-5.5461,0.237,7.8143,5.5512,1.1424,3.0989,1.0,5.7417,-4.4503,-3.1633,-1.773,5.4601,-0.3193,-2.5237,-1.0,9.484
146511,1903,3.3555,-0.3486,-1.7097,-2.8642,1.7449,-1.2708,-1.7719,-1.0,2.7185,-2.3052,-1.0021,-1.03,2.5136,-0.3991,-2.7315,1.0,2.7078
146511,1904,3.8835,-2.3743,-2.4423,1.8622,3.4062,0.5226,-2.3421,1.0,1.6792,-1.3232,0.9785,0.3165,1.6457,0.1912,2.5049,-1.0,3.2221
146511,1905,0.7057,-0.464,-0.5172,-0.063,0.6949,-0.0906,-2.3021,1.0,2.7757,1.1919,0.636,2.4224,1.351,1.3471,0.4901,-1.0,2.4514
146511,1906,6.4171,-0.5704,-4.4708,4.5667,4.5071,0.8907,-1.6977,-1.0,1.1846,-0.1606,-0.1234,1.1624,0.2026,2.4477,-2.4865,1.0,1.8228
146511,1907,6.1451,5.9142,-1.5945,-0.4811,6.1254,-0.0785,-0.2633,1.0,7.4822,-3.4045,3.6062,5.6014,4.9594,0.97,2.3274,-1.0,12.2123
146511,1908,4.9867,1.0897,1.616,4.5888,1.9491,1.5917,0.9775,1.0,4.631,-1.6844,-0.6955,-4.2561,1.8223,-1.5844,-2.75,-1.0,9.5493
146511,1909,53.2839,32.2028,24.5853,34.6078,40.5149,0.7744,0.6521,1.0,38.8424,-30.1729,-16.253,-18.2799,34.2719,-0.5109,-2.6475,-1.0,90.2613
146511,1910,1.0308,0.4697,0.8391,0.3558,0.9616,0.3621,1.0605,-1.0,1.0184,0.6441,-0.7817,-0.0122,1.0129,-0.012,-0.8816,1.0,1.6844
146511,1911,1.7307,0.6046,-1.5535,-0.4531,1.667,-0.2686,-1.1997,-1.0,1.6452,1.4253,-0.6893,-0.4348,1.5832,-0.2713,-0.4504,1.0,1.2075
146511,1912,41.682,-32.7735,1.6568,25.7007,32.8153,0.7195,3.0911,-1.0,56.8792,19.0974,-29.1904,-44.9271,34.8825,-1.0711,-0.9914,1.0,91.6489
146511,1913,2.2517,0.2094,-1.5993,-1.5676,1.6129,-0.8613,-1.4406,1.0,2.9558,-0.0222,2.0638,2.1133,2.0639,0.8982,1.5816,-1.0,5.1546
146511,1914,2.3419,-0.9119,1.9042,-1.008,2.1113,-0.4609,2.0174,-1.0,6.234,-2.5682,2.9924,-4.8271,3.9434,-1.0313,2.2801,1.0,1.8467
146511,1915,3.5204,-3.5131,-0.1038,-0.1711,3.5147,-0.0487,-3.1121,1.0,5.1039,1.821,1.5319,-4.514,2.3797,-1.3966,0.6994,-1.0,6.894
146511,1916,4.3218,1.9236,0.2731,-3.8589,1.9429,-1.4374,0.141,-1.0,2.8645,-0.576,-1.5133,-2.3606,1.6192,-1.1712,-1.9345,1.0,3.0993
146511,1917,3.5647,-0.8666,-1.9158,2.8765,2.1027,1.1192,-1.9956,1.0,18.3709,-5.0025,-3.3654,17.353,6.0292,1.7792,-2.5494,-1.0,3.0979
146511,1918,4.3256,-1.9396,-1.0662,-3.715,2.2133,-1.2899,-2.639,1.0,1.3941,1.0819,-0.5469,-0.6802,1.2123,-0.5352,-0.468,-1.0,3.1717
146511,1919,46.2691,-22.5547,-29.4442,27.6612,37.0901,0.6898,-2.2245,-1.0,45.4343,37.531,8.1968,-24.2589,38.4157,-0.5956,0.215,1.0,87.8759
146511,1920,30.178,4.1264,25.1964,16.0878,25.532,0.5945,1.4085,-1.0,35.3565,-12.8066,-19.2023,26.7832,23.0811,0.9904,-2.159,1.0,48.4312
146511,1921,2.7547,1.4489,2.2558,0.6242,2.681,0.2308,0.9999,-1.0,2.9277,-1.9154,-2.209,-0.1091,2.9237,-0.0373,-2.2851,1.0,5.6396
146511,1922,1.8897,-0.5232,1.7315,0.5367,1.8088,0.2925,1.8643,-1.0,11.9759,3.3499,-2.745,-11.1649,4.3309,-1.6758,-0.6865,1.0,8.3833
146511,1923,27.1833,8.8245,4.7579,-25.2668,10.0255,-1.6547,0.4945,-1.0,4.4076,1.2407,-0.025,-4.228,1.241,-1.9399,-0.0202,1.0,2.082
146511,1924,2.3162,1.7461,-0.1767,-1.5079,1.755,-0.7782,-0.1009,-1.0,2.4918,2.2434,1.0744,-0.1033,2.4874,-0.0415,0.4466,1.0,1.9491
146511,1925,10.8099,-0.7949,2.043,10.5848,2.1922,2.2782,1.9419,1.0,36.6178,1.2961,12.5742,34.3666,12.6409,1.7255,1.4681,-1.0,3.8537
146511,1926,0.1427,0.005,0.0679,-0.0675,0.0681,-0.8758,1.4977,-1.0,2.3846,-0.4796,-1.0375,2.0901,1.143,1.3643,-2.0038,1.0,1.0633
146511,1927,6.665,-1.8723,-1.3049,6.2612,2.2822,1.7341,-2.5329,1.0,2.9326,-2.4963,-0.3189,1.5019,2.5166,0.5661,-3.0145,-1.0,3.1821
146511,1928,5.2007,1.6089,3.5399,3.452,3.8884,0.7998,1.1442,-1.0,1.177,0.0279,1.0875,0.4367,1.0879,0.3914,1.5451,1.0,1.2084
146511,1929,5.1122,3.9897,-3.1782,0.3239,5.1009,0.0635,-0.6727,-1.0,0.6282,0.308,-0.4809,-0.2394,0.5711,-0.4078,-1.0011,1.0,1.0419
146511,1930,1.4266,-0.7271,1.2229,0.002,1.4227,0.0014,2.1072,-1.0,1.6712,0.8014,-1.4607,-0.077,1.6661,-0.0462,-1.069,1.0,3.0869
146511,1931,1.5978,0.2108,0.9781,1.2413,1.0006,1.0417,1.3585,-1.0,1.5147,-0.4439,-1.1299,-0.8997,1.214,-0.6861,-1.9451,1.0,3.0812
146511,1932,6.4384,-0.6782,2.4963,-5.895,2.5868,-1.5618,1.8361,1.0,3.6203,1.8153,-1.1916,2.8948,2.1714,1.0985,-0.5809,-1.0,9.4436
146511,1933,4.8828,-4.6457,0.417,-1.4402,4.6644,-0.3041,3.0521,1.0,4.5185,3.9367,-1.6082,1.5239,4.2525,0.3511,-0.3878,-1.0,9.2982
146511,1934,6.347,-1.6912,4.9057,3.6534,5.189,0.656,1.9028,-1.0,2.4114,-0.6244,0.2228,2.316,0.663,1.9638,2.7988,1.0,3.0677
146511,1935,0.3112,0.1875,-0.0833,-0.2087,0.2052,-0.8936,-0.418,1.0,3.1131,-2.7043,1.3267,-0.779,3.0122,-0.2558,2.6855,-1.0,1.6941
146511,1936,1.0516,0.1821,-0.1235,-1.0229,0.22,-2.2412,-0.5958,1.0,2.8205,0.5112,-1.9466,-1.9731,2.0127,-0.8674,-1.314,-1.0,1.1185
146511,1937,1.5352,-0.3698,-0.1917,1.4738,0.4165,1.9762,-2.6635,-1.0,1.5602,0.4651,0.1376,-1.4791,0.4851,-1.8339,0.2876,1.0,3.0934
146511,1938,1.5322,-0.7958,0.0831,1.3024,0.8001,1.2636,3.0376,-1.0,1.7338,1.7037,-0.2813,0.1145,1.7268,0.0663,-0.1637,1.0,2.792
146511,1939,26.2618,-11.7105,-13.4653,-19.2671,17.8452,-0.9366,-2.2866,-1.0,26.0455,22.7715,-3.5385,-12.1365,23.0448,-0.5049,-0.1542,1.0,36.584
146511,1940,4.3736,-2.7613,-3.3845,0.1933,4.3681,0.0442,-2.2551,-1.0,17.8341,-13.2416,-11.9146,0.8645,17.8129,0.0485,-2.4089,1.0,1.3812
146511,1941,0.8644,0.1768,0.8168,0.1937,0.8357,0.2297,1.3576,1.0,3.0283,2.0936,-0.2492,2.1711,2.1084,0.9023,-0.1185,-1.0,2.0207
146511,1942,0.8519,-0.0688,-0.623,-0.5673,0.6267,-0.8127,-1.6807,1.0,0.6713,0.349,0.5542,0.1028,0.6549,0.1563,1.0088,-1.0,1.4216
146511,1943,3.4398,1.0656,-1.0012,-3.1118,1.4622,-1.4995,-0.7542,1.0,0.5087,0.2363,0.4188,0.1281,0.4808,0.2634,1.0571,-1.0,2.1574
146511,1944,4.6277,-3.6589,2.0739,1.9276,4.2057,0.4436,2.6259,-1.0,5.0062,4.7812,0.2948,-1.4505,4.7903,-0.2984,0.0616,1.0,9.2581
146511,1945,54.8958,-30.999,-41.592,17.9641,51.8732,0.3397,-2.2113,1.0,47.9265,29.9581,27.8822,24.9405,40.9256,0.5769,0.7495,-1.0,92.4261
146511,1946,4.6291,-0.5163,1.9713,4.1551,2.0378,1.461,1.8269,-1.0,3.3877,0.4777,0.1776,3.3475,0.5096,2.5812,0.3559,1.0,1.8334
146511,1947,42.0233,0.6247,27.922,31.3993,27.929,0.9666,1.5484,-1.0,48.4804,-1.91,-29.2693,-38.6005,29.3315,-1.0882,-1.636,1.0,90.1975
146511,1948,1.4192,-0.9239,0.2332,-1.0463,0.9529,-0.949,2.8944,1.0,0.9887,-0.1779,-0.8675,0.4267,0.8855,0.465,-1.7731,-1.0,1.9487
146511,1949,62.0822,-22.17,-50.7261,-28.0988,55.3593,-0.488,-1.9828,-1.0,41.4846,30.2254,26.62,-9.9381,40.2765,-0.2443,0.7221,1.0,92.9155
146511,1950,59.6655,41.4397,30.4611,-30.2461,51.4309,-0.5586,0.6339,-1.0,37.3829,-35.6842,-6.7954,8.8275,36.3255,0.2407,-2.9534,1.0,91.4682
146511,1951,20.1722,7.079,16.9785,-8.278,18.3952,-0.4361,1.1758,1.0,1.4787,0.6845,0.4874,-1.2121,0.8403,-1.1624,0.6188,-1.0,3.6563
146511,1952,4.6596,3.2397,1.1828,3.1314,3.4489,0.8148,0.3501,1.0,4.8096,-2.7495,-0.5911,-3.9002,2.8124,-1.1303,-2.9298,-1.0,9.4066
146511,1953,39.0877,37.7862,8.651,-5.0201,38.7639,-0.1291,0.2251,1.0,53.294,-47.2626,-13.822,20.3824,49.2423,0.4029,-2.8571,-1.0,90.4536
146511,1954,58.8936,20.9915,38.9267,38.891,44.2259,0.7935,1.0762,1.0,38.2335,-17.8106,-32.8129,-8.2393,37.335,-0.2189,-2.0681,-1.0,91.9056
146511,1955,39.7532,16.223,-18.6452,31.1364,24.7149,1.0537,-0.8548,1.0,49.1996,-27.8602,24.2276,-32.518,36.9211,-0.7945,2.4258,-1.0,88.0005
146511,1956,3.8908,-1.7499,3.4609,-0.2947,3.8782,-0.0759,2.0389,1.0,1.3965,-1.136,-0.3663,-0.7172,1.1936,-0.5696,-2.8297,-1.0,3.0044
146511,1957,10.5048,-1.3436,2.5146,10.11,2.851,1.9783,2.0615,1.0,3.2822,1.8235,1.8383,2.0142,2.5893,0.7153,0.7895,-1.0,4.8895
146511,1958,13.72,-6.3783,-4.7694,-11.1713,7.9643,-1.1395,-2.4995,1.0,6.7297,-0.9766,3.8684,-5.4185,3.9897,-1.1134,1.8181,-1.0,9.3843
146511,1959,3.3497,-0.9666,-2.7894,-1.5795,2.9521,-0.5123,-1.9044,-1.0,3.3061,-0.1273,-2.995,1.3904,2.9977,0.4486,-1.6133,1.0,3.0999
146511,1960,10.1719,-4.8125,3.8157,8.1078,6.1416,1.0907,2.4712,-1.0,1.9832,0.1901,1.4936,1.2865,1.5056,0.7746,1.4442,1.0,3.1526
146511,1961,6.0288,-5.5197,2.1763,1.0642,5.9332,0.1784,2.766,1.0,5.8296,5.815,0.0554,0.3938,5.8153,0.0677,0.0095,-1.0,11.5511
146511,1962,1.0858,0.5464,-0.9302,-0.064,1.0788,-0.0593,-1.0397,1.0,3.0565,1.4989,2.1109,1.6213,2.5889,0.5912,0.9534,-1.0,3.026
146511,1963,0.8211,-0.4249,-0.257,0.6453,0.4965,1.0782,-2.5977,1.0,10.6732,-2.5176,-1.8451,10.2061,3.1214,1.9005,-2.5091,-1.0,1.1354
146511,1964,4.2588,1.0349,-2.0028,3.6116,2.2543,1.2501,-1.0939,1.0,1.5742,0.2608,1.1308,1.0585,1.1604,0.8179,1.3441,-1.0,3.1264
146511,1965,0.8424,0.6094,0.4624,0.3366,0.765,0.4269,0.6491,-1.0,2.9472,-0.0233,0.3708,2.9218,0.3715,2.7595,1.6336,1.0,1.6452
146511,1966,4.1788,-1.973,0.1329,-3.6798,1.9775,-1.3796,3.0743,-1.0,1.855,1.1467,0.6416,-1.3051,1.314,-0.8766,0.5101,1.0,3.2055
146511,1967,4.4358,-2.7482,2.6107,2.3013,3.7906,0.5749,2.3818,-1.0,5.2585,2.0211,-2.0898,-4.3805,2.9073,-1.1985,-0.8021,1.0,9.4264
146511,1968,2.036,0.728,0.3657,1.8629,0.8147,1.5649,0.4655,-1.0,7.0746,0.7236,1.6122,6.8495,1.7672,2.0642,1.1489,1.0,1.038
146511,1969,3.4985,1.3331,-1.6799,-2.7622,2.1446,-1.0711,-0.9,1.0,2.5953,-0.9499,-0.9458,-2.2198,1.3405,-1.2783,-2.3584,-1.0,2.2965
146511,1970,36.4188,0.7596,-32.5399,16.337,32.5488,0.4829,-1.5475,-1.0,28.919,-0.6656,28.6422,-3.9343,28.65,-0.1369,1.594,1.0,64.0313
146511,1971,57.6485,-55.5063,-7.5274,-13.6282,56.0144,-0.241,-3.0068,1.0,37.0675,36.6224,-5.0712,2.6588,36.9718,0.0719,-0.1376,-1.0,91.2988
146511,1972,1.8741,1.2862,-0.4821,1.2706,1.3736,0.8273,-0.3586,1.0,1.3269,-0.2002,0.2188,-1.289,0.2966,-2.1754,2.3118,-1.0,2.9996
146511,1973,2.8044,-2.5851,0.5562,-0.928,2.6443,-0.3441,2.9297,-1.0,12.7091,-9.2934,7.2998,-4.675,11.8175,-0.3859,2.4758,1.0,2.5413
146511,1974,37.87,-11.8102,-9.46,-34.7153,15.1318,-1.568,-2.4662,1.0,7.753,2.32,-3.0897,-6.7207,3.8638,-1.3206,-0.9267,-1.0,10.8142
146511,1975,13.2429,-0.6511,-6.6154,-11.4532,6.6474,-1.3124,-1.6689,-1.0,3.9194,-0.7845,-2.2142,-3.1357,2.3491,-1.0995,-1.9113,1.0,1.2987
146511,1976,7.8481,2.8021,-0.0241,7.3301,2.8022,1.6894,-0.0086,1.0,7.6823,2.6737,-1.1924,7.1018,2.9275,1.6193,-0.4195,-1.0,1.2045
146511,1977,53.698,11.1518,4.4318,52.3398,12.0001,2.1789,0.3783,1.0,38.5431,7.3803,-11.9634,-35.8882,14.0567,-1.6668,-1.018,-1.0,88.5302
146511,1978,3.6673,3.0303,-1.8361,-0.9403,3.5432,-0.2624,-0.5448,1.0,0.8218,-0.6587,0.1418,-0.4585,0.6737,-0.6366,2.9296,-1.0,3.1145
146511,1979,1.6432,-0.0631,0.1546,-1.6313,0.167,-2.9749,1.9582,-1.0,3.4197,0.547,-1.3937,-3.0728,1.4972,-1.4668,-1.1968,1.0,1.3176
146511,1980,14.2691,-0.3901,-3.7681,13.7566,3.7882,2.0012,-1.674,1.0,4.4202,-4.1852,0.3768,1.3675,4.2021,0.3199,3.0518,-1.0,9.3872
146511,1981,0.9596,-0.1375,-0.1713,0.9281,0.2197,2.148,-2.2469,1.0,0.3568,0.1505,-0.0298,-0.3043,0.1535,-1.4359,-0.1954,-1.0,1.1415
146511,1982,2.6562,1.2927,-0.2899,-2.2999,1.3248,-1.3189,-0.2206,1.0,11.2038,3.599,-5.3929,9.1367,6.4835,1.1433,-0.9823,-1.0,9.4412
146511,1983,9.3358,-0.4431,-0.4439,-9.3141,0.6272,-3.3923,-2.3553,-1.0,7.2368,-2.7513,-3.3143,-5.8143,4.3074,-1.1085,-2.2636,1.0,4.6319
146511,1984,8.1263,4.9721,0.8156,6.3748,5.0385,1.0571,0.1626,1.0,8.8595,3.3531,-1.4348,8.0733,3.6471,1.5353,-0.4043,-1.0,3.1745
146511,1985,26.4628,-15.8874,16.5268,13.2184,22.9247,0.5487,2.3365,-1.0,81.8732,32.1796,-1.541,-75.2682,32.2164,-1.5847,-0.0479,1.0,86.0029
146511,1986,7.4895,-1.1992,-1.0468,-7.3176,1.5918,-2.2302,-2.424,-1.0,11.1338,-3.1988,-2.0899,-10.457,3.821,-1.7317,-2.5629,1.0,1.3062
146511,1987,6.2859,2.0334,1.6238,5.721,2.6022,1.529,0.6739,1.0,7.4153,-0.1964,3.9522,6.2703,3.957,1.2408,1.6205,-1.0,3.0764
146511,1988,40.1173,-35.2316,-18.3648,5.5545,39.7308,0.1394,-2.6611,-1.0,92.8646,-6.2321,2.4786,-92.622,6.7069,-3.3198,2.7631,1.0,90.1766
146511,1989,14.3988,13.4624,-0.7505,-5.0514,13.4833,-0.3664,-0.0557,1.0,1.3907,1.1198,0.8013,0.1637,1.377,0.1186,0.6211,-1.0,3.5744
146511,1990,2.1439,0.2492,-0.5703,-2.0489,0.6224,-1.9069,-1.1588,1.0,27.8322,8.4956,-3.7606,-26.2355,9.2907,-1.7612,-0.4167,-1.0,1.8253
146511,1991,1.0685,-0.1881,-0.4324,-0.953,0.4716,-1.4529,-1.9811,1.0,4.7817,-3.2787,-3.0294,1.7106,4.464,0.3744,-2.3957,-1.0,3.1061
146511,1992,31.8808,6.3179,4.9918,-30.8471,8.0519,-2.0529,0.6687,-1.0,7.936,0.6366,1.4193,-7.7813,1.5556,-2.3129,1.1492,1.0,1.9385
146511,1993,12.3573,6.284,-3.2545,10.1297,7.0768,1.1561,-0.4779,-1.0,3.7917,0.7726,3.5833,-0.9638,3.6656,-0.26,1.3584,1.0,11.2638
146511,1994,7.9814,-3.7772,-0.8566,-6.9779,3.8731,-1.3512,-2.9186,1.0,15.1299,-6.7264,-0.1626,-13.551,6.7284,-1.4499,-3.1174,-1.0,1.1533
146511,1995,7.9135,-7.1111,3.2694,1.1645,7.8266,0.1482,2.7107,1.0,9.7054,-5.5134,0.609,-7.9633,5.5469,-1.1585,3.0316,-1.0,9.4753
146511,1996,17.3495,3.2319,-1.9117,16.9379,3.755,2.2117,-0.5342,1.0,22.7859,3.9679,-3.8673,22.1017,5.5408,2.092,-0.7726,-1.0,1.2331
146511,1997,1.5472,0.8986,-0.5253,-1.1398,1.0408,-0.947,-0.529,1.0,12.8252,5.0064,-4.6686,-10.845,6.8455,-1.2406,-0.7505,-1.0,1.0406
146511,1998,4.7012,-4.0364,-2.0518,1.2599,4.528,0.2748,-2.6713,-1.0,5.6225,1.4219,4.0055,-3.679,4.2504,-0.7831,1.2297,1.0,9.4907
146511,1999,2.8378,-0.1425,-2.8283,-0.1507,2.8319,-0.0532,-1.6211,-1.0,5.1306,-1.9154,4.6808,-0.8565,5.0575,-0.1685,1.9592,1.0,7.4037
146511,2000,5.2438,1.7586,4.9039,-0.5875,5.2097,-0.1125,1.2265,1.0,4.3459,-0.6726,-3.978,1.612,4.0345,0.3896,-1.7383,-1.0,9.4274
146511,2001,4.1458,-1.189,2.3564,3.1953,2.6393,1.0228,2.0381,-1.0,7.0242,-3.6584,4.3874,4.0859,5.7125,0.6651,2.2658,1.0,1.6661
146511,2002,46.9955,27.4811,31.5175,-21.4477,41.8158,-0.4927,0.8537,1.0,47.7016,-27.8579,-32.7447,20.6676,42.9916,0.4639,-2.2757,-1.0,94.6852
146511,2003,2.9871,-1.9542,2.129,-0.7487,2.8898,-0.2563,2.3134,1.0,2.0862,0.661,1.7434,0.9299,1.8645,0.4801,1.2084,-1.0,3.0064
146511,2004,22.2647,0.4024,3.9514,-21.9073,3.9719,-2.4088,1.4693,-1.0,36.0379,5.067,8.0294,-34.7646,9.4945,-2.0092,1.0079,1.0,3.7471
146511,2005,46.7115,42.7855,-1.5035,-18.684,42.812,-0.4236,-0.0351,-1.0,47.7586,-43.8729,3.8755,18.4669,44.0437,0.4079,3.0535,1.0,94.4339
146511,2006,10.1953,-0.6231,4.9975,8.864,5.0362,1.3309,1.6948,-1.0,0.9074,-0.4094,0.5892,0.5455,0.7175,0.7013,2.1781,1.0,1.5674
146511,2007,0.6678,0.3107,-0.2543,-0.523,0.4015,-1.08,-0.6859,1.0,5.4184,1.9382,1.0149,-4.9559,2.1878,-1.5563,0.4824,-1.0,1.1775
146511,2008,1.5105,0.501,-1.4182,0.0897,1.5041,0.0596,-1.2312,-1.0,1.9201,0.7087,1.2026,1.3143,1.3958,0.8395,1.0383,1.0,2.8789
146511,2009,2.0168,1.923,-0.1387,-0.5822,1.928,-0.2975,-0.072,-1.0,11.2337,6.6959,0.9683,-8.9673,6.7656,-1.0939,0.1436,1.0,3.0674
146511,2010,4.2859,0.128,-2.7708,3.2656,2.7738,1.0014,-1.5246,1.0,0.1911,-0.1026,0.0278,0.1185,0.1063,0.9605,2.8773,-1.0,1.0325
146511,2011,2.5422,1.3295,-1.8991,-1.038,2.3182,-0.434,-0.96,1.0,1.3842,0.5381,-1.2597,0.1685,1.3698,0.1227,-1.1671,-1.0,1.0929
146511,2012,3.3293,-1.4868,-1.1266,2.7556,1.8654,1.182,-2.4931,-1.0,3.8905,-0.5611,-1.2407,3.6429,1.3617,1.7104,-1.9955,1.0,1.1777
146511,2013,5.7463,1.9596,-0.2248,5.3962,1.9724,1.7314,-0.1142,-1.0,5.3496,0.5781,2.0798,4.8936,2.1587,1.557,1.2997,1.0,2.7129
146511,2014,2.4046,-1.4937,1.1381,-1.4981,1.8779,-0.7309,2.4905,1.0,2.0784,1.7901,-1.0076,0.2982,2.0542,0.1447,-0.5127,-1.0,4.3073
146511,2015,5.8644,-0.5867,3.9254,-4.3159,3.969,-0.9418,1.7192,1.0,4.4524,2.2928,-3.7829,-0.4956,4.4235,-0.1118,-1.0259,-1.0,8.9641
146511,2016,3.8084,1.3221,1.2577,-3.3411,1.8247,-1.3654,0.7605,1.0,21.2345,2.0497,3.968,-20.7593,4.4661,-2.241,1.094,-1.0,2.7644
146511,2017,6.1092,2.9608,2.1551,4.8888,3.662,1.0996,0.6292,1.0,3.1252,0.199,3.1131,0.157,3.1195,0.0503,1.5069,-1.0,4.6985
146511,2018,4.0477,1.4816,-2.3299,-2.9579,2.7611,-0.9309,-1.0044,-1.0,4.3628,1.0067,0.4727,-4.2174,1.1122,-2.043,0.439,1.0,3.1003
146511,2019,0.829,0.7995,0.1686,0.0923,0.8171,0.1128,0.2078,-1.0,0.5845,-0.418,0.0394,0.3927,0.4199,0.835,3.0476,1.0,1.2546
146511,2020,13.4157,-5.8417,-8.0179,9.031,9.9203,0.8165,-2.2005,1.0,0.3943,0.1932,0.1154,0.3061,0.225,1.1148,0.5385,-1.0,3.03
146511,2021,1.3811,1.3077,0.3978,-0.1666,1.3669,-0.1216,0.2953,1.0,1.4272,-1.3608,-0.3856,0.1591,1.4144,0.1123,-2.8655,-1.0,2.8077
146511,2022,11.9482,-3.017,2.2436,11.3408,3.7598,1.8236,2.5022,1.0,5.9521,1.8307,2.741,4.955,3.2962,1.1966,0.982,-1.0,5.3495
146511,2023,3.8929,-0.6498,-1.4269,-3.5616,1.5679,-1.5589,-1.9981,-1.0,3.9321,-3.5252,1.6651,-0.5008,3.8986,-0.1281,2.7003,1.0,5.2192
146511,2024,8.4774,-3.7813,-3.5038,6.7291,5.1551,1.0817,-2.3943,-1.0,0.9296,-0.4007,0.2209,0.8022,0.4576,1.3275,2.6378,1.0,1.8719
146511,2025,9.7275,-2.722,-3.2718,-8.7464,4.2561,-1.468,-2.2647,-1.0,5.9835,-0.1594,-2.8149,-5.2765,2.8194,-1.3846,-1.6274,1.0,2.2006
146511,2026,22.7145,-5.0995,12.38,-18.3485,13.3891,-1.1207,1.9615,-1.0,1.8405,1.81,0.2155,-0.2324,1.8227,-0.1271,0.1185,1.0,9.3933
146511,2027,1.453,1.1379,0.1064,-0.8909,1.1429,-0.7166,0.0933,-1.0,0.5259,-0.1156,-0.502,0.0014,0.5152,0.0027,-1.7971,1.0,1.3867
146511,2028,13.4243,5.0423,1.4663,12.3542,5.2511,1.5911,0.283,1.0,36.9413,17.496,2.368,32.4489,17.6555,1.3687,0.1345,-1.0,2.5886
146511,2029,7.9597,1.0671,0.0812,7.8867,1.0702,2.695,0.076,1.0,1.7431,0.9823,-0.9474,1.0792,1.3648,0.7254,-0.7673,-1.0,2.9675
146511,2030,4.3455,1.6162,2.5374,3.134,3.0084,0.9106,1.0036,-1.0,0.8604,0.0211,-0.8122,-0.2626,0.8125,-0.3178,-1.5448,1.0,3.6331
146511,2031,4.5396,-3.2325,0.9621,-3.0367,3.3727,-0.8092,2.8523,-1.0,6.3244,-2.7222,2.5405,-5.111,3.7235,-1.122,2.3907,1.0,1.9782
146511,2032,2.7369,-0.4025,-0.7711,-2.5928,0.8699,-1.8123,-2.0519,-1.0,3.4338,2.7531,1.4153,-1.4824,3.0956,-0.4622,0.4748,1.0,3.9409
146511,2033,13.1048,12.7414,-1.077,2.8672,12.7869,0.2224,-0.0843,1.0,23.9952,-18.3205,-2.966,15.2092,18.559,0.7478,-2.9811,-1.0,31.6573
146511,2034,4.7413,-3.9743,-1.822,-1.8313,4.3721,-0.4075,-2.7117,1.0,0.5417,-0.4635,0.1862,-0.1812,0.4995,-0.3552,2.7596,-1.0,1.2207
146511,2035,7.1249,-2.3463,3.9151,5.4699,4.5643,1.015,2.1107,-1.0,3.6275,2.2734,-2.7276,-0.7343,3.5508,-0.2054,-0.876,1.0,9.5798
146511,2036,45.9933,14.7093,-39.5926,18.2054,42.2367,0.4187,-1.2151,-1.0,48.303,-16.4643,41.5354,-18.3551,44.6796,-0.4001,1.9482,1.0,94.2599
146511,2037,2.8785,-0.7805,-1.2509,-2.47,1.4744,-1.2882,-2.1287,1.0,9.3369,-1.0111,4.8277,-7.927,4.9324,-1.2527,1.7773,-1.0,5.0115
146511,2038,3.4781,1.9562,0.5677,-2.8172,2.0369,-1.1281,0.2824,-1.0,28.571,21.9265,0.0419,-18.3172,21.9266,-0.7601,0.0019,1.0,3.1186
146511,2039,3.144,-0.7847,-1.3476,-2.728,1.5594,-1.3256,-2.0981,-1.0,7.3252,4.9174,2.5418,4.7965,5.5355,0.7838,0.4771,1.0,9.3178
146511,2040,1.4687,1.4555,0.0904,-0.1388,1.4583,-0.0951,0.062,-1.0,0.5139,-0.4198,0.1356,0.2416,0.4411,0.5236,2.8292,1.0,1.6723
146511,2041,4.0303,-1.7481,0.7372,3.5543,1.8972,1.3855,2.7425,-1.0,5.5547,1.3249,-0.8475,-5.3263,1.5728,-1.9341,-0.5691,1.0,9.4096
146511,2042,2.9944,1.9658,0.2727,-2.2398,1.9846,-0.9695,0.1379,-1.0,16.2484,4.5631,3.3138,-15.238,5.6395,-1.7198,0.6281,1.0,3.0534
146511,2043,47.7189,38.6826,-15.1406,-23.484,41.5401,-0.5389,-0.3731,-1.0,41.2895,-36.4735,8.9062,17.1807,37.5451,0.443,2.9021,1.0,88.5382
146511,2044,42.7589,7.4603,36.7658,-20.5166,37.5151,-0.5228,1.3706,1.0,44.8048,-8.5664,-35.2655,26.2759,36.291,0.6722,-1.8091,-1.0,87.3542
146511,2045,5.7853,-3.148,1.5486,4.599,3.5083,1.0851,2.6844,1.0,0.2053,0.0973,0.0208,-0.1453,0.0995,-1.1725,0.2109,-1.0,2.0694
146511,2046,4.592,-0.9057,-3.5262,-2.7965,3.6407,-0.7076,-1.8222,1.0,4.4525,0.3682,3.6857,2.4686,3.704,0.625,1.4712,-1.0,9.0211
146511,2047,14.3548,4.1147,0.2572,-13.7496,4.1227,-1.9194,0.0624,-1.0,14.9147,2.7143,0.4173,-14.6594,2.7462,-2.3767,0.1525,1.0,1.5954
146511,2048,1.0455,0.3871,-0.9612,-0.0895,1.0363,-0.0863,-1.1879,-1.0,1.1733,-0.0938,0.7935,-0.8526,0.799,-0.928,1.6885,1.0,1.9802
146511,2049,7.5841,2.4607,-0.4043,7.1616,2.4937,1.7771,-0.1628,-1.0,2.8365,0.2672,-0.7275,2.7266,0.775,1.9707,-1.2188,1.0,1.4461
146511,2050,51.5815,-43.4696,-24.2917,13.4517,49.7965,0.267,-2.632,1.0,40.7634,34.427,18.6173,-11.3937,39.1386,-0.2871,0.4957,-1.0,91.7026
146511,2051,0.5998,0.3945,0.4364,0.0503,0.5883,0.0854,0.8359,1.0,2.0276,0.5041,-0.453,-1.9081,0.6778,-1.7583,-0.7321,-1.0,1.6261
146511,2052,3.1445,0.233,-1.9308,-2.4686,1.9449,-1.0596,-1.4507,1.0,4.9122,-2.1207,2.0484,-3.9275,2.9485,-1.0978,2.3736,-1.0,4.5191
146511,2053,5.8853,4.3637,-3.4813,-1.8613,5.5823,-0.3275,-0.6734,-1.0,5.2525,-1.6569,-0.6083,4.9459,1.765,1.754,-2.7897,1.0,9.5124
146511,2054,8.763,-3.9062,-0.037,7.8435,3.9064,1.4471,-3.1321,-1.0,2.7632,-1.167,-0.6098,2.4271,1.3167,1.3713,-2.6601,1.0,1.1027
146511,2055,0.7053,0.1825,-0.6613,-0.125,0.686,-0.1812,-1.3016,-1.0,2.3386,-0.3679,2.3071,0.0147,2.3362,0.0063,1.7289,1.0,2.5516
146511,2056,40.385,-38.913,9.8089,4.5282,40.1302,0.1126,2.8947,-1.0,60.8647,50.2089,-25.4128,23.1895,56.2739,0.4012,-0.4685,1.0,95.4576
146511,2057,2.3973,0.6612,0.7232,2.1853,0.9799,1.5421,0.8302,1.0,1.2872,1.0076,0.7334,0.304,1.2463,0.2416,0.6292,-1.0,1.5722
146511,2058,1.0598,-0.6205,-0.2811,0.805,0.6812,1.0043,-2.7162,-1.0,1.8961,-0.1215,1.3109,1.3604,1.3166,0.9047,1.6632,1.0,1.5612
146511,2059,4.0079,1.3881,1.6593,3.3722,2.1634,1.2269,0.8741,1.0,21.5846,7.1759,-1.0363,20.3302,7.2504,1.7546,-0.1434,-1.0,4.4092
146511,2060,50.1403,40.7227,18.9363,22.2961,44.9102,0.478,0.4353,-1.0,41.6719,-29.5629,-26.0716,-13.5219,39.4169,-0.3367,-2.4189,1.0,90.427
146511,2061,2.0749,0.015,-0.6716,1.9603,0.6718,1.7922,-1.5485,1.0,4.572,-2.4411,-3.4106,1.8169,4.1942,0.4207,-2.192,-1.0,2.7137
146511,2062,0.2815,0.1858,-0.1827,0.0143,0.2605,0.0547,-0.777,-1.0,1.8649,-1.7872,0.097,0.5131,1.7898,0.2829,3.0874,1.0,1.3256
146511,2063,9.1142,-1.4853,-3.3128,8.3592,3.6305,1.5713,-1.9923,1.0,1.9335,0.0271,1.1872,1.5223,1.1875,1.0674,1.548,-1.0,4.2147
146511,2064,5.7016,-0.8754,-0.903,-5.5602,1.2576,-2.1921,-2.3407,-1.0,1.6689,-1.5318,0.192,-0.625,1.5438,-0.3945,3.0169,1.0,3.1254
146511,2065,67.4475,50.4016,4.0209,44.6392,50.5618,0.7961,0.0796,-1.0,41.6765,-37.7542,-12.1484,12.8047,39.6606,0.3175,-2.8303,1.0,91.5545
146511,2066,9.3981,6.3232,-2.4717,-6.4977,6.7891,-0.8507,-0.3726,1.0,6.9187,-3.1027,-5.8314,-2.0556,6.6055,-0.3064,-2.0598,-1.0,10.666
146511,2067,55.8591,1.9656,-51.5602,21.3988,51.5976,0.4037,-1.5327,1.0,40.6651,5.2632,35.9303,-18.3018,36.3137,-0.4848,1.4253,-1.0,94.9251
146511,2068,1.0081,-0.4457,0.1918,0.8773,0.4852,1.3544,2.7351,-1.0,0.8798,0.1056,-0.8607,-0.1047,0.8671,-0.1204,-1.4488,1.0,1.5505
146511,2069,3.8929,1.4655,0.716,3.5332,1.631,1.5156,0.4545,-1.0,4.6421,-0.7103,4.5682,-0.4062,4.6231,-0.0877,1.725,1.0,5.88
146511,2070,8.2885,4.4149,-4.3937,-5.4674,6.2287,-0.7923,-0.783,-1.0,8.0843,5.351,4.7816,-3.7214,7.1761,-0.4978,0.7293,1.0,9.3869
146511,2071,7.0948,0.7665,-7.0145,-0.731,7.0563,-0.1034,-1.462,1.0,0.6088,-0.1823,-0.4755,0.3165,0.5092,0.5872,-1.937,-1.0,1.6531
146511,2072,1.8125,-1.3082,-1.2029,0.3401,1.7772,0.1902,-2.3981,1.0,0.4657,0.3597,-0.0781,-0.265,0.3681,-0.6689,-0.2138,-1.0,1.6261
146511,2073,4.9939,0.7819,-3.9353,-2.9716,4.0122,-0.6856,-1.3747,-1.0,4.5476,-0.312,3.9228,2.2768,3.9352,0.5504,1.6502,1.0,9.5046
146511,2074,15.562,5.2628,0.2956,-14.6418,5.2711,-1.7457,0.0561,-1.0,0.2642,-0.1392,-0.1335,-0.1463,0.1929,-0.7,-2.3768,1.0,2.3458
146511,2075,4.2976,1.6012,1.3344,-3.7569,2.0843,-1.3516,0.6947,-1.0,1.1897,-1.0508,-0.1225,-0.5338,1.0579,-0.4853,-3.0255,1.0,3.1511
146511,2076,46.1336,39.5968,-16.4975,-16.9771,42.8961,-0.3861,-0.3948,1.0,43.2744,-35.7106,23.4012,7.057,42.695,0.1645,2.5615,-1.0,88.5021
146511,2077,4.2236,0.616,-1.1243,4.023,1.282,1.8612,-1.0696,1.0,1.2364,0.5174,0.6615,0.9013,0.8398,0.9322,0.9071,-1.0,2.0162
146511,2078,0.4639,0.4285,-0.1351,-0.0473,0.4493,-0.105,-0.3054,-1.0,1.7141,-1.0346,1.3146,0.3582,1.6729,0.2125,2.2376,1.0,1.6995
146511,2079,5.4969,2.5253,0.8247,4.8112,2.6566,1.3558,0.3156,-1.0,0.9948,0.4064,-0.5423,0.7205,0.6777,0.9254,-0.9276,1.0,1.6932
146511,2080,5.5028,0.4307,2.913,-4.6474,2.9446,-1.2374,1.424,1.0,3.1269,1.4423,1.3003,-2.4486,1.9419,-1.0544,0.7337,-1.0,1.6908
146511,2081,2.5199,1.9457,0.1391,1.5918,1.9506,0.7451,0.0714,1.0,1.9516,-1.8218,-0.6297,-0.2862,1.9276,-0.1479,-2.8088,-1.0,4.2466
146511,2082,22.8826,10.8053,4.4695,-19.669,11.6932,-1.2917,0.3922,1.0,13.7001,4.2633,2.8933,-12.6939,5.1524,-1.6337,0.5963,-1.0,3.1083
146511,2083,10.9438,1.5515,4.3321,9.9288,4.6016,1.512,1.2269,1.0,12.8945,3.5389,1.9845,12.239,4.0574,1.8236,0.5111,-1.0,3.3223
146511,2084,2.9657,1.6921,-2.0767,-1.2683,2.6788,-0.4574,-0.8871,1.0,3.1154,0.4758,0.0945,-3.0756,0.4851,-2.5462,0.196,-1.0,3.0793
146511,2085,0.5261,-0.4942,-0.0383,-0.1408,0.4957,-0.2804,-3.0643,1.0,0.7022,0.6465,0.1475,0.2055,0.6631,0.3051,0.2244,-1.0,1.2121
146511,2086,1.5951,-0.1397,-0.7859,-1.377,0.7982,-1.3134,-1.7467,-1.0,2.5259,1.8907,-1.067,-1.2867,2.171,-0.5625,-0.5138,1.0,1.8407
146511,2087,4.6426,3.6313,-0.103,2.8889,3.6328,0.7289,-0.0283,1.0,6.1668,4.9874,-2.0165,3.0129,5.3796,0.5343,-0.3842,-1.0,1.7993
146511,2088,2.2212,1.6077,-1.5101,-0.2396,2.2057,-0.1084,-0.7541,1.0,2.0366,0.6384,0.5713,1.8447,0.8567,1.5101,0.73,-1.0,3.1027
146511,2089,9.9263,0.6556,7.9435,5.9154,7.9705,0.6869,1.4885,1.0,36.3099,-2.2806,-16.4297,-32.2995,16.5872,-1.4198,-1.7087,-1.0,36.9731
146511,2090,1.0527,-0.5998,0.8139,-0.2737,1.011,-0.2676,2.2059,1.0,0.9783,0.2231,-0.7459,0.5829,0.7786,0.6921,-1.2802,-1.0,1.9705
146511,2091,5.0121,-3.7768,3.0105,1.3354,4.8298,0.2731,2.4686,-1.0,4.6424,2.2533,-3.5687,-1.9307,4.2206,-0.4428,-1.0076,1.0,9.4986
146511,2092,2.2038,-1.5243,0.0432,-1.5875,1.525,-0.9101,3.1132,1.0,9.606,-8.8673,-3.1842,-1.8698,9.4217,-0.1972,-2.7968,-1.0,3.1093
146511,2093,12.4476,-3.6443,-0.5666,-11.8882,3.6881,-1.8868,-2.9874,-1.0,7.7863,-1.4785,-0.6426,-7.6168,1.6121,-2.257,-2.7316,1.0,1.1216
146511,2094,85.4611,39.035,60.0184,-46.6653,71.5956,-0.6127,0.9942,-1.0,44.4683,-16.9451,-25.2743,-32.4267,30.4291,-0.927,-2.1614,1.0,94.5039
146511,2095,8.9246,-1.3863,-5.7107,6.7159,5.8766,0.9788,-1.8089,1.0,7.5508,-1.8818,-5.3658,4.967,5.6862,0.7891,-1.9081,-1.0,1.2571
146511,2096,5.152,2.881,-2.233,-3.6394,3.6451,-0.8803,-0.6594,1.0,4.9211,-0.4043,0.241,-4.8974,0.4706,-3.0378,2.6041,-1.0,4.2997
146511,2097,0.5404,-0.1518,-0.4077,-0.3026,0.435,-0.6491,-1.9272,1.0,0.5416,0.1659,0.4134,0.2894,0.4455,0.6109,1.1891,-1.0,1.0818
146511,2098,0.6608,0.6129,-0.2113,-0.0716,0.6483,-0.1102,-0.332,-1.0,0.646,-0.6002,0.2034,0.0676,0.6337,0.1065,2.8148,1.0,1.3067
146511,2099,1.1757,-0.2752,0.9206,0.6692,0.9609,0.6497,1.8613,-1.0,3.1249,1.4539,-1.5694,2.2752,2.1394,0.9255,-0.8236,1.0,2.8311
146511,2100,1.5588,-1.4845,0.445,0.1302,1.5497,0.0839,2.8503,-1.0,1.6454,1.446,0.1717,-0.7589,1.4562,-0.5,0.1182,1.0,3.0806
146511,2101,0.9486,-0.3787,0.7613,0.407,0.8503,0.4621,2.0324,-1.0,0.9556,0.1334,-0.8034,-0.4886,0.8144,-0.5687,-1.4062,1.0,1.8861
146511,2102,3.3357,1.5119,-2.5344,1.5514,2.9511,0.5041,-1.0329,-1.0,7.0459,-5.2671,4.2311,-1.9974,6.756,-0.2915,2.4648,1.0,9.5184
146511,2103,50.381,32.9883,35.2377,-14.4328,48.2693,-0.2947,0.8184,-1.0,40.2312,-21.2113,-34.1804,0.5671,40.2271,0.0141,-2.1262,1.0,88.7609
146511,2104,6.1497,-0.2999,2.5222,-5.5997,2.54,-1.5316,1.6891,1.0,52.0799,-4.3261,12.9242,-50.2649,13.6291,-2.0161,1.8938,-1.0,3.1388
146511,2105,1.5918,0.3062,-0.3621,1.5158,0.4742,1.8788,-0.8688,-1.0,1.5727,-0.2269,0.3191,-1.5195,0.3915,-2.0654,2.1889,1.0,3.1632
146511,2106,2.1534,2.0364,-0.6895,0.06,2.15,0.0279,-0.3265,1.0,6.9534,4.4361,-2.0958,-4.9263,4.9062,-0.8843,-0.4414,-1.0,3.0989
146511,2107,48.2376,-22.6477,25.899,-33.811,34.4046,-0.8691,2.2893,-1.0,46.0326,18.5718,-27.0127,32.3171,32.781,0.8713,-0.9685,1.0,94.1636
146511,2108,0.6971,-0.3878,-0.2704,0.5013,0.4728,0.9234,-2.5326,-1.0,0.5467,0.3931,0.149,-0.3331,0.4204,-0.7267,0.3623,1.0,1.2263
146511,2109,3.8228,-1.3373,-3.4481,0.9618,3.6983,0.2572,-1.9408,1.0,9.0102,-0.7335,1.6462,-8.8275,1.8022,-2.2923,1.99,-1.0,9.7612
146511,2110,1.0099,0.7305,0.6259,0.2889,0.962,0.296,0.7085,1.0,3.2142,0.6484,3.1435,0.1334,3.2097,0.0415,1.3674,-1.0,1.2471
146511,2111,2.5779,-0.4925,-0.5105,2.4762,0.7093,1.9632,-2.3382,1.0,2.0677,0.903,-1.023,1.55,1.3645,0.9743,-0.8476,-1.0,1.6888
146511,2112,3.6255,-1.0114,-0.5825,-3.4309,1.1671,-1.7992,-2.6191,-1.0,0.8806,-0.2524,0.4424,-0.7106,0.5093,-1.1352,2.0893,1.0,1.2396
146511,2113,2.3435,-1.4611,1.1854,-1.3932,1.8815,-0.6855,2.46,-1.0,1.4294,1.206,-0.4302,-0.6265,1.2804,-0.4716,-0.3427,1.0,3.0855
146511,2114,1.6605,0.4009,0.6127,-1.4866,0.7322,-1.4571,0.9914,1.0,20.9907,-2.56,6.6133,-19.7562,7.0915,-1.7485,1.9401,-1.0,2.2231
146511,2115,37.5692,-23.0665,-2.5916,29.5407,23.2116,1.0617,-3.0297,-1.0,59.0593,54.8142,-5.4386,-21.303,55.0833,-0.3777,-0.0989,1.0,90.5362
146511,2116,18.1487,4.355,-2.6875,17.4119,5.1175,1.9386,-0.5529,-1.0,8.9145,0.5668,-3.6283,8.1223,3.6723,1.5345,-1.4158,1.0,4.0383
146511,2117,3.3809,2.0614,2.5907,-0.6767,3.3108,-0.203,0.8987,1.0,5.5301,-3.49,-1.5566,-3.996,3.8214,-0.9133,-2.722,-1.0,7.3798
146511,2118,34.2269,30.1821,15.8718,2.9317,34.1009,0.0859,0.4841,-1.0,31.1069,-27.2432,-14.8327,-2.3302,31.0194,-0.0751,-2.643,1.0,65.2566
146511,2119,6.714,-5.0398,-3.3087,-2.9529,6.0288,-0.4721,-2.5607,-1.0,0.2732,-0.0344,0.2228,-0.1125,0.2254,-0.4805,1.7239,1.0,2.0383
146511,2120,2.2452,1.1181,-0.5794,1.8557,1.2593,1.18,-0.4781,1.0,4.978,-0.0787,-4.2209,2.6357,4.2217,0.5896,-1.5894,-1.0,2.8067
146511,2121,0.8904,-0.3089,0.1683,0.8112,0.3518,1.5726,2.6428,-1.0,0.7878,0.5122,-0.3178,-0.4962,0.6028,-0.7506,-0.5554,1.0,1.629
146511,2122,0.6629,0.3944,-0.093,-0.5139,0.4052,-1.059,-0.2316,-1.0,5.2719,1.9791,-3.1408,-3.7418,3.7123,-0.887,-1.0085,1.0,1.0104
146511,2123,1.3285,0.989,0.849,-0.234,1.3035,-0.1786,0.7094,-1.0,0.4912,0.1889,-0.1964,0.3948,0.2724,1.1662,-0.8048,1.0,1.2133
146511,2124,3.5802,-1.0931,0.1861,-3.4025,1.1088,-1.8399,2.9729,1.0,29.8208,-7.3756,9.4735,-27.2969,12.006,-1.5597,2.2323,-1.0,2.8536
146511,2125,27.0959,8.415,7.6032,24.608,11.3412,1.5171,0.7348,1.0,9.7312,-6.3565,-1.9388,-7.1079,6.6456,-0.9297,-2.8455,-1.0,31.838
146511,2126,3.9955,-1.7249,0.0089,3.6025,1.7249,1.4825,3.1365,-1.0,1.8773,0.5421,1.309,-1.227,1.4168,-0.7834,1.1782,1.0,5.0706
146511,2127,7.8963,4.4269,3.2775,5.6568,5.5082,0.9003,0.6373,1.0,8.3536,4.4364,4.9322,5.0759,6.6338,0.7052,0.8383,-1.0,1.7061
146511,2128,2.0549,-0.4237,0.888,-1.8009,0.9839,-1.3651,2.016,-1.0,29.227,-4.1531,9.4932,-27.3283,10.3619,-1.6971,1.9832,1.0,1.152
146511,2129,1.5925,0.7984,-1.0806,0.8484,1.3435,0.5956,-0.9344,1.0,10.6395,1.958,-10.3907,1.1783,10.5736,0.1112,-1.3845,-1.0,2.5155
146511,2130,1.4516,0.446,-0.7329,1.1661,0.858,1.114,-1.0241,-1.0,0.5607,-0.1928,-0.5098,-0.0777,0.5451,-0.1421,-1.9324,1.0,1.1207
146511,2131,23.8334,3.7864,-6.135,-22.7166,7.2094,-1.8651,-1.0178,-1.0,24.3447,-1.3933,-13.6431,-20.1141,13.7141,-1.1761,-1.6726,1.0,9.474
146511,2132,52.5146,-17.6225,-18.4224,45.9111,25.4939,1.3509,-2.334,-1.0,43.9755,-17.6758,12.0845,-38.4105,21.4119,-1.3475,2.5419,1.0,89.2634
146511,2133,44.6803,19.9847,18.1913,-35.581,27.0243,-1.0885,0.7385,-1.0,44.2741,-18.0337,-12.923,38.314,22.186,1.3144,-2.5198,1.0,88.7347
146511,2134,6.4401,-3.7208,-3.7007,-3.7314,5.2479,-0.6617,-2.3589,-1.0,2.2825,-1.217,1.0232,1.6341,1.59,0.9009,2.4425,1.0,6.335
146511,2135,48.0238,42.7456,21.5054,-4.0752,47.8504,-0.0851,0.4661,-1.0,51.9402,-47.1915,-21.683,0.7623,51.9345,0.0147,-2.7109,1.0,99.8099
146511,2136,4.5452,-3.6865,-1.521,2.1782,3.9879,0.5221,-2.7503,1.0,3.5854,1.9516,2.58,1.5424,3.2349,0.4604,0.9232,-1.0,6.9378
146511,2137,4.6938,-2.4363,-3.1653,-2.4629,3.9943,-0.583,-2.2268,1.0,9.1897,4.7331,2.9107,-7.3188,5.5565,-1.0889,0.5514,-1.0,9.5776
146511,2138,13.8647,-2.5348,-6.5946,11.9292,7.065,1.295,-1.9378,1.0,9.017,-2.9368,3.3166,7.8531,4.4299,1.3371,2.2955,-1.0,9.5683
146511,2139,4.3857,-3.4918,-1.6139,2.1039,3.8467,0.5228,-2.7086,-1.0,5.2114,4.0743,3.0654,-1.0729,5.0986,-0.2089,0.645,1.0,9.4125
146511,2140,49.0506,22.7621,28.9636,-32.3874,36.8375,-0.7933,0.9047,-1.0,45.1132,-10.9125,-43.6563,3.1991,44.9995,0.071,-1.8157,1.0,87.5132
146511,2141,0.8798,-0.4238,0.353,-0.6772,0.5515,-1.0337,2.4471,-1.0,4.7737,0.9925,1.3247,-4.4763,1.6552,-1.7206,0.9278,1.0,1.505
146511,2142,9.9577,1.9867,-7.8919,5.7372,8.1381,0.6567,-1.3242,-1.0,2.8501,0.6334,2.7077,0.6156,2.7808,0.2196,1.341,1.0,9.4837
146511,2143,4.6087,-2.6527,-1.6247,-3.3988,3.1107,-0.9454,-2.5921,1.0,4.9163,2.1751,1.4302,4.1692,2.6032,1.2498,0.5816,-1.0,9.4797
146511,2144,5.2562,-2.373,0.5081,4.6613,2.4268,1.4076,2.9306,-1.0,7.7621,-2.3778,-2.9862,6.7577,3.8172,1.3359,-2.2433,1.0,3.2204
146511,2145,34.7273,19.8482,28.4141,-2.1588,34.6599,-0.0622,0.9611,-1.0,56.7804,-27.6886,-47.8975,12.7739,55.3248,0.2289,-2.0949,1.0,88.4302
146511,2146,52.8271,-25.647,45.9396,4.7412,52.6138,0.09,2.08,-1.0,46.5328,22.6461,-39.311,-10.3486,45.3674,-0.2262,-1.0482,1.0,98.9344
146511,2147,54.7721,-12.3051,2.9546,53.29,12.6548,2.1447,2.9059,-1.0,40.3038,-0.7658,-7.1079,-39.6646,7.1491,-2.4146,-1.6781,1.0,93.0896
146511,2148,5.3479,-3.748,-0.271,3.8037,3.7578,0.89,-3.0694,1.0,7.3496,5.9087,-0.6857,4.3155,5.9483,0.6734,-0.1155,-1.0,9.4722
146511,2149,3.0259,-0.3407,-2.9626,-0.5015,2.9821,-0.1674,-1.6853,1.0,3.0434,0.2874,3.0169,0.258,3.0306,0.085,1.4758,-1.0,6.0639
146511,2150,9.2231,-1.821,4.1506,8.0319,4.5325,1.3368,1.9842,-1.0,1.8441,-0.7992,-0.4606,1.5933,0.9225,1.3145,-2.6188,1.0,3.059
146511,2151,1.0148,0.7768,-0.6425,-0.0493,1.0081,-0.0489,-0.6911,1.0,0.8928,-0.2591,0.8311,0.1674,0.8705,0.1911,1.873,-1.0,1.8224
146511,2152,3.8892,-3.7269,1.0916,-0.1833,3.8835,-0.0472,2.8567,1.0,5.691,5.6448,-0.713,0.067,5.6896,0.0118,-0.1257,-1.0,9.378
146511,2153,6.5963,-0.9954,-2.2904,-6.1044,2.4973,-1.6264,-1.9808,-1.0,18.1437,5.8299,6.7672,-15.7924,8.9322,-1.3348,0.8597,1.0,9.4438
146511,2154,5.0674,-1.002,2.6444,-4.2036,2.8279,-1.1872,1.933,-1.0,13.8526,-3.3897,2.5288,-13.1909,4.2291,-1.8555,2.5006,1.0,3.0578
146511,2155,6.46,-1.6815,-3.288,-5.2993,3.693,-1.1581,-2.0435,1.0,3.3244,0.5848,1.3085,2.9978,1.4332,1.4839,1.1505,-1.0,9.2367
146511,2156,9.2559,2.6543,1.216,-8.7828,2.9196,-1.821,0.4296,-1.0,1.9576,-0.903,0.5856,-1.6318,1.0762,-1.2037,2.5662,1.0,3.3116
146511,2157,4.0077,-0.5721,-3.4701,-1.9187,3.5169,-0.5216,-1.7342,1.0,2.9721,1.331,2.2839,1.3544,2.6435,0.4922,1.0432,-1.0,6.8129
146511,2158,4.0221,0.9554,-1.8864,3.4197,2.1146,1.2581,-1.102,1.0,5.3341,0.8808,-1.1621,5.1299,1.4582,1.9707,-0.9222,-1.0,1.3334
146511,2159,7.1624,-1.3527,-2.9663,6.3765,3.2601,1.4237,-1.9987,-1.0,2.2319,-0.4679,-1.5568,1.5257,1.6256,0.8373,-1.8627,1.0,1.4266
146511,2160,5.1608,-1.7215,2.0083,-4.4301,2.6452,-1.2879,2.2795,-1.0,10.2992,-2.5367,2.9238,-9.5436,3.8708,-1.6343,2.2854,1.0,1.1364
146511,2161,9.8553,2.027,-5.5962,7.8542,5.952,1.0903,-1.2233,1.0,2.349,-0.0058,-1.7686,-1.5423,1.7686,-0.788,-1.5741,-1.0,7.1259
146511,2162,4.3519,2.703,-2.4016,-2.4196,3.6157,-0.6273,-0.7264,1.0,7.2818,1.7431,5.9173,-3.868,6.1687,-0.5919,1.2843,-1.0,7.9801
146511,2163,4.109,1.2142,-3.9234,0.0723,4.107,0.0176,-1.2707,1.0,0.4102,-0.3889,-0.0371,0.0672,0.3907,0.1712,-3.0466,-1.0,2.0094
146511,2164,47.9223,33.7835,-27.1162,-20.492,43.3199,-0.457,-0.6764,1.0,44.7001,-35.0254,23.4889,14.818,42.1724,0.3445,2.5509,-1.0,92.3689
146511,2165,1.3877,-1.1184,-0.2227,-0.7836,1.1404,-0.6421,-2.9451,-1.0,0.8745,0.1912,0.2728,-0.8017,0.3331,-1.6119,0.9594,1.0,1.3199
146511,2166,47.9023,-1.1874,-8.8145,47.0692,8.8942,2.3682,-1.7047,-1.0,43.6812,-4.4164,6.4644,-42.9738,7.829,-2.4041,2.1702,1.0,91.2899
146511,2167,2.2891,1.8937,1.2012,0.447,2.2425,0.198,0.5653,1.0,1.6664,0.3609,1.4298,-0.7688,1.4747,-0.5002,1.3235,-1.0,1.8806
146511,2168,0.3883,-0.3279,0.1659,-0.0675,0.3675,-0.1826,2.6731,-1.0,8.9828,-2.5712,8.5044,1.3204,8.8846,0.1481,1.8644,1.0,1.6332
146511,2169,12.05,7.8107,-2.1371,-8.9228,8.0978,-0.9516,-0.2671,1.0,1.9363,1.8062,-0.3562,-0.5908,1.841,-0.3156,-0.1947,-1.0,2.5313
146511,2170,2.4415,1.8657,-1.3107,0.8666,2.2801,0.3715,-0.6124,-1.0,3.2358,2.7653,-1.6479,-0.3113,3.219,-0.0966,-0.5374,1.0,1.3131
146511,2171,12.0244,-1.5713,3.0366,-11.5275,3.4191,-1.9298,2.0483,1.0,4.0102,-0.6836,0.2218,-3.9438,0.7186,-2.4039,2.8279,-1.0,1.4287
146511,2172,2.1745,0.7461,-1.6643,-1.1793,1.8239,-0.6084,-1.1493,1.0,4.3112,-0.8109,-3.5054,-2.3727,3.598,-0.6191,-1.7981,-1.0,1.6485
146511,2173,36.703,9.9858,1.6493,35.2798,10.1211,1.9618,0.1637,-1.0,20.3883,4.8249,1.6297,19.7417,5.0927,2.0643,0.3257,1.0,1.3934
146511,2174,2.0495,0.1889,-1.5963,1.2671,1.6074,0.7235,-1.453,-1.0,2.0377,1.2056,-0.5953,1.5275,1.3446,0.9744,-0.4586,1.0,1.4656
146511,2175,1.6272,0.7427,-1.0016,-1.0402,1.2469,-0.7592,-0.9328,1.0,2.4733,-1.3087,-1.5719,1.3865,2.0454,0.6344,-2.2651,-1.0,3.1227
146511,2176,4.063,-2.9499,-0.1472,-2.788,2.9536,-0.8412,-3.0917,1.0,5.0858,3.8647,3.0535,1.2626,4.9254,0.2536,0.6687,-1.0,8.4906
146511,2177,6.6256,-4.9963,0.0181,4.3502,4.9963,0.7869,3.138,-1.0,9.6099,-7.0824,-5.3804,-3.6373,8.8943,-0.3983,-2.4919,1.0,9.4039
146511,2178,0.3299,0.1886,-0.129,0.2132,0.2285,0.8332,-0.6,-1.0,5.8852,-1.6818,0.7395,5.5901,1.8372,1.8318,2.7273,1.0,1.532
146511,2179,45.1937,-1.6101,-23.713,-38.4391,23.7676,-1.2581,-1.6386,1.0,44.8728,1.7755,24.0915,37.8154,24.1569,1.2305,1.4972,-1.0,90.0634
146511,2180,4.7458,-4.5058,-1.1944,-0.885,4.6614,-0.1887,-2.8825,-1.0,4.7059,4.4565,1.2077,0.9031,4.6172,0.1944,0.2646,1.0,9.4516
146511,2181,40.1705,18.5732,-30.0495,-19.1238,35.3262,-0.5179,-1.0172,-1.0,52.3335,-29.5105,31.6506,29.4305,43.2739,0.6363,2.3212,1.0,91.2611
146511,2182,4.7082,1.2314,-1.3964,-4.3232,1.8618,-1.579,-0.8481,1.0,4.7902,-0.9276,1.4864,4.457,1.7521,1.6634,2.1287,-1.0,9.4922
146511,2183,3.6001,-1.6217,-0.1277,3.2099,1.6267,1.4316,-3.063,-1.0,4.0197,1.1563,-2.2641,3.1118,2.5423,1.0313,-1.0986,1.0,3.4871
146511,2184,2.4777,0.7863,1.8907,-1.3909,2.0477,-0.6356,1.1767,1.0,7.6288,1.0607,5.2434,-5.4377,5.3496,-0.893,1.3712,-1.0,1.0969
146511,2185,2.7819,-0.974,-1.6183,2.0397,1.8888,0.9368,-2.1126,-1.0,10.5468,-3.8907,-3.4636,9.17,5.2091,1.331,-2.4142,1.0,1.5828
146511,2186,5.1469,2.3412,4.5693,0.3468,5.1341,0.0675,1.0973,1.0,4.4495,-2.7768,-3.4681,0.2198,4.4428,0.0495,-2.246,-1.0,9.5062
146511,2187,32.8476,7.577,-4.0845,-31.6995,8.6078,-2.0147,-0.4944,-1.0,12.0965,1.0195,-1.1567,-11.9974,1.5418,-2.749,-0.8483,1.0,3.0305
146511,2188,47.4803,-0.8963,-6.3967,47.0388,6.4592,2.6833,-1.71,-1.0,46.1975,0.6549,4.8015,-45.9425,4.846,-2.9452,1.4352,1.0,93.6574
146511,2189,67.6873,32.8385,-25.2037,53.5534,41.3956,1.0746,-0.6546,-1.0,35.2044,-34.15,5.0428,-6.9053,34.5203,-0.1987,2.995,1.0,89.4565
146511,2190,0.6172,-0.3358,-0.1941,0.4683,0.3879,1.0207,-2.6175,-1.0,6.1617,-4.6395,2.3508,3.3021,5.2011,0.5985,2.6726,1.0,1.527
146511,2191,2.4725,-0.0407,0.33,-2.4477,0.3325,-2.694,1.6934,1.0,21.3366,-1.3313,-6.2421,-20.3594,6.3825,-1.8768,-1.7809,-1.0,3.1422
146511,2192,0.7073,0.6012,-0.0155,0.357,0.6014,0.5633,-0.0257,1.0,6.4006,-3.5937,-1.5979,5.0486,3.933,1.0685,-2.7232,-1.0,3.1216
146511,2193,8.9449,0.4654,3.7229,8.1193,3.7519,1.5147,1.4464,1.0,16.6978,-0.1635,6.1077,15.5394,6.1099,1.6632,1.5976,-1.0,1.0384
146511,2194,9.7699,-1.0978,-3.3532,9.1099,3.5283,1.6772,-1.8872,-1.0,4.3259,1.2381,-0.3567,4.1282,1.2885,1.881,-0.2805,1.0,3.1081
146511,2195,5.0976,4.4915,-2.3573,-0.4934,5.0726,-0.0971,-0.4833,1.0,4.5208,-4.177,0.7285,1.5648,4.24,0.3612,2.9689,-1.0,9.4135
146511,2196,34.7416,5.2754,-15.317,-30.7331,16.2,-1.3967,-1.2391,1.0,19.6845,4.9425,7.2746,-17.6102,8.7948,-1.4447,0.974,-1.0,21.3549
146511,2197,9.4539,-3.5946,1.6956,-8.5772,3.9744,-1.5122,2.7008,1.0,2.9328,-0.9169,-0.6517,-2.7065,1.1249,-1.6117,-2.5236,-1.0,2.1602
146511,2198,1.4567,-0.5044,-0.0084,-1.3625,0.5044,-1.7194,-3.125,-1.0,6.2303,1.9123,-1.8776,-5.6235,2.6799,-1.4868,-0.7763,1.0,2.1789
146511,2199,1.6352,-0.7511,-1.04,1.0084,1.2829,0.7218,-2.1963,-1.0,2.0283,1.8599,-0.4956,-0.6307,1.9248,-0.3221,-0.2604,1.0,3.113
146511,2200,1.4392,0.8005,-0.0157,1.1913,0.8007,1.188,-0.0196,-1.0,1.0298,-0.0501,0.7634,0.6811,0.7651,0.8016,1.6363,1.0,1.2115
146511,2201,45.8062,-42.3979,6.7003,15.9912,42.9241,0.3644,2.9849,-1.0,45.6138,41.971,-5.9974,-16.8248,42.3974,-0.3871,-0.1419,1.0,91.4126
146511,2202,56.8267,24.3233,-17.7143,48.2063,30.0902,1.2501,-0.6295,-1.0,40.6947,-34.6918,18.2472,-10.9347,39.198,-0.2755,2.6574,1.0,89.518
146511,2203,1.1092,0.9436,-0.3235,-0.4732,0.9976,-0.4582,-0.3303,-1.0,0.4001,-0.3804,-0.0458,-0.046,0.3831,-0.1198,-3.0218,1.0,1.2468
146511,2204,0.9292,-0.0299,-0.6396,0.665,0.6403,0.9084,-1.6175,-1.0,0.762,-0.1112,0.5158,-0.5394,0.5277,-0.897,1.7832,1.0,1.676
146511,2205,1.5655,-0.4136,1.1127,-1.0151,1.1871,-0.7751,1.9267,-1.0,1.5318,0.7253,-0.7774,1.0976,1.0632,0.904,-0.8201,1.0,3.0622
146511,2206,4.7038,1.6859,-1.4781,4.1337,2.2421,1.3714,-0.7198,-1.0,9.5833,-0.4973,-1.4466,9.4598,1.5297,2.5216,-1.9019,1.0,3.0611
146511,2207,1.6791,1.3898,-0.8288,-0.4356,1.6181,-0.2661,-0.5377,-1.0,0.4364,-0.1154,0.2177,-0.3444,0.2464,-1.1365,2.0581,1.0,1.3673
146511,2208,0.8329,0.4894,-0.2129,-0.6306,0.5337,-1.0041,-0.4104,-1.0,0.7466,0.1458,0.5251,0.4993,0.5449,0.8208,1.3,1.0,1.4059
146511,2209,0.4344,-0.1437,-0.1046,0.382,0.1778,1.5082,-2.5124,-1.0,0.6375,-0.0057,0.2385,-0.5816,0.2386,-1.6239,1.5947,1.0,1.0338
146511,2210,22.7564,-0.0727,15.088,-17.035,15.0881,-0.9697,1.5756,-1.0,94.7768,-9.4735,-42.2301,84.3178,43.2796,1.4202,-1.7915,1.0,91.9742
146511,2211,9.969,2.6384,-0.7074,9.5869,2.7316,1.9684,-0.262,1.0,2.7702,-0.9132,-1.3844,2.2164,1.6584,1.1005,-2.1539,-1.0,3.9519
146511,2212,44.4968,-11.6956,-41.8922,-9.3922,43.4942,-0.2143,-1.843,1.0,63.57,31.779,28.4079,-47.1617,42.6253,-0.9547,0.7294,-1.0,88.8534
146511,2213,3.7461,3.577,1.0713,-0.2828,3.7339,-0.0757,0.291,-1.0,0.5954,0.2916,0.4573,0.2217,0.5424,0.3981,1.0031,1.0,1.2419
146511,2214,43.2762,24.7129,-14.7079,32.3384,28.7584,0.9667,-0.5368,1.0,45.4698,-25.4053,14.3133,-34.8882,29.1599,-1.0137,2.6285,-1.0,88.7057
146511,2215,1.3898,-0.7394,-0.8006,-0.856,1.0898,-0.7213,-2.3164,1.0,1.0889,0.0936,-0.1243,-1.0726,0.1556,-2.6287,-0.9255,-1.0,1.0734
146511,2216,4.4064,0.8542,1.5181,-4.0462,1.7419,-1.5794,1.0583,1.0,8.4759,-0.89,5.6929,-6.2152,5.762,-0.9359,1.7259,-1.0,2.9428
146511,2217,49.2352,19.8123,43.7355,10.8985,48.0137,0.2251,1.1454,-1.0,49.3824,-11.0282,-42.2241,23.1109,43.6405,0.5075,-1.8263,1.0,92.1377
146511,2218,51.5453,-0.2246,21.8328,46.6925,21.8339,1.5039,1.5811,-1.0,59.7967,-30.4123,-51.4432,-2.0791,59.7605,-0.0348,-2.1047,1.0,92.6892
146511,2219,8.5309,1.0754,-3.5301,7.6907,3.6902,1.4806,-1.2751,1.0,4.6635,1.1338,0.7003,4.4678,1.3326,1.9244,0.5533,-1.0,3.6571
146511,2220,1.8964,-0.3268,-0.4481,-1.8104,0.5546,-1.8989,-2.2009,-1.0,0.2744,0.2273,0.0135,0.1108,0.2277,0.4692,0.0594,1.0,1.2747
146511,2221,1.3059,-0.9579,-0.5454,0.6923,1.1023,0.5927,-2.624,1.0,0.6772,0.132,0.1719,-0.6328,0.2167,-1.793,0.916,-1.0,1.7628
146511,2222,10.3037,-1.5962,1.3085,-10.0943,2.064,-2.2908,2.4549,-1.0,4.1656,2.7073,2.7733,1.5231,3.8757,0.3835,0.7974,1.0,10.8627
146511,2223,16.8789,16.8708,-0.4462,-0.2523,16.8767,-0.0149,-0.0264,-1.0,36.5183,-14.9393,-8.7706,-32.1476,17.3236,-1.3772,-2.6107,1.0,41.3863
146511,2224,25.1424,-20.8434,-10.1424,-9.7372,23.1801,-0.4086,-2.6887,-1.0,95.9454,29.1395,25.6977,87.727,38.8521,1.5534,0.7227,1.0,90.9342
146511,2225,13.5511,0.1262,-5.1381,-12.5381,5.1396,-1.6245,-1.5462,1.0,11.9202,-0.5936,-3.7679,-11.2929,3.8143,-1.8059,-1.7271,-1.0,1.1536
146511,2226,1.9535,0.4161,1.7275,-0.8048,1.7769,-0.4387,1.3344,1.0,1.2297,-0.2024,-1.0921,0.5169,1.1107,0.45,-1.754,-1.0,3.0985
146511,2227,16.5879,-10.9168,4.7618,-11.5454,11.9101,-0.8596,2.7303,-1.0,4.0124,-3.4717,0.0067,-2.0089,3.4717,-0.5504,3.1397,1.0,3.2996
146511,2228,9.2646,6.3457,-6.6957,0.8492,9.225,0.0919,-0.8122,1.0,11.9742,-6.3212,10.0591,-1.4922,11.8804,-0.1253,2.1318,-1.0,20.961
146511,2229,3.2761,2.4006,0.9163,2.0295,2.5695,0.7247,0.3646,1.0,1.491,0.8998,0.5864,-1.0289,1.074,-0.8513,0.5776,-1.0,2.928
146511,2230,1.4643,0.5693,1.1135,-0.7544,1.2506,-0.5716,1.0982,-1.0,4.235,0.9314,1.0148,-4.0034,1.3774,-1.7884,0.8282,1.0,1.7506
146511,2231,1.5818,-0.3285,1.5205,-0.2664,1.5556,-0.1704,1.7836,1.0,1.646,0.1402,-1.4005,0.8468,1.4075,0.5702,-1.471,-1.0,3.1672
146511,2232,10.9117,3.6091,1.1044,10.2377,3.7743,1.7234,0.2969,-1.0,13.0748,5.1084,5.3331,10.7889,7.385,1.1729,0.8069,1.0,3.9749
146511,2233,65.1148,-12.9676,4.4518,63.6549,13.7105,2.2399,2.8109,-1.0,38.823,9.449,-31.202,-21.08,32.6013,-0.6084,-1.2767,1.0,90.8982
146511,2234,2.0817,-0.1101,-2.0035,0.5441,2.0066,0.2679,-1.6257,-1.0,3.2107,-0.4068,0.1235,3.1807,0.4251,2.71,2.8468,1.0,3.2147
146511,2235,47.4516,-30.535,18.8691,-31.0357,35.8947,-0.7823,2.5881,1.0,40.8559,39.2384,-6.1428,9.5818,39.7163,0.239,-0.1553,-1.0,84.2629
146511,2236,10.3755,-1.4667,6.6919,7.7915,6.8507,0.9752,1.7866,-1.0,11.7622,4.3307,-6.628,-8.6979,7.9174,-0.9494,-0.992,1.0,21.9328
146511,2237,2.6756,-1.2465,-0.9082,2.1838,1.5423,1.1472,-2.5119,-1.0,1.3338,0.8229,-0.5664,-0.8774,0.999,-0.7926,-0.6029,1.0,3.4661
146511,2238,4.2844,-3.5543,0.9229,2.2046,3.6722,0.5691,2.8875,1.0,11.8382,-1.6481,-0.2967,11.7186,1.6746,2.6438,-2.9635,-1.0,6.2147
146511,2239,4.6997,1.402,1.5385,4.2123,2.0815,1.4542,0.8318,-1.0,1.7577,1.3915,-0.781,-0.7295,1.5957,-0.4426,-0.5115,1.0,4.6034
146511,2240,4.9194,0.8326,2.8631,3.9114,2.9817,1.0856,1.2878,1.0,2.7181,-0.1081,-1.5924,-2.1976,1.5961,-1.1245,-1.6386,-1.0,7.2976
146511,2241,4.2344,-1.122,-0.0628,4.0812,1.1237,2.0013,-3.0857,1.0,20.6712,-6.8364,-3.6482,19.1636,7.7489,1.6372,-2.6514,-1.0,1.6922
146511,2242,3.6098,0.6329,2.1101,-2.8577,2.203,-1.0768,1.2794,1.0,3.5049,2.8471,1.7253,1.0908,3.3291,0.3221,0.5448,-1.0,4.5471
146511,2243,8.3785,-1.5402,4.3841,6.971,4.6468,1.1949,1.9086,-1.0,3.4446,0.3179,2.0373,2.7572,2.062,1.1009,1.416,1.0,1.5549
146511,2244,0.7982,-0.2816,-0.294,-0.6784,0.4071,-1.2838,-2.3346,1.0,0.6936,0.2619,0.2455,0.584,0.359,1.2631,0.7531,-1.0,1.4879
146511,2245,6.783,-1.7792,-6.0194,2.5688,6.2769,0.3986,-1.8582,1.0,7.1086,1.248,6.9795,-0.5011,7.0902,-0.0706,1.3939,-1.0,13.693
146511,2246,4.2818,1.5133,1.514,-3.7068,2.1406,-1.3168,0.7856,1.0,0.8306,0.5401,0.5234,-0.3363,0.7521,-0.4334,0.7698,-1.0,1.1928
146511,2247,1.3133,-0.0416,0.1182,1.3031,0.1253,3.0374,1.9097,-1.0,1.8739,0.3645,-1.0607,-1.4975,1.1216,-1.0997,-1.2398,1.0,3.0213
146511,2248,2.1694,-1.88,0.965,0.4789,2.1132,0.2247,2.6674,1.0,3.9244,0.1344,2.8412,2.7017,2.8444,0.8455,1.5235,-1.0,3.0795
146511,2249,0.9274,-0.4309,0.2814,0.7642,0.5146,1.1864,2.5632,-1.0,3.6365,-0.3524,-1.1177,3.4409,1.172,1.798,-1.8763,1.0,1.354
146511,2250,5.9591,-3.1583,3.2007,-3.9089,4.4966,-0.7859,2.3495,1.0,14.0073,-6.3122,6.0646,-10.9347,8.7535,-1.0471,2.3762,-1.0,1.668
146511,2251,4.4839,-3.6499,-2.0093,-1.6539,4.1664,-0.3872,-2.6384,1.0,5.8433,1.4944,4.2508,3.7189,4.5058,0.7523,1.2327,-1.0,9.6289
146511,2252,7.1747,2.3159,-2.2679,-6.3998,3.2414,-1.4321,-0.7749,1.0,0.7952,0.7192,0.1427,0.289,0.7332,0.3846,0.1959,-1.0,3.5282
146511,2253,2.1194,-0.3188,-2.0045,-0.6007,2.0297,-0.2918,-1.7285,-1.0,1.2532,0.4831,0.7345,0.8868,0.8792,0.8875,0.989,1.0,3.1068
146511,2254,74.8474,-35.9992,22.1934,61.7546,42.2906,1.1725,2.5891,1.0,30.3469,24.2657,-10.042,-15.2071,26.2615,-0.5508,-0.3924,-1.0,92.8107
146511,2255,0.5797,0.3693,0.1458,-0.4091,0.397,-0.9027,0.376,-1.0,0.7124,-0.4948,-0.2762,0.4187,0.5666,0.6843,-2.6325,1.0,1.2794
146511,2256,46.3853,-11.2528,40.637,-19.3286,42.1663,-0.4437,1.8409,-1.0,44.7064,11.6891,-39.8085,16.6523,41.4892,0.3913,-1.2852,1.0,91.0476
146511,2257,5.1501,2.1636,3.0782,-3.5151,3.7625,-0.8341,0.9581,1.0,5.2453,-5.0855,-0.9006,0.91,5.1646,0.1753,-2.9663,-1.0,9.3807
146511,2258,8.0896,6.231,-2.0909,4.7152,6.5725,0.6669,-0.3238,1.0,5.1334,3.505,-2.0489,3.1398,4.0599,0.7117,-0.529,-1.0,1.1048
146511,2259,1.2014,0.2586,1.0587,0.4946,1.0898,0.4395,1.3312,-1.0,0.3107,-0.1914,-0.1962,-0.1015,0.274,-0.3623,-2.3438,1.0,1.1763
146511,2260,4.2665,-0.942,-2.4566,-3.3571,2.631,-1.0637,-1.937,1.0,3.8451,0.3059,0.3471,-3.8157,0.4626,-2.8068,0.8484,-1.0,3.0814
146511,2261,46.5555,-36.2344,28.725,5.4173,46.2391,0.1169,2.4713,-1.0,47.0169,33.6361,-31.5202,9.2553,46.0968,0.1995,-0.7529,1.0,92.336
146511,2262,6.8586,0.0816,-2.0342,-6.5486,2.0358,-1.8848,-1.5307,1.0,13.8679,2.4939,-13.4537,-2.255,13.6829,-0.1641,-1.3875,-1.0,10.275
146511,2263,1.1284,-0.2966,-0.461,-0.9806,0.5482,-1.345,-2.1425,1.0,0.4198,-0.3591,0.0852,0.1699,0.3691,0.4454,2.9087,-1.0,1.081
146511,2264,1.9765,1.4708,-1.3147,-0.0601,1.9728,-0.0304,-0.7294,1.0,1.3712,-0.6686,0.9827,0.6755,1.1886,0.5414,2.1682,-1.0,3.1741
146511,2265,1.1596,-0.7732,-0.5927,0.6199,0.9743,0.5997,-2.4876,1.0,9.7096,-9.5495,0.4085,-1.7045,9.5582,-0.1774,3.0988,-1.0,3.2203
146511,2266,4.968,1.1502,-0.2522,4.8252,1.1776,2.1181,-0.2159,1.0,4.668,0.0193,-0.0869,-4.6659,0.089,-4.653,-1.3521,-1.0,9.5573
146511,2267,7.4139,3.4295,-5.2258,3.9857,6.2506,0.6008,-0.99,-1.0,1.2074,0.8957,-0.5477,0.587,1.0499,0.5334,-0.5489,1.0,1.1744
146511,2268,0.4285,0.3697,0.1423,0.1244,0.3962,0.309,0.3673,1.0,10.6448,-0.3639,-7.2635,7.7723,7.2726,0.9291,-1.6209,-1.0,3.0897
146511,2269,5.491,3.6304,-3.6848,1.8391,5.1728,0.3484,-0.7928,1.0,4.5832,-3.0895,3.0126,1.5408,4.3152,0.3499,2.3688,-1.0,9.4511
146511,2270,0.5869,0.0065,0.3346,-0.4704,0.3347,-1.1411,1.5513,-1.0,9.2677,-6.8618,5.3828,3.1339,8.7212,0.352,2.4764,1.0,3.215
146511,2271,1.1953,-0.2726,-1.1281,-0.2661,1.1606,-0.2273,-1.8079,1.0,2.8295,-0.1794,0.6024,2.7568,0.6285,2.1843,1.8602,-1.0,3.0846
146511,2272,66.2062,-16.5735,4.0889,-63.9675,17.0705,-2.0315,2.8997,-1.0,7.3474,-1.6496,-2.6549,-6.6486,3.1257,-1.4991,-2.1268,1.0,9.4529
146511,2273,6.8331,-3.5699,3.6197,-4.5644,5.0839,-0.8072,2.3493,-1.0,11.2215,-2.342,-5.3291,-9.5931,5.821,-1.2742,-1.9849,1.0,9.3628
146511,2274,14.4402,-3.5893,-9.229,10.5096,9.9024,0.9241,-1.9417,1.0,7.1646,-0.3736,1.6999,6.9492,1.7405,2.0929,1.7871,-1.0,9.4641
146511,2275,13.0579,-4.4299,7.4692,9.7512,8.684,0.9657,2.1061,1.0,20.6256,6.5296,0.4753,19.5587,6.5469,1.8145,0.0727,-1.0,14.4217
146511,2276,1.213,-0.8028,0.7442,-0.5119,1.0947,-0.4521,2.3941,1.0,8.8564,-1.5341,0.3312,-8.7156,1.5694,-2.4156,2.929,-1.0,3.1031
146511,2277,11.6352,3.6266,0.9666,11.0127,3.7532,1.7974,0.2605,-1.0,1.1377,0.004,0.0192,1.1326,0.0196,4.7513,1.3654,1.0,1.2185
146511,2278,4.9803,1.9177,-2.6982,3.7195,3.3103,0.9662,-0.9529,-1.0,4.615,-1.214,2.8601,-3.4108,3.1071,-0.9488,1.9722,1.0,9.5632
146511,2279,3.0348,0.8635,-0.3632,2.8846,0.9368,1.8432,-0.3982,1.0,2.7744,-1.9607,0.2212,1.9475,1.9731,0.8722,3.0293,-1.0,3.0286
146511,2280,5.2222,4.7948,-0.2373,2.0526,4.8007,0.4155,-0.0494,-1.0,4.7342,-4.0621,0.756,-2.3086,4.1318,-0.5331,2.9576,1.0,9.9125
146511,2281,0.8889,0.8641,-0.1777,0.0274,0.8822,0.0311,-0.2028,-1.0,2.3707,-1.6279,-1.2701,1.1602,2.0647,0.5359,-2.479,1.0,2.5565
146511,2282,7.7987,-0.4694,-3.6752,6.8615,3.7051,1.3754,-1.6978,-1.0,8.0877,-4.6249,4.169,-5.1604,6.2266,-0.755,2.408,1.0,14.9428
146511,2283,14.8396,2.4899,-1.7826,-14.5198,3.0622,-2.2605,-0.6213,1.0,2.1772,0.3383,-1.3092,-1.7031,1.3522,-1.0535,-1.318,-1.0,2.9715
146511,2284,0.3836,0.0311,-0.3068,0.2023,0.3083,0.6165,-1.4698,1.0,2.0606,-0.6837,-0.5568,-1.8594,0.8817,-1.4913,-2.4581,-1.0,1.4341
146511,2285,35.8298,28.0461,-19.8803,-10.0975,34.3774,-0.2897,-0.6166,1.0,39.1094,-20.1248,14.5183,30.2283,24.8151,1.0275,2.5166,-1.0,71.5482
146511,2286,49.6292,-12.0066,-45.5805,-15.5342,47.1353,-0.3239,-1.8284,-1.0,42.1359,10.4544,39.5299,10.1743,40.8889,0.2463,1.3122,1.0,91.3952
146511,2287,5.4208,-4.9513,-0.2168,2.1937,4.956,0.4293,-3.0978,-1.0,4.0945,3.7972,0.6901,-1.3635,3.8594,-0.3463,0.1798,1.0,9.3966
146511,2288,0.6494,0.2751,0.5286,0.2355,0.5959,0.3856,1.091,1.0,3.1222,3.0504,0.5753,0.3176,3.1042,0.1021,0.1864,-1.0,1.2812
146511,2289,13.8059,-4.1661,-4.6614,12.3088,6.2518,1.4296,-2.3001,1.0,2.1077,1.1574,-0.8775,1.5236,1.4524,0.9156,-0.6487,-1.0,4.7088
146511,2290,24.3621,-8.9001,-8.8079,20.8976,12.5216,1.285,-2.3614,1.0,109.7377,-38.1544,-24.369,-99.9638,45.2726,-1.533,-2.5732,-1.0,91.7413
146511,2291,1.9848,1.863,-0.3257,0.5928,1.8912,0.3085,-0.1731,-1.0,1.8806,-0.4421,-1.3906,-1.1816,1.4592,-0.7403,-1.8786,1.0,3.1032
146511,2292,2.728,-1.3755,1.5195,-1.7972,2.0496,-0.7915,2.3065,-1.0,1.8102,-1.2147,0.3881,1.2805,1.2752,0.8843,2.8323,1.0,3.1592
146511,2293,8.6317,1.3677,-1.1683,-8.4415,1.7988,-2.2504,-0.7069,1.0,81.4775,11.6139,-15.6829,-79.1059,19.5151,-2.1076,-0.9334,-1.0,1.624
146511,2294,1.8828,-0.0523,-0.3545,-1.8453,0.3584,-2.3413,-1.7173,1.0,1.8205,0.7018,1.6646,0.1993,1.8065,0.1101,1.1718,-1.0,2.9777
146511,2295,1.9775,-1.4875,1.254,-0.3384,1.9455,-0.1731,2.4412,1.0,0.815,0.0575,0.4853,-0.6437,0.4886,-1.0889,1.4529,-1.0,1.3282
146511,2296,6.2518,1.7887,1.39,5.826,2.2653,1.6736,0.6606,1.0,0.6715,-0.5234,-0.3762,0.156,0.6446,0.2398,-2.5183,-1.0,3.0853
146511,2297,2.276,-0.1269,2.2111,0.5136,2.2147,0.2299,1.6281,-1.0,2.3424,-0.8577,1.366,1.6954,1.6129,0.9171,2.1315,1.0,1.6387
146511,2298,10.6951,2.2897,-1.8589,-10.2799,2.9493,-1.9617,-0.6819,1.0,0.3946,-0.0181,0.1828,-0.3329,0.1837,-1.3566,1.6695,-1.0,1.5431
146511,2299,9.9655,3.4784,0.6341,-9.3166,3.5357,-1.6962,0.1803,1.0,26.7224,4.5869,0.4259,-26.3222,4.6066,-2.4436,0.0926,-1.0,3.1164
146511,2300,44.5777,-16.6607,-41.2565,-2.737,44.4935,-0.0615,-1.9546,1.0,50.5231,25.42,43.6565,0.7065,50.518,0.014,1.0435,-1.0,94.6444
146511,2301,5.1292,0.6512,1.1903,4.9454,1.3568,2.0048,1.0702,-1.0,4.3417,0.3504,-0.9194,-4.2274,0.9839,-2.1642,-1.2066,1.0,9.3865
146511,2302,6.0804,-0.765,-5.9318,-1.0906,5.9809,-0.1814,-1.6991,-1.0,9.2449,5.1124,5.5177,-5.3735,7.5221,-0.6644,0.8235,1.0,13.1913
146511,2303,0.5484,-0.2603,0.0128,0.4708,0.2606,1.3535,3.0923,1.0,2.0635,0.2388,-1.4253,1.4691,1.4452,0.893,-1.4048,-1.0,1.0311
146511,2304,0.8757,0.698,0.3679,-0.365,0.789,-0.4475,0.485,1.0,1.2786,-0.7709,-0.0824,1.0112,0.7753,1.0811,-3.0351,-1.0,2.0338
146511,2305,4.4557,-0.5412,-0.4869,4.3946,0.728,2.4978,-2.4089,-1.0,0.7146,0.0202,-0.6714,-0.2197,0.6717,-0.3215,-1.5408,1.0,2.7729
146511,2306,0.9477,-0.1719,-0.8362,-0.3978,0.8536,-0.4506,-1.7736,1.0,1.5041,0.5004,0.6212,-1.2708,0.7977,-1.2453,0.8927,-1.0,1.753
146511,2307,1.9536,0.8496,1.6483,-0.6056,1.8544,-0.321,1.0948,-1.0,5.2016,4.3969,0.5623,-2.7198,4.4327,-0.5804,0.1272,1.0,2.7798
146511,2308,4.1411,-0.8591,0.1951,4.0449,0.881,2.229,2.9183,1.0,1.4382,0.3758,-1.303,0.4672,1.3561,0.3381,-1.29,-1.0,3.0509
146511,2309,47.1987,45.2943,12.4078,4.7092,46.9631,0.1001,0.2674,1.0,48.2156,-46.1109,-11.5,-8.1407,47.5233,-0.1705,-2.8972,-1.0,95.3448
146511,2310,60.0142,13.3136,-39.5452,-43.1349,41.7262,-0.905,-1.246,1.0,42.3974,11.5245,40.4907,5.022,42.0988,0.119,1.2935,-1.0,91.7482
146511,2311,3.1977,1.9028,-2.5252,0.4658,3.1618,0.1468,-0.925,-1.0,2.249,0.1383,-1.9873,1.0385,1.9921,0.5002,-1.5013,1.0,1.6958
146511,2312,12.0878,-2.7998,-0.9359,-11.7213,2.952,-2.0876,-2.819,-1.0,34.6893,13.5337,-4.6553,-31.5991,14.312,-1.5329,-0.3313,1.0,12.8437
146511,2313,4.0252,0.9519,0.1907,3.9049,0.9708,2.1001,0.1977,-1.0,2.0292,0.7953,1.5419,1.047,1.735,0.5718,1.0946,1.0,2.4654
146511,2314,1.6496,-0.7489,0.5867,-1.3435,0.9513,-1.1451,2.4771,-1.0,5.0787,-0.815,0.3465,-4.9998,0.8856,-2.4318,2.7396,1.0,1.3101
146511,2315,3.4646,-2.3577,2.5362,0.0368,3.4628,0.0106,2.3197,1.0,4.7419,-3.4003,2.52,2.1359,4.2323,0.4854,2.5038,-1.0,1.9766
146511,2316,0.5244,0.2461,-0.173,0.4163,0.3009,1.1285,-0.6128,1.0,6.0922,5.1683,-3.1297,0.7727,6.042,0.1275,-0.5445,-1.0,1.4633
146511,2317,11.9733,6.7862,-0.6772,9.8406,6.82,1.1627,-0.0995,1.0,6.2688,0.1095,-5.6724,2.6642,5.6735,0.4539,-1.5515,-1.0,9.4092
146511,2318,0.3977,0.1103,-0.1937,0.3119,0.2229,1.1373,-1.0531,-1.0,1.5603,-0.771,-1.2701,-0.4648,1.4858,-0.3079,-2.1164,1.0,1.1096
146511,2319,47.7937,-37.4992,-25.6802,14.7839,45.4496,0.3198,-2.5411,-1.0,40.632,34.7642,16.1002,-13.5344,38.3114,-0.3463,0.4337,1.0,87.8537
146511,2320,1.1502,-0.1506,-1.1354,0.0105,1.1453,0.0092,-1.7027,-1.0,1.306,0.256,1.264,-0.1773,1.2896,-0.137,1.371,1.0,2.4449
146511,2321,2.4522,0.539,2.16,1.0227,2.2262,0.4446,1.3263,1.0,2.2497,-0.3799,2.191,0.3247,2.2236,0.1455,1.7425,-1.0,1.1559
146511,2322,20.1721,0.8466,-6.0773,19.2159,6.136,1.8593,-1.4324,-1.0,10.4528,-0.6268,-3.4377,9.8508,3.4944,1.7596,-1.7511,1.0,1.5566
146511,2323,14.9472,0.9546,-4.0269,-14.3624,4.1385,-1.9576,-1.338,-1.0,47.4186,1.5161,-11.9495,-45.8631,12.0453,-2.0469,-1.4446,1.0,1.0125
146511,2324,3.4315,0.7149,-1.857,2.7936,1.9899,1.1402,-1.2033,-1.0,0.5008,-0.2713,0.304,-0.2713,0.4074,-0.6244,2.2993,1.0,2.5479
146511,2325,44.8701,-20.4993,-26.4058,29.9304,33.4288,0.8054,-2.2309,-1.0,45.073,20.5182,27.1707,-29.5352,34.0476,-0.7845,0.924,1.0,89.939
146511,2326,4.789,1.6882,-4.2848,1.3092,4.6054,0.2806,-1.1955,1.0,2.9737,1.0205,-2.7555,-0.4449,2.9384,-0.1508,-1.2161,-1.0,1.6158
146511,2327,2.9428,1.2005,0.6973,-2.5926,1.3883,-1.3828,0.5262,-1.0,25.426,-14.289,-3.8194,-20.6812,14.7906,-1.137,-2.8804,1.0,9.0591
146511,2328,2.4097,2.0202,0.4102,-1.2433,2.0614,-0.5715,0.2003,1.0,2.2753,-0.7557,1.845,-1.0912,1.9938,-0.5231,1.9595,-1.0,3.1328
146511,2329,9.0166,1.8604,0.8922,8.7767,2.0632,2.1545,0.4472,-1.0,18.1599,-0.0868,-8.2718,16.166,8.2722,1.423,-1.5813,1.0,7.6692
146511,2330,7.6666,1.274,-0.1519,7.5577,1.283,2.4736,-0.1186,-1.0,2.5577,1.1185,1.3946,1.8261,1.7877,0.8965,0.8948,1.0,3.0349
146511,2331,4.9506,-1.1275,-4.5867,1.4794,4.7233,0.3083,-1.8118,1.0,7.1752,1.3425,5.2771,-4.6715,5.4451,-0.7773,1.3217,-1.0,11.6758
146511,2332,5.9642,2.3396,3.1235,-4.5088,3.9026,-0.9871,0.9279,-1.0,5.1576,-1.2687,-4.893,-1.0195,5.0548,-0.2003,-1.8245,1.0,9.4262
146511,2333,5.6398,1.6685,-3.6936,-3.9205,4.0529,-0.8581,-1.1465,-1.0,1.2581,0.9362,-0.8041,-0.2205,1.2341,-0.1777,-0.7096,1.0,1.8495
146511,2334,0.378,-0.2182,-0.0799,0.2789,0.2323,1.0161,-2.7904,-1.0,4.7269,-2.8466,3.006,2.2788,4.14,0.5259,2.329,1.0,1.2505
146511,2335,10.4691,2.7685,1.2448,10.0188,3.0355,1.9094,0.4225,-1.0,21.5604,1.5554,4.2346,21.0829,4.5112,2.2463,1.2188,1.0,3.1388
146511,2336,5.0511,1.7998,-3.1328,3.5282,3.613,0.8647,-1.0494,-1.0,10.4225,-8.724,-1.4878,5.5041,8.8499,0.5875,-2.9727,1.0,9.4102
146511,2337,7.8645,-3.2605,0.9243,-7.096,3.389,-1.4848,2.8653,-1.0,8.7148,-6.8689,0.3194,-5.3528,6.8763,-0.7157,3.0951,1.0,3.9683
146511,2338,4.0034,-3.2436,-1.6534,1.6619,3.6407,0.442,-2.6702,-1.0,19.2809,-17.7238,-1.5494,7.4303,17.7914,0.4064,-3.0544,1.0,3.0992
146511,2339,13.8557,0.3747,-3.3525,13.4384,3.3733,2.0908,-1.4595,-1.0,6.8311,2.3868,-2.5956,5.8497,3.5262,1.2798,-0.8273,1.0,3.593
146511,2340,2.5541,1.3404,-2.1418,-0.3584,2.5267,-0.1414,-1.0116,1.0,9.8354,-0.8679,5.079,-8.377,5.1526,-1.2626,1.74,-1.0,8.267
146511,2341,2.155,-2.1295,-0.2502,-0.1882,2.1442,-0.0877,-3.0247,-1.0,1.9763,1.6016,-0.0683,-1.1509,1.6031,-0.6673,-0.0426,1.0,3.8593
146511,2342,1.8241,1.3279,-1.2429,0.0905,1.8188,0.0497,-0.7524,1.0,1.831,-0.5824,0.3361,-1.6998,0.6724,-1.6576,2.6182,-1.0,3.0646
146511,2343,0.9497,0.0343,0.3279,0.8843,0.3297,1.7127,1.4666,1.0,6.8537,-3.2398,-0.1451,6.037,3.2431,1.3799,-3.0968,-1.0,1.6372
146511,2344,1.6395,0.6874,0.3858,-1.4337,0.7883,-1.3595,0.5115,-1.0,1.3823,-0.5607,-0.4097,1.1905,0.6944,1.3081,-2.5106,1.0,3.0092
146511,2345,0.6111,0.4645,-0.3003,-0.2374,0.5531,-0.417,-0.574,-1.0,0.6112,-0.4697,0.3244,0.1912,0.5708,0.3291,2.5372,1.0,1.2212
146511,2346,4.931,1.608,-1.1203,-4.5237,1.9597,-1.5736,-0.6085,-1.0,4.5745,-2.4744,-0.2054,3.8406,2.4829,1.2205,-3.0588,1.0,9.3478
146511,2347,9.0942,-0.6401,1.51,8.9445,1.6401,2.3977,1.9717,-1.0,9.176,1.7249,-6.9829,5.6967,7.1928,0.7264,-1.3286,1.0,9.3973
146511,2348,5.9485,1.2534,-2.6601,-5.1698,2.9406,-1.3299,-1.1305,-1.0,5.3831,1.341,-0.7889,-5.1523,1.5559,-1.9126,-0.5318,1.0,1.7984
146511,2349,0.709,-0.2175,-0.6664,-0.0074,0.701,-0.0105,-1.8863,-1.0,1.1935,0.8987,-0.7264,0.2789,1.1556,0.239,-0.6798,1.0,1.0684
146511,2350,6.0892,3.4016,-0.3542,-5.0369,3.42,-1.1796,-0.1037,1.0,42.4396,7.4233,-1.5304,-41.7571,7.5795,-2.4077,-0.2033,-1.0,6.6803
146511,2351,4.6457,4.2459,1.8723,-0.1946,4.6404,-0.0419,0.4153,-1.0,5.322,-4.7937,-0.2071,-2.3001,4.7981,-0.4627,-3.0984,1.0,9.4899
146511,2352,1.0133,0.8923,-0.3369,-0.3254,0.9538,-0.3349,-0.361,-1.0,3.8763,3.368,0.7132,-1.7783,3.4427,-0.4959,0.2087,1.0,1.0912
146511,2353,3.3967,1.0601,-1.7776,2.6913,2.0697,1.0786,-1.0331,-1.0,6.8813,2.7074,-0.7215,6.2842,2.8019,1.5472,-0.2604,1.0,2.1541
146511,2354,6.9895,-1.3659,3.4741,5.9081,3.733,1.2398,1.9454,1.0,5.5806,1.8305,3.0657,4.2874,3.5706,1.0165,1.0325,-1.0,3.3272
146511,2355,3.1704,-2.8033,-1.1524,-0.9238,3.0309,-0.3003,-2.7516,1.0,15.0645,1.6245,4.9632,-14.13,5.2223,-1.721,1.2545,-1.0,9.4859
146511,2356,0.5205,0.1182,-0.2122,0.4481,0.2429,1.3718,-1.0624,-1.0,1.537,0.9958,-1.0906,-0.4124,1.4768,-0.2757,-0.8308,1.0,1.1373
146511,2357,1.2962,0.1286,-0.8398,0.9732,0.8496,0.9807,-1.4188,1.0,1.3133,-0.2536,0.8024,-1.0027,0.8415,-1.0105,1.877,-1.0,2.606
146511,2358,46.0967,7.7576,34.8821,-29.1197,35.7343,-0.7443,1.352,-1.0,48.7822,-9.4254,-32.9287,34.7355,34.2511,0.8913,-1.8496,1.0,94.6777
146511,2359,1.0919,0.8841,0.6244,0.097,1.0824,0.0895,0.6149,1.0,1.2982,-0.1702,-1.0688,0.7091,1.0823,0.6156,-1.7287,-1.0,2.087
146511,2360,9.5142,-0.5681,-8.0985,4.9599,8.1184,0.5782,-1.6408,1.0,2.9109,-1.1424,0.6061,-2.6057,1.2932,-1.4503,2.6539,-1.0,9.4752
146511,2361,37.2074,9.355,8.4085,35.0166,12.5785,1.7478,0.7322,-1.0,11.6616,2.5563,-4.3294,10.5215,5.0277,1.4843,-1.0374,1.0,12.4875
146511,2362,22.4951,0.1508,-10.4788,19.9045,10.4799,1.3977,-1.5564,1.0,29.5122,-1.0168,-12.9081,26.5198,12.9481,1.465,-1.6494,-1.0,1.3539
146511,2363,38.6388,-15.0187,35.2371,-5.0721,38.3043,-0.132,1.9737,1.0,86.8768,71.1491,-3.3397,-49.7415,71.2274,-0.6513,-0.0469,-1.0,92.6367
146511,2364,0.9251,0.3818,-0.2588,0.795,0.4612,1.3128,-0.5957,1.0,2.6679,-1.2227,-0.1462,-2.3643,1.2314,-1.4073,-3.0226,-1.0,3.0944
146511,2365,2.3451,1.7085,-1.0501,-1.2112,2.0054,-0.5722,-0.5511,1.0,1.2061,-1.1836,0.1622,-0.1274,1.1947,-0.1064,3.0054,-1.0,3.1235
146511,2366,1.1621,0.2591,0.5968,0.957,0.6507,1.1785,1.1612,-1.0,3.036,0.6319,-0.137,2.9645,0.6466,2.2276,-0.2135,1.0,1.1137
146511,2367,0.8344,0.7091,-0.3755,0.2033,0.8024,0.2507,-0.487,-1.0,1.7384,0.5642,-1.6098,-0.3181,1.7058,-0.1854,-1.2337,1.0,1.0217
146511,2368,1.6861,-0.1029,-0.3527,-1.6422,0.3674,-2.2028,-1.8548,-1.0,1.3346,0.3279,0.0931,1.286,0.3409,2.0379,0.2766,1.0,2.9799
146511,2369,10.8686,0.8325,1.0281,10.7873,1.3229,2.7954,0.8902,-1.0,2.0558,0.9343,1.8281,0.0168,2.053,0.0082,1.0983,1.0,6.2477
146511,2370,1.2761,0.5369,-1.025,0.5277,1.1571,0.4416,-1.0883,1.0,1.2046,-0.0173,1.0386,0.6009,1.0387,0.5503,1.5874,-1.0,2.1471
146511,2371,17.4352,-12.5156,4.4472,-11.294,13.2823,-0.7715,2.8002,-1.0,1.0177,-0.6876,0.0642,-0.74,0.6906,-0.931,3.0486,1.0,1.0059
146511,2372,9.1945,1.0686,0.6596,-9.1077,1.2557,-2.6793,0.553,-1.0,12.9244,4.0477,1.1616,-12.2187,4.2111,-1.7869,0.2795,1.0,2.222
146511,2373,5.8187,-5.4264,0.6144,2.0057,5.4611,0.3595,3.0288,-1.0,3.7036,-3.0495,0.392,2.0623,3.0746,0.6285,3.0137,1.0,1.1286
146511,2374,1.0699,-0.0985,0.9974,0.3592,1.0022,0.3512,1.6693,-1.0,3.198,2.0298,2.3623,0.7178,3.1146,0.2285,0.861,1.0,1.4274
146511,2375,20.416,-2.3613,4.1835,19.8425,4.8038,2.1259,2.0846,1.0,17.1298,5.9197,-10.7756,11.9274,12.2945,0.8601,-1.0684,-1.0,18.5537
146511,2376,43.322,14.9937,22.2893,33.9876,26.863,1.0571,0.9786,1.0,50.9965,-30.5293,-30.9394,-26.671,43.4659,-0.5805,-2.3495,-1.0,92.3378
146511,2377,2.3764,-1.7256,1.2302,1.0701,2.1192,0.4856,2.5222,1.0,6.9038,-1.1586,2.3189,6.3978,2.5923,1.6353,2.0342,-1.0,3.0723
146511,2378,14.4638,11.6688,7.4221,4.2358,13.8293,0.3017,0.5665,1.0,12.8259,-10.0593,-5.6391,-5.6128,11.5321,-0.4693,-2.6307,-1.0,27.1489
146511,2379,1.4023,0.6989,1.1403,0.4081,1.3374,0.3006,1.0209,-1.0,1.7406,-0.8654,-1.2497,-0.8414,1.5201,-0.5286,-2.1765,1.0,3.1065
146511,2380,4.5789,-2.8604,3.523,-0.6012,4.538,-0.1321,2.2528,1.0,4.955,3.3881,-3.5446,0.7056,4.9034,0.1434,-0.808,-1.0,9.5187
146511,2381,9.663,-5.641,-7.6123,1.8959,9.4746,0.1988,-2.2085,-1.0,2.5186,-2.0311,-1.3373,0.6469,2.4318,0.263,-2.5593,1.0,1.7233
146511,2382,0.5398,-0.3178,0.0058,0.4233,0.3179,1.0976,3.1232,1.0,0.5319,0.3099,-0.0033,-0.4192,0.3099,-1.1102,-0.0105,-1.0,1.0716
146511,2383,5.6508,4.3241,-3.5908,0.5733,5.6207,0.1018,-0.693,-1.0,8.0089,-4.7131,5.7786,-2.9199,7.4569,-0.3822,2.255,1.0,13.2719
146511,2384,5.431,-0.7831,-0.5025,5.3496,0.9305,2.4497,-2.5711,1.0,11.0583,-5.1997,0.6868,9.7348,5.2448,1.3774,3.0103,-1.0,2.9203
146511,2385,13.4771,-0.9379,0.7781,-13.4214,1.2187,-3.0943,2.4491,-1.0,49.2517,14.4507,6.2193,-46.6714,15.7323,-1.8078,0.4064,1.0,9.6018
146511,2386,55.0742,-17.6311,31.4378,41.6409,36.0443,0.987,2.0819,-1.0,37.3713,4.2691,-3.9231,-36.9186,5.798,-2.5505,-0.7432,1.0,87.1106
146511,2387,4.9433,-0.6964,0.4696,-4.8703,0.8399,-2.4581,2.5483,1.0,2.8088,-2.1764,-1.0074,-1.4583,2.3982,-0.5757,-2.7081,-1.0,3.3915
146511,2388,3.0754,1.2056,-0.5523,2.7728,1.3261,1.4836,-0.4296,-1.0,1.7179,-1.1121,-1.2204,0.4626,1.6511,0.2766,-2.3098,1.0,3.059
146511,2389,13.7866,12.3087,-5.4104,-3.0466,13.4453,-0.2247,-0.4141,1.0,16.9539,-15.3329,5.2184,5.0095,16.1966,0.3046,2.8135,-1.0,30.5277
146511,2390,1.9766,0.7293,1.7969,0.3673,1.9393,0.1883,1.1853,1.0,2.4685,-1.835,0.2443,1.6296,1.8512,0.7941,3.0093,-1.0,3.2222
146511,2391,13.384,3.4378,-2.544,12.6818,4.2767,1.8074,-0.6371,-1.0,2.1715,-0.7088,1.9259,-0.7021,2.0522,-0.3358,1.9235,1.0,9.5199
146511,2392,19.4436,5.5623,0.4244,18.6258,5.5785,1.9205,0.0762,1.0,5.0688,-0.1108,-0.0525,5.0662,0.1226,4.4145,-2.6995,-1.0,3.1123
146511,2393,15.4924,-9.7332,-1.2659,11.9861,9.8151,1.0295,-3.0123,1.0,11.0319,-6.0793,-0.2882,9.2006,6.0861,1.2013,-3.0942,-1.0,1.4881
146511,2394,1.5221,1.3279,-0.4343,-0.5948,1.3971,-0.4138,-0.3161,1.0,1.5669,-1.4795,0.2886,0.4145,1.5074,0.2716,2.9489,-1.0,3.0765
146511,2395,43.3962,25.3875,-30.8008,-17.0295,39.9151,-0.4147,-0.8814,1.0,44.4439,-26.816,30.4047,18.2128,40.5407,0.4354,2.2936,-1.0,87.8196
146511,2396,23.1816,6.1766,-1.6812,22.28,6.4013,1.9604,-0.2657,1.0,2.8888,1.3868,0.3458,2.5083,1.4292,1.3284,0.2444,-1.0,2.4941
146511,2397,1.7539,0.4116,-0.7764,-1.5142,0.8787,-1.3125,-1.0834,1.0,9.0318,3.1289,-0.5632,-8.4531,3.1792,-1.7047,-0.1781,-1.0,1.6292
146511,2398,0.8601,-0.6387,-0.4131,0.3872,0.7607,0.4893,-2.5676,-1.0,1.4299,0.8474,-0.8333,0.788,1.1885,0.6221,-0.777,1.0,1.5053
146511,2399,1.1176,-1.0536,0.3158,-0.1673,1.0999,-0.1515,2.8504,-1.0,13.7014,-7.8741,1.6887,-11.0844,8.0532,-1.1242,2.9303,1.0,3.0463
146511,2400,1.5008,-1.0192,-1.0953,0.0532,1.4961,0.0355,-2.3202,1.0,1.5777,0.7723,1.3586,-0.1895,1.5628,-0.121,1.0539,-1.0,3.0543
146511,2401,6.9629,1.5485,0.7302,6.7483,1.7121,2.0805,0.4406,1.0,48.3639,-4.3025,23.9276,41.8093,24.3114,1.3108,1.7487,-1.0,9.3609
146511,2402,6.5562,-2.9087,-4.2937,-4.0094,5.1862,-0.7115,-2.1662,1.0,7.5746,-4.6346,5.0416,-3.2351,6.8482,-0.4564,2.3142,-1.0,9.4728
146511,2403,52.2182,33.4785,2.6479,-39.9864,33.583,-1.01,0.0789,1.0,41.3446,-31.2205,3.0801,26.9288,31.3721,0.7776,3.0433,-1.0,92.4424
146511,2404,6.7318,3.6283,-1.5688,-5.4479,3.953,-1.1252,-0.4081,1.0,9.6479,-6.1246,-0.7997,-7.4108,6.1766,-1.0159,-3.0118,-1.0,9.5449
146511,2405,4.0886,0.9412,2.2343,-3.2905,2.4244,-1.1129,1.1721,1.0,3.3887,0.7587,-0.8791,-3.1818,1.1612,-1.7329,-0.8588,-1.0,3.0485
146511,2406,5.8597,1.1903,-0.3237,5.7274,1.2335,2.2399,-0.2655,-1.0,1.1147,-0.4564,-0.947,0.3552,1.0513,0.3318,-2.0199,1.0,3.0806
146511,2407,2.9007,1.0251,1.9953,-1.836,2.2433,-0.747,1.0962,-1.0,10.8675,2.6682,-4.4187,9.5628,5.1618,1.3757,-1.0276,1.0,10.5046
146511,2408,6.0583,1.1011,-4.997,-3.2418,5.1169,-0.5974,-1.3539,-1.0,1.051,0.1316,-0.4831,-0.918,0.5007,-1.3665,-1.3048,1.0,1.2987
146511,2409,50.454,-49.8924,6.8966,-2.9634,50.3668,-0.0588,3.0042,1.0,47.9332,39.339,12.1959,-24.521,41.1862,-0.5649,0.3006,-1.0,91.9171
146511,2410,2.9206,-1.2457,-1.2389,2.3306,1.7569,1.0946,-2.3589,-1.0,1.4695,1.2995,0.1256,0.6661,1.3056,0.4903,0.0964,1.0,3.0083
146511,2411,49.8691,-23.1478,4.4007,-43.9514,23.5624,-1.3817,2.9537,-1.0,51.9417,47.3505,6.0284,20.4822,47.7327,0.4169,0.1266,1.0,95.4992
146511,2412,10.3227,-1.4625,-1.3059,10.1342,1.9607,2.345,-2.4127,-1.0,5.6347,-1.0312,-1.3763,5.3648,1.7197,1.8556,-2.2138,1.0,1.0028
146511,2413,9.0362,7.3244,-4.5845,2.6414,8.6409,0.3011,-0.5593,1.0,10.2181,-7.6502,5.3109,-4.2034,9.3129,-0.4373,2.5348,-1.0,19.1743
146511,2414,2.1315,1.936,0.8121,0.353,2.0994,0.1674,0.3972,-1.0,2.0196,0.7584,1.8539,-0.2355,2.003,-0.1173,1.1825,1.0,1.6883
146511,2415,1.9529,-0.6011,0.1531,1.8488,0.6203,1.8122,2.8922,1.0,13.6447,-4.0988,5.2332,11.9156,6.6473,1.3468,2.2352,-1.0,1.6516
146511,2416,1.5719,1.2289,0.8675,-0.4438,1.5043,-0.2909,0.6147,1.0,0.5734,0.3973,0.0246,0.399,0.3981,0.883,0.0619,-1.0,1.077
146511,2417,7.1415,6.1254,3.5027,-1.0954,7.0562,-0.1546,0.5195,1.0,4.6101,3.5167,2.5424,-1.5528,4.3395,-0.3506,0.626,-1.0,1.2545
146511,2418,3.6451,-2.0724,-2.8636,0.8836,3.5349,0.2474,-2.1972,-1.0,1.7548,-0.0282,1.2265,1.2503,1.2268,0.8949,1.5938,1.0,4.185
146511,2419,72.1631,-24.746,-51.0848,44.5588,56.7628,0.7209,-2.0219,-1.0,28.0347,7.4902,18.673,-19.523,20.1193,-0.8603,1.1893,1.0,89.8027
146511,2420,1.0736,0.4832,0.6385,-0.7073,0.8007,-0.7964,0.923,-1.0,0.9095,-0.513,-0.5745,0.472,0.7703,0.5797,-2.2997,1.0,1.9678
146511,2421,5.0268,0.3614,2.7001,-4.2233,2.7242,-1.2223,1.4377,1.0,3.4228,0.8998,-2.5892,2.0472,2.7411,0.6906,-1.2363,-1.0,8.0658
146511,2422,15.4867,-9.603,-2.1605,-11.9557,9.8431,-1.0253,-2.9203,-1.0,2.129,1.897,-0.8707,-0.406,2.0873,-0.1933,-0.4303,1.0,9.4302
146511,2423,6.862,-2.0847,6.5172,-0.5059,6.8425,-0.0739,1.8804,-1.0,1.252,-0.6399,0.988,-0.4131,1.1771,-0.3441,2.1455,1.0,1.1137
146511,2424,45.3736,-19.0746,38.4915,14.6053,42.9585,0.3338,2.0309,1.0,44.7022,18.751,-37.8361,-14.6665,42.2276,-0.3407,-1.1107,-1.0,90.0728
146511,2425,1.0584,0.9793,0.3777,-0.0868,1.0496,-0.0826,0.3681,-1.0,2.6674,-1.7899,-0.3384,1.9457,1.8216,0.9287,-2.9547,1.0,3.1254
146511,2426,14.1655,-3.7782,-1.2403,-13.5955,3.9766,-1.9432,-2.8244,1.0,15.4159,-2.9687,-0.1905,-15.1258,2.9748,-2.3289,-3.0775,-1.0,1.6063
146511,2427,3.1042,2.3081,-0.7272,1.9413,2.4199,0.7344,-0.3052,1.0,5.547,0.3165,-2.2448,5.0615,2.267,1.5431,-1.4307,-1.0,3.1753
146511,2428,1.6165,0.0412,-0.4971,-1.534,0.4988,-1.842,-1.4881,1.0,1.4529,0.1131,-0.0671,1.4431,0.1315,3.0909,-0.5354,-1.0,3.0118
146511,2429,8.0676,-4.1789,-1.7012,-6.6871,4.5119,-1.1848,-2.755,-1.0,7.5873,-5.3894,-4.9196,2.0755,7.2971,0.2807,-2.4017,1.0,9.4032
146511,2430,7.0532,-4.8906,-2.6597,4.3294,5.5671,0.7151,-2.6435,-1.0,8.43,1.1818,4.1047,7.2669,4.2714,1.3015,1.2905,1.0,9.4557
146511,2431,2.0526,1.1864,-0.8972,1.4104,1.4874,0.8443,-0.6474,1.0,1.1389,-0.7123,0.7352,-0.4878,1.0237,-0.4601,2.3404,-1.0,3.0138
146511,2432,3.9922,0.8334,3.8762,0.4543,3.9648,0.1143,1.359,1.0,8.6093,-1.675,7.5876,3.7057,7.7703,0.4605,1.7881,-1.0,3.0602
146511,2433,3.7373,-3.3932,-0.9186,1.2645,3.5153,0.3524,-2.8772,1.0,8.9094,-8.8077,-0.4136,1.2725,8.8174,0.1438,-3.0947,-1.0,1.6931
146511,2434,1.0954,1.0044,-0.1601,-0.3927,1.0171,-0.3771,-0.1581,-1.0,3.1175,-0.1453,-0.0856,3.1112,0.1686,3.6091,-2.6092,1.0,3.092
146511,2435,47.7734,-19.4723,2.648,-43.5442,19.6515,-1.5362,3.0064,-1.0,46.1511,30.5144,-13.0367,32.0754,33.1826,0.8576,-0.4038,1.0,91.9805
146511,2436,1.2476,0.6968,0.5629,0.8619,0.8957,0.8544,0.6795,-1.0,2.8183,-1.93,-1.697,1.152,2.57,0.4345,-2.4204,1.0,3.1094
146511,2437,1.7447,-0.2913,-0.2206,-1.7027,0.3654,-2.2434,-2.4935,1.0,2.0485,-1.8097,0.2744,0.9136,1.8304,0.4804,2.9911,-1.0,3.0574
146511,2438,1.2447,-1.0801,0.1196,0.5977,1.0867,0.5255,3.0313,-1.0,1.4835,1.473,-0.1262,0.0627,1.4784,0.0424,-0.0855,1.0,2.6177
146511,2439,3.3305,-2.5537,-1.7983,1.1515,3.1233,0.3608,-2.5281,1.0,8.8416,3.2156,6.4564,5.1126,7.2129,0.6599,1.1087,-1.0,9.3159
146511,2440,51.1729,28.6827,-27.8554,-31.938,39.9827,-0.7317,-0.7708,1.0,40.9224,-26.7922,23.1964,20.4629,35.4386,0.5494,2.428,-1.0,91.2391
146511,2441,0.8828,-0.3371,0.1871,-0.7871,0.3856,-1.462,2.6349,-1.0,24.6773,-9.925,11.9553,-19.1709,15.5382,-1.0374,2.2637,1.0,1.4995
146511,2442,0.5398,-0.18,0.0367,-0.4965,0.1837,-1.7199,2.9404,1.0,9.9418,-1.2379,5.6203,-8.1061,5.755,-1.1429,1.7876,-1.0,1.3597
146511,2443,7.8976,0.5622,2.5789,7.4427,2.6395,1.7599,1.3561,1.0,8.052,-0.9922,3.4275,7.2175,3.5682,1.4537,1.8526,-1.0,1.7911
146511,2444,0.8052,0.1311,0.3051,-0.7258,0.3321,-1.5237,1.1649,-1.0,3.0972,-0.8509,2.4427,-1.7001,2.5867,-0.6173,1.906,1.0,1.1288
146511,2445,4.1604,-3.1313,0.1207,2.7346,3.1336,0.7884,3.1031,1.0,1.9619,0.1153,-1.203,1.5419,1.2085,1.0637,-1.4752,-1.0,2.9877
146511,2446,0.8915,0.1286,-0.5262,-0.7001,0.5417,-1.0738,-1.3311,1.0,10.364,0.4727,-2.6716,-10.002,2.7131,-2.0157,-1.3957,-1.0,1.2503
146511,2447,4.1405,-0.4833,3.6128,1.9614,3.6449,0.515,1.7038,1.0,7.0392,-3.9334,-4.8206,-3.2907,6.2218,-0.5069,-2.2552,-1.0,10.112
146511,2448,1.7727,-1.1614,-0.709,1.1313,1.3607,0.757,-2.5935,-1.0,10.5296,-4.9418,2.7759,8.8733,5.668,1.2306,2.6298,1.0,3.1202
146511,2449,1.5826,-0.1493,1.1721,1.0475,1.1815,0.7989,1.6975,1.0,2.3677,-0.7372,-1.9658,1.0894,2.0995,0.4981,-1.9296,-1.0,3.1019
146511,2450,2.4331,0.418,1.4495,1.9061,1.5086,1.056,1.29,1.0,1.1235,0.5846,-0.7791,-0.5498,0.9741,-0.5381,-0.9271,-1.0,3.0587
146511,2451,1.4812,-0.6292,1.1774,0.633,1.335,0.458,2.0616,1.0,1.7952,1.3862,-1.1078,0.2501,1.7745,0.1405,-0.6742,-1.0,3.0621
146511,2452,2.8175,1.5491,-1.4783,-1.8282,2.1412,-0.7742,-0.762,-1.0,2.775,-0.7455,0.4074,-2.6396,0.8495,-1.8518,2.6414,1.0,3.0858
146511,2453,4.185,2.8853,2.9369,-0.7431,4.1171,-0.1795,0.7943,1.0,5.3478,-3.8948,-2.9627,2.1542,4.8936,0.4271,-2.4913,-1.0,9.3736
146511,2454,0.8551,0.6344,-0.5258,-0.2027,0.824,-0.2436,-0.6921,1.0,2.9244,-1.6181,1.9443,1.4637,2.5295,0.5504,2.2649,-1.0,3.1168
146511,2455,13.6908,-1.8258,-1.8765,13.4377,2.6181,2.3381,-2.3425,1.0,24.1485,-7.0027,-0.1431,23.1102,7.0042,1.9091,-3.1212,-1.0,3.7474
146511,2456,3.0121,2.1844,-1.2989,-1.6134,2.5414,-0.5985,-0.5364,1.0,1.1633,-0.0883,-0.3469,1.1018,0.358,1.8429,-1.8202,-1.0,3.1734
146511,2457,8.4379,6.7777,4.0181,3.0174,7.8793,0.3742,0.5351,1.0,10.2026,4.1254,-1.9368,9.1275,4.5575,1.4449,-0.4389,-1.0,8.7612
146511,2458,3.8176,-1.1747,-0.1495,-3.6278,1.1842,-1.8384,-3.015,-1.0,4.2611,-0.9696,-1.1783,-3.9771,1.5259,-1.686,-2.2593,1.0,1.0347
146511,2459,5.6473,-0.3878,3.9303,-4.0352,3.9494,-0.8967,1.6691,-1.0,1.9872,0.7373,1.4755,-1.1032,1.6495,-0.6269,1.1074,1.0,1.5928
146511,2460,45.1834,-39.2361,-7.8792,-20.9757,40.0194,-0.5027,-2.9434,-1.0,45.4794,39.6308,7.7234,20.9311,40.3764,0.4976,0.1925,1.0,90.6618
146511,2461,4.7452,-0.7122,1.3724,4.485,1.5462,1.7865,2.0495,1.0,13.3423,-6.6985,2.0743,11.3504,7.0123,1.2588,2.8413,-1.0,3.0982
146511,2462,1.731,-0.3818,-0.68,-1.5418,0.7798,-1.4333,-2.0824,1.0,10.7516,4.7469,-1.6613,-9.5022,5.0292,-1.3931,-0.3367,-1.0,3.051
146511,2463,1.637,0.7438,-0.7686,1.2347,1.0696,0.9865,-0.8017,-1.0,1.672,-0.4793,-0.0451,-1.5977,0.4814,-1.9147,-3.0478,1.0,3.1757
146511,2464,6.6731,-4.3259,-3.1376,-3.9952,5.344,-0.6912,-2.5141,-1.0,4.4919,3.2532,3.035,-0.6101,4.4491,-0.1367,0.7507,1.0,10.1138
146511,2465,1.6799,1.1103,1.1798,-0.4314,1.6201,-0.2632,0.8157,1.0,1.7301,-0.3636,-1.5721,-0.615,1.6137,-0.3724,-1.7981,-1.0,3.134
146511,2466,4.6912,-1.9508,3.0956,-2.934,3.659,-0.7341,2.1331,1.0,4.8767,3.7428,-1.9702,2.425,4.2297,0.5458,-0.4845,-1.0,9.3171
146511,2467,1.5486,-0.3988,-0.9487,1.1523,1.0291,0.9635,-1.9687,-1.0,1.7266,-0.4443,1.3286,-1.0038,1.4009,-0.6662,1.8935,1.0,3.1384
146511,2468,6.27,1.8628,1.4212,5.8148,2.343,1.6404,0.6517,-1.0,0.6685,-0.6469,0.0265,0.1286,0.6474,0.1974,3.1006,1.0,3.0403
146511,2469,23.5103,20.9906,4.6532,9.5113,21.5002,0.4291,0.2182,1.0,14.9921,-14.8375,-0.0901,2.1427,14.8378,0.1439,-3.1355,-1.0,35.8878
146511,2470,8.4082,0.8561,-8.3306,-0.7454,8.3744,-0.0889,-1.4684,1.0,2.0795,-0.3475,-1.8562,-0.8644,1.8884,-0.4431,-1.7558,-1.0,1.8365
146511,2471,7.7272,0.6724,7.6458,-0.8881,7.6753,-0.1155,1.4831,1.0,2.969,-0.5502,-2.9156,0.0173,2.9671,0.0058,-1.7573,-1.0,9.5531
146511,2472,2.6513,1.2635,0.3327,-2.3046,1.3066,-1.3328,0.2574,1.0,5.1912,-0.8747,-1.8796,-4.7581,2.0732,-1.5683,-2.0064,-1.0,3.0132
146511,2473,1.1844,0.8665,0.029,0.7999,0.867,0.8256,0.0335,1.0,9.2733,5.8603,2.9087,6.5711,6.5425,0.8845,0.4607,-1.0,1.0727
146511,2474,0.8008,0.5242,-0.5913,0.0749,0.7902,0.0946,-0.8455,-1.0,1.8702,-0.7464,-1.3358,1.0701,1.5302,0.6521,-2.0804,1.0,1.4353
146511,2475,16.8323,6.0787,9.6516,-12.3778,11.4064,-0.9403,1.0087,-1.0,3.4552,0.7372,1.9447,-2.7572,2.0797,-1.094,1.2085,1.0,1.2585
146511,2476,1.486,0.4994,0.1349,-1.389,0.5173,-1.7139,0.2639,1.0,0.8481,0.8006,0.131,-0.2235,0.8112,-0.2722,0.1622,-1.0,1.0425
146511,2477,4.6108,-4.0309,1.7174,-1.4321,4.3815,-0.3213,2.7388,-1.0,3.0196,1.9695,-1.9804,1.1427,2.793,0.3985,-0.7881,1.0,7.3362
146511,2478,10.7155,-1.4051,-1.8957,-10.4519,2.3597,-2.1939,-2.2087,-1.0,11.8527,-4.2062,-1.4683,-10.9831,4.4551,-1.6343,-2.8057,1.0,2.6574
146511,2479,44.9367,38.249,2.2068,23.4827,38.3126,0.5799,0.0576,-1.0,47.5863,-38.9294,13.2989,-23.9183,41.1383,-0.5528,2.8124,1.0,91.2109
146511,2480,1.0437,-0.4946,-0.8275,-0.3856,0.9641,-0.39,-2.1095,-1.0,1.5687,-1.4701,0.0925,-0.5291,1.473,-0.3519,3.0788,1.0,1.26
146511,2481,14.747,-8.784,10.8555,-4.7396,13.9643,-0.3332,2.2511,-1.0,5.2896,-0.3412,-1.6694,5.0065,1.704,1.7987,-1.7724,1.0,15.2886
146511,2482,5.0474,-4.5155,2.1528,0.6641,5.0024,0.1324,2.6967,-1.0,4.4945,4.2056,-1.3948,0.7461,4.4308,0.1676,-0.3202,1.0,9.4015
146511,2483,1.1875,0.0374,-0.351,1.1289,0.353,1.8793,-1.4647,1.0,2.5953,-0.9541,1.0594,-2.1661,1.4257,-1.2054,2.3039,-1.0,3.4485
146511,2484,4.7606,-4.462,-0.9569,-1.3515,4.5635,-0.292,-2.9303,-1.0,4.7218,3.9351,0.7304,2.5031,4.0023,0.5905,0.1835,1.0,9.3947
146511,2485,0.5297,0.2231,0.282,0.3742,0.3596,0.9098,0.9014,-1.0,0.5349,-0.3654,-0.3215,-0.1951,0.4867,-0.3908,-2.42,1.0,1.039
146511,2486,2.8632,-1.8242,0.9818,-1.9736,2.0717,-0.8475,2.6478,-1.0,31.1329,8.718,1.5789,-29.8455,8.8599,-1.929,0.1792,1.0,9.4447
146511,2487,9.1982,4.2575,-1.4234,-8.0277,4.4891,-1.3447,-0.3227,1.0,9.6435,6.1559,6.6481,-3.3008,9.0605,-0.3567,0.8238,-1.0,9.5364
146511,2488,1.5097,0.2075,-1.2482,-0.8167,1.2653,-0.6074,-1.4061,-1.0,11.6385,3.0775,-4.5369,-10.2659,5.4822,-1.3852,-0.9748,1.0,2.4067
146511,2489,4.9736,1.98,-0.261,4.5538,1.9971,1.5623,-0.131,-1.0,0.7509,-0.1602,0.7207,-0.0872,0.7383,-0.1179,1.7895,1.0,3.049
146511,2490,33.6291,-32.8098,-1.876,-7.1349,32.8633,-0.2154,-3.0845,1.0,70.9508,64.0422,-9.6938,28.9592,64.7717,0.4334,-0.1502,-1.0,96.7023
146511,2491,2.5254,-1.8899,-0.4589,1.6076,1.9448,0.7533,-2.9034,1.0,5.3139,-1.138,-1.9386,4.8138,2.248,1.5051,-2.1016,-1.0,2.303
146511,2492,15.3634,4.8737,-1.2718,-14.5139,5.0369,-1.7803,-0.2552,1.0,9.2097,3.0454,0.2008,-8.6886,3.052,-1.7689,0.0658,-1.0,1.2732
146511,2493,58.7746,-48.6655,15.0065,29.3413,50.9267,0.5483,2.8425,1.0,51.3134,42.7694,12.7987,25.2987,44.6433,0.54,0.2908,-1.0,91.2466
146511,2494,51.3797,-31.1179,-7.3141,40.2249,31.966,1.0528,-2.9107,1.0,38.9744,25.6224,7.551,-28.3808,26.7119,-0.9249,0.2866,-1.0,89.4054
146511,2495,0.1658,0.0272,-0.0492,-0.1147,0.0562,-1.4614,-1.0652,1.0,2.7884,-1.9795,-1.5884,1.1501,2.538,0.4389,-2.4654,-1.0,1.0781
146511,2496,1.4979,0.4704,-0.2555,-1.395,0.5353,-1.6859,-0.4975,-1.0,1.6491,-0.3357,0.3717,1.5676,0.5009,1.8587,2.3053,1.0,3.1372
146511,2497,3.3919,-1.212,-2.5977,1.8102,2.8666,0.5956,-2.0073,-1.0,2.7296,2.1207,1.4833,-0.8614,2.588,-0.327,0.6103,1.0,5.8741
146511,2498,2.9575,2.8272,-0.8258,-0.2465,2.9453,-0.0836,-0.2842,1.0,7.5114,-7.3583,-0.5495,1.4015,7.3788,0.1888,-3.0671,-1.0,9.2651
146511,2499,3.1097,0.941,0.3115,-2.9456,0.9912,-1.8094,0.3196,1.0,12.7767,-6.8996,1.541,-10.6421,7.0696,-1.1977,2.9218,-1.0,5.3682
146511,2500,7.9711,-2.6542,3.1835,-6.8079,4.1448,-1.2713,2.2658,1.0,6.0212,-2.0053,1.5224,-5.4685,2.5177,-1.518,2.4922,-1.0,1.1031
146511,2501,0.804,0.7087,-0.3042,-0.2013,0.7712,-0.2582,-0.4055,-1.0,11.5484,0.3051,-8.3539,-7.967,8.3595,-0.8478,-1.5343,1.0,3.1416
146511,2502,50.4315,16.7109,43.9361,-18.2672,47.0068,-0.3794,1.2073,-1.0,43.979,-18.4705,-39.7088,4.0245,43.7944,0.0918,-2.0062,1.0,93.2176
146511,2503,1.9419,-1.7286,-0.5848,0.6554,1.8249,0.3518,-2.8154,1.0,11.5495,11.4244,1.639,-0.419,11.5414,-0.0363,0.1425,-1.0,9.3188
146511,2504,8.4996,-1.8769,1.6012,8.133,2.4671,1.9083,2.4353,-1.0,9.1104,3.2969,-1.7619,-8.3075,3.7382,-1.5389,-0.4908,1.0,17.551
146511,2505,2.6779,0.0823,-1.9346,1.8467,1.9364,0.8482,-1.5283,1.0,0.7664,0.516,-0.5535,0.0608,0.7567,0.0803,-0.8204,-1.0,1.2947
146511,2506,35.9559,-7.2638,-11.7067,33.2115,13.7772,1.6135,-2.1261,1.0,57.8018,9.6423,-3.3705,-56.892,10.2144,-2.4185,-0.3363,-1.0,89.4246
146511,2507,43.5318,36.0022,-12.3431,21.1304,38.0593,0.53,-0.3303,-1.0,53.4349,-36.6863,6.4525,-38.3113,37.2494,-0.9014,2.9675,1.0,95.248
146511,2508,0.9259,-0.7353,0.3235,0.4481,0.8033,0.5323,2.7271,-1.0,1.2019,-0.035,-0.2917,1.1606,0.2938,2.0827,-1.6902,1.0,1.1598
146511,2509,7.173,-0.1406,-1.8021,-6.9408,1.8075,-2.0551,-1.6487,-1.0,0.5117,0.4714,0.1184,0.1205,0.486,0.2455,0.246,1.0,3.0978
146511,2510,3.8471,-2.4983,-0.5029,2.88,2.5484,0.9705,-2.9429,1.0,6.2659,-2.8431,-0.0273,5.5827,2.8433,1.4272,-3.132,-1.0,1.3578
146511,2511,14.3556,3.2472,-7.617,11.7265,8.2803,1.1474,-1.1678,-1.0,11.5602,-4.9846,-2.8209,10.0411,5.7274,1.3275,-2.6266,1.0,9.2647
146511,2512,2.5712,-0.628,1.1924,2.1871,1.3476,1.2611,2.0555,1.0,18.7107,-5.7626,6.4633,16.586,8.6592,1.4052,2.2989,-1.0,1.0177
146511,2513,12.9043,5.1472,-0.359,11.8274,5.1597,1.5672,-0.0696,1.0,4.8991,-0.1873,3.9217,2.9283,3.9262,0.6898,1.6185,-1.0,7.87
146511,2514,8.1737,4.0872,5.8079,4.0451,7.1019,0.5426,0.9576,1.0,1.2939,1.0539,0.6941,-0.2654,1.262,-0.2088,0.5824,-1.0,2.5774
146511,2515,3.4112,-1.553,2.9973,0.4791,3.3757,0.1415,2.0489,1.0,8.393,-1.9871,-5.4406,-6.0731,5.7921,-0.9153,-1.921,-1.0,9.4627
146511,2516,24.1728,3.952,6.9157,22.8226,7.9653,1.775,1.0516,1.0,9.2518,1.0955,1.8199,9.004,2.1241,2.1511,1.0289,-1.0,1.5769
146511,2517,7.5475,-3.4601,6.117,2.7502,7.0278,0.382,2.0856,1.0,4.3683,-2.1462,3.0751,2.238,3.75,0.5661,2.1801,-1.0,1.086
146511,2518,0.4719,-0.4488,0.0673,-0.0748,0.4538,-0.1642,2.9929,1.0,1.1676,0.5939,-0.7137,0.7,0.9285,0.6963,-0.8768,-1.0,1.3632
146511,2519,12.613,3.9337,-5.1223,10.8335,6.4585,1.2893,-0.9159,-1.0,6.6595,2.1248,3.6453,5.1512,4.2194,1.0292,1.0431,1.0,8.7769
146511,2520,5.2347,-0.1815,-5.2136,0.4191,5.2168,0.0803,-1.6056,-1.0,3.9884,1.2241,-3.6221,1.1304,3.8234,0.2915,-1.2449,1.0,1.8724
146511,2521,2.8837,2.704,-0.4518,0.8881,2.7415,0.3185,-0.1656,1.0,1.5065,0.3102,0.213,-1.4549,0.3763,-2.0619,0.6017,-1.0,3.1322
146511,2522,2.3796,-0.8243,-1.2133,1.8707,1.4668,1.0633,-2.1676,-1.0,3.0917,-1.7805,-0.3395,2.5024,1.8126,1.1266,-2.9532,1.0,1.2705
146511,2523,4.2037,-2.5435,2.3888,-2.3419,3.4894,-0.6289,2.3876,1.0,1.0228,0.8297,0.5277,-0.261,0.9833,-0.2624,0.5665,-1.0,3.0164
146511,2524,46.7493,-1.2757,-17.4057,-43.3693,17.4524,-1.6416,-1.644,1.0,44.4891,4.2829,17.809,40.5434,18.3167,1.5352,1.3348,-1.0,91.1441
146511,2525,2.4774,-1.2992,-0.5218,2.0412,1.4001,1.1712,-2.7597,-1.0,2.4721,0.7123,0.3995,-2.3309,0.8167,-1.7713,0.5111,1.0,4.9046
146511,2526,16.4607,2.4103,2.7921,16.0418,3.6885,2.1761,0.8586,-1.0,113.4037,-30.2254,-31.9179,-104.5374,43.9582,-1.601,-2.329,1.0,86.089
146511,2527,63.1232,18.0279,50.465,33.3586,53.5885,0.588,1.2277,-1.0,38.5065,-1.8654,-37.8872,6.6195,37.9331,0.1736,-1.62,1.0,91.1642
146511,2528,19.106,-10.4193,-11.4901,11.1554,15.5108,0.6683,-2.3074,-1.0,2.6457,1.68,0.0072,2.0411,1.68,1.0255,0.0043,1.0,9.5265
146511,2529,2.4866,-0.1848,1.8604,1.636,1.8696,0.7902,1.6698,1.0,0.9725,0.0059,-0.9218,-0.2913,0.9218,-0.311,-1.5644,-1.0,3.0404
146511,2530,2.7223,2.247,-1.5216,-0.1887,2.7137,-0.0695,-0.5953,-1.0,3.8749,-0.1099,-3.6973,-1.1496,3.6989,-0.306,-1.6005,1.0,3.1509
146511,2531,2.018,-1.2871,-0.168,-1.5415,1.2981,-1.008,-3.0118,1.0,1.8973,1.7409,-0.3516,-0.6591,1.776,-0.363,-0.1993,-1.0,3.1641
146511,2532,1.04,0.9325,0.3562,-0.272,0.9983,-0.2692,0.3649,-1.0,2.3925,-2.3539,-0.1364,0.3916,2.3578,0.1653,-3.0837,1.0,3.1144
146511,2533,0.3829,0.2285,-0.2453,-0.1517,0.3353,-0.4383,-0.8208,-1.0,1.7912,-1.2862,1.035,-0.6869,1.6509,-0.4049,2.464,1.0,1.5104
146511,2534,58.9231,29.4498,-51.0267,0.9559,58.9153,0.0162,-1.0474,-1.0,40.8101,-2.5037,39.1414,11.2754,39.2214,0.2837,1.6347,1.0,94.4974
146511,2535,1.5777,-1.194,-0.2833,-0.9859,1.2272,-0.7353,-2.9087,-1.0,1.4243,1.1124,0.3078,0.8278,1.1542,0.6667,0.2699,1.0,2.9966
146511,2536,4.82,-2.8335,-3.8826,-0.3432,4.8066,-0.0713,-2.2012,-1.0,4.6199,2.8796,3.6088,0.1285,4.6169,0.0278,0.8973,1.0,9.4333
146511,2537,3.7263,-1.1466,0.0145,3.5439,1.1467,1.8467,3.1289,-1.0,7.2743,3.7501,-3.5493,-5.1227,5.1635,-0.8758,-0.7579,1.0,9.9623
146511,2538,0.225,0.063,0.1818,-0.0492,0.1924,-0.253,1.237,-1.0,4.8645,-2.0985,-1.698,4.0454,2.6994,1.194,-2.4613,1.0,1.8684
146511,2539,3.1786,1.9811,-2.0091,1.4598,2.8216,0.4967,-0.7924,-1.0,2.7221,-1.8921,1.3895,-1.374,2.3475,-0.5562,2.5082,1.0,5.8667
146511,2540,8.2722,6.0071,-5.6483,-0.6563,8.2455,-0.0795,-0.7546,1.0,7.3098,2.6618,-6.8045,-0.1875,7.3066,-0.0257,-1.1979,-1.0,3.4447
146511,2541,4.9281,0.6221,-2.0164,-4.4522,2.1102,-1.4917,-1.2716,-1.0,32.5613,9.0704,-11.5873,-29.0463,14.7152,-1.4319,-0.9066,1.0,2.0732
146511,2542,2.273,-1.4691,-0.4374,-1.6751,1.5328,-0.9455,-2.8522,-1.0,4.6382,2.6988,-1.8986,3.258,3.2997,0.8724,-0.6131,1.0,6.188
146511,2543,1.8738,-0.6745,-0.0293,-1.7447,0.6751,-1.6781,-3.0981,-1.0,6.4367,-2.8347,-1.8041,-5.4891,3.3601,-1.2666,-2.5748,1.0,1.0299
146511,2544,2.2192,-0.1347,2.1616,-0.472,2.1658,-0.2163,1.633,1.0,0.623,0.5522,0.1979,-0.1814,0.5866,-0.3046,0.3441,-1.0,1.3818
146511,2545,1.7313,0.1398,0.7564,-1.5474,0.7692,-1.4489,1.388,-1.0,12.3266,-4.4946,-0.5634,-11.4636,4.5298,-1.6586,-3.0169,1.0,3.0553
146511,2546,93.0336,51.0727,-41.195,-65.9529,65.616,-0.885,-0.6787,1.0,58.9523,-9.9875,33.3782,-47.5553,34.8404,-1.1174,1.8615,-1.0,92.0136
146511,2547,2.2721,1.4063,-1.7799,-0.0744,2.2684,-0.0328,-0.9021,1.0,6.606,2.089,-6.266,-0.0452,6.605,-0.0068,-1.249,-1.0,1.3614
146511,2548,4.1156,-2.1267,-0.7808,-3.4343,2.2655,-1.2036,-2.7897,1.0,18.5587,-8.7163,-5.7481,-15.3427,10.441,-1.1777,-2.5586,-1.0,1.1615
146511,2549,12.5887,-2.5814,5.6785,-10.9342,6.2377,-1.3273,1.9975,-1.0,16.7115,3.3456,8.0369,-14.2646,8.7054,-1.2693,1.1763,1.0,5.9017
146511,2550,2.1679,0.6535,-1.5344,1.381,1.6678,0.7544,-1.1682,-1.0,2.9008,0.3523,-0.7932,2.7659,0.8679,1.8759,-1.1529,1.0,1.4372
146511,2551,3.2632,-2.2413,2.045,-1.1966,3.0341,-0.3848,2.402,1.0,2.7466,-2.4547,-0.7672,-0.9585,2.5718,-0.3646,-2.8387,-1.0,2.7908
146511,2552,6.5063,-0.2494,3.0797,5.7249,3.0898,1.3758,1.6516,-1.0,5.6586,0.4024,-0.0587,5.643,0.4067,3.3246,-0.1449,1.0,3.0996
146511,2553,48.9186,27.2007,-34.256,21.9013,43.7419,0.4818,-0.8997,-1.0,47.5282,-16.3326,42.4188,13.8857,45.4544,0.3009,1.9383,1.0,88.5242
146511,2554,32.0067,8.089,-2.5316,-30.8639,8.4759,-2.0039,-0.3033,-1.0,1.0684,0.245,-0.26,-1.0013,0.3572,-1.7542,-0.815,1.0,1.1503
146511,2555,1.5362,-1.2313,0.1391,0.9019,1.2391,0.6753,3.0291,-1.0,1.5255,1.2272,-0.1396,-0.889,1.2352,-0.6688,-0.1133,1.0,3.0617
146511,2556,4.0851,3.3147,-2.3849,-0.042,4.0835,-0.0103,-0.6237,1.0,0.2516,-0.0797,-0.2106,-0.0383,0.2251,-0.1692,-1.9324,-1.0,1.2644
146511,2557,1.4806,0.133,-1.4139,0.4053,1.4202,0.2816,-1.477,-1.0,3.0443,1.4377,-2.5163,-0.9262,2.8981,-0.3144,-1.0517,1.0,1.5132
146511,2558,2.3511,-0.2494,1.5107,1.7811,1.5312,0.9922,1.7344,1.0,10.2925,-5.379,2.3287,8.4598,5.8615,1.1629,2.733,-1.0,2.9268
146511,2559,1.1175,0.2723,0.663,-0.8508,0.7168,-1.0076,1.1811,-1.0,7.1149,-5.5324,2.4939,-3.7127,6.0685,-0.5789,2.7181,1.0,3.0516
146511,2560,4.5656,0.6578,-3.9472,-2.1955,4.0017,-0.5243,-1.4057,-1.0,3.3674,-0.8359,-3.1814,0.7127,3.2894,0.215,-1.8277,1.0,3.1439
146511,2561,1.7288,0.3285,-1.6561,0.3561,1.6884,0.2094,-1.375,-1.0,1.43,-0.1738,1.4057,0.1654,1.4164,0.1165,1.6938,1.0,3.1015
146511,2562,1.3797,-0.3398,-0.3489,1.2866,0.487,1.6986,-2.3429,1.0,3.6877,-3.6096,0.5227,-0.5345,3.6473,-0.146,2.9978,-1.0,3.0799
146511,2563,0.989,0.7085,0.3598,0.5793,0.7947,0.6762,0.4699,1.0,4.695,1.6381,2.6685,3.4968,3.1312,0.9616,1.0202,-1.0,1.0083
146511,2564,1.0178,0.333,-0.9503,-0.1044,1.0069,-0.1035,-1.2337,1.0,2.8512,-0.1233,1.9393,-2.0838,1.9432,-0.9316,1.6343,-1.0,3.0265
146511,2565,4.1262,-1.5878,3.5652,1.3351,3.9028,0.3357,1.9898,1.0,4.1874,2.6575,-3.1769,0.6064,4.1419,0.1459,-0.8742,-1.0,8.0031
146511,2566,14.7303,2.7178,-7.3511,-12.4718,7.8374,-1.2444,-1.2167,1.0,5.8207,0.5179,-2.4447,-5.2559,2.4989,-1.4889,-1.3621,-1.0,1.2826
146511,2567,0.7187,0.3735,0.6036,-0.0391,0.7098,-0.0551,1.0166,-1.0,0.3706,-0.1475,-0.3008,-0.1181,0.335,-0.3455,-2.0267,1.0,1.0095
146511,2568,1.6463,0.2729,-0.1776,-1.6103,0.3256,-2.3016,-0.5769,-1.0,1.5654,0.3717,0.3675,1.4717,0.5227,1.7586,0.7798,1.0,3.1375
146511,2569,45.965,-45.5771,2.4339,-5.4382,45.6421,-0.1189,3.0882,1.0,47.2117,46.6755,-3.8057,5.9875,46.8304,0.1275,-0.0814,-1.0,93.1585
146511,2570,3.1968,-0.3154,-1.9776,2.4896,2.0026,1.0433,-1.7289,-1.0,0.7268,0.1121,-0.6906,-0.1659,0.6997,-0.2349,-1.4099,1.0,1.6835
146511,2571,1.09,-0.2179,1.0534,-0.1402,1.0757,-0.13,1.7747,1.0,2.5749,0.1105,-1.6711,1.9531,1.6747,0.9941,-1.5048,-1.0,3.1229
146511,2572,4.1445,2.7193,-2.2813,2.1369,3.5495,0.5706,-0.698,-1.0,13.1804,-0.4107,6.1455,11.6523,6.1592,1.3942,1.6375,1.0,9.4736
146511,2573,2.9117,-2.5937,1.012,0.8459,2.7841,0.2993,2.7696,-1.0,10.3238,0.8772,-5.4531,-8.7215,5.5232,-1.2378,-1.4113,1.0,9.5122
146511,2574,2.2503,-0.5341,1.3251,1.7354,1.4287,1.0253,1.9539,-1.0,5.6514,1.7339,-5.0825,-1.7578,5.3701,-0.3217,-1.242,1.0,6.8469
146511,2575,1.9001,1.7895,0.4941,0.3909,1.8565,0.209,0.2694,1.0,3.9549,0.341,2.5471,3.0043,2.5698,0.996,1.4377,-1.0,2.9943
146511,2576,2.5316,-0.1255,-0.1005,2.5243,0.1608,3.4477,-2.4663,1.0,3.3175,1.5418,-2.6127,1.3385,3.0337,0.428,-1.0377,-1.0,3.1503
146511,2577,26.1355,1.6724,8.0785,24.7991,8.2498,1.8204,1.3667,-1.0,22.9531,9.8234,5.1282,20.1006,11.0814,1.3572,0.4811,1.0,9.3347
146511,2578,1.9085,0.5175,1.1859,1.399,1.2939,0.9377,1.1593,1.0,13.0369,1.2541,6.6831,11.1226,6.7997,1.2678,1.3853,-1.0,1.2308
146511,2579,35.8819,31.2392,17.1234,-4.2896,35.6244,-0.1201,0.5014,1.0,106.9782,23.5289,-50.0703,91.5624,55.3231,1.2778,-1.1315,-1.0,93.3135
146511,2580,0.8752,-0.3521,0.3701,-0.7027,0.5108,-1.1237,2.3312,-1.0,6.401,5.0806,0.1837,3.8879,5.0839,0.7049,0.0361,1.0,4.487
146511,2581,3.1065,1.3517,2.1808,1.7482,2.5657,0.6373,1.0159,1.0,7.753,-2.8102,-2.1426,-6.9,3.5338,-1.4222,-2.4902,-1.0,9.4477
146511,2582,0.3965,0.1494,-0.0364,0.3498,0.1538,1.5602,-0.239,1.0,2.6705,0.4364,-1.4169,-2.2187,1.4826,-1.1928,-1.272,-1.0,1.8598
146511,2583,0.7524,0.0661,0.6962,-0.2565,0.6994,-0.3589,1.4762,1.0,1.1439,-0.2386,-1.0788,0.2768,1.1049,0.248,-1.7885,-1.0,1.8492
146511,2584,0.791,0.2711,0.3951,-0.6204,0.4791,-1.0753,0.9694,1.0,6.9012,0.9518,-3.7498,-5.7139,3.8687,-1.1819,-1.3222,-1.0,2.5093
146511,2585,3.1678,-2.5765,-1.8053,0.3562,3.146,0.113,-2.5304,-1.0,3.1191,2.4731,1.8671,-0.3397,3.0987,-0.1094,0.6467,1.0,6.2857
146511,2586,0.831,0.3522,0.2658,0.6961,0.4413,1.237,0.6466,-1.0,1.3714,-1.1547,0.5431,-0.4914,1.276,-0.3762,2.7019,1.0,1.8736
146511,2587,0.9253,-0.3592,0.841,-0.0928,0.9146,-0.1013,1.9745,1.0,14.3495,-4.5018,-2.2982,-13.4294,5.0545,-1.704,-2.6696,-1.0,4.9716
146511,2588,6.7853,3.3362,-1.7776,-5.6338,3.7802,-1.1894,-0.4896,1.0,1.7454,1.2828,0.2157,-1.1589,1.3008,-0.8021,0.1666,-1.0,1.6905
146511,2589,23.7309,-13.9021,-8.9323,-17.032,16.5243,-0.9029,-2.5705,-1.0,15.4082,7.2999,12.1366,6.0676,14.1628,0.4163,1.0293,1.0,36.8482
146511,2590,6.1437,-1.1387,1.4837,-5.8512,1.8703,-1.8583,2.2254,-1.0,4.6205,2.1803,-3.8456,1.3399,4.4207,0.2986,-1.055,1.0,9.4262
146511,2591,44.8592,1.5577,14.3813,-42.4628,14.4654,-1.7978,1.4629,1.0,44.5695,-2.5773,-13.6394,42.3527,13.8807,1.8345,-1.7576,-1.0,89.4197
146511,2592,28.021,4.6518,5.66,-27.0461,7.3263,-2.0171,0.8829,-1.0,0.8529,-0.1015,-0.2828,-0.7912,0.3004,-1.6957,-1.9154,1.0,3.0277
146511,2593,7.7675,-1.2355,-3.3962,-6.8748,3.6139,-1.3991,-1.9197,1.0,4.684,2.273,3.1957,2.5593,3.9216,0.6134,0.9525,-1.0,11.6319
146511,2594,2.7248,-2.6635,-0.0247,-0.5644,2.6636,-0.2104,-3.1323,-1.0,0.6681,0.6019,0.2023,-0.1789,0.635,-0.2782,0.3242,1.0,2.5841
146511,2595,47.1127,-32.5115,-29.8664,16.45,44.1474,0.3645,-2.3986,-1.0,47.1985,33.0802,29.6456,-15.954,44.4202,-0.3519,0.7307,1.0,94.308
146511,2596,3.3821,-0.4184,2.924,1.6438,2.9538,0.5312,1.7129,1.0,4.269,1.749,3.1911,2.2296,3.639,0.5797,1.0694,-1.0,2.0905
146511,2597,1.034,0.4406,-0.7534,-0.5442,0.8728,-0.5889,-1.0416,-1.0,0.9585,-0.0099,0.8262,0.4742,0.8262,0.5464,1.5828,1.0,1.9428
146511,2598,39.6317,-15.0043,-11.6236,34.7912,18.9799,1.3664,-2.4825,1.0,56.4412,8.5914,18.6193,-52.5843,20.5059,-1.6709,1.1385,-1.0,93.9327
146511,2599,138.2475,-58.1431,45.4715,116.8935,73.8124,1.2403,2.4779,-1.0,27.6306,11.0359,-23.001,10.6116,25.5115,0.4048,-1.1234,1.0,92.3797
146511,2600,4.8901,4.2874,-2.2998,-0.4815,4.8652,-0.0988,-0.4923,1.0,0.5047,0.0279,0.2737,-0.4098,0.2751,-1.189,1.4691,-1.0,2.3629
146511,2601,5.4114,-0.3789,0.7272,-5.3478,0.82,-2.5742,2.0511,-1.0,0.8832,-0.4747,0.73,0.1029,0.8708,0.1179,2.1473,1.0,3.043
146511,2602,1.5164,-1.4704,-0.3542,-0.0276,1.5124,-0.0183,-2.9052,-1.0,12.1501,-8.0021,3.0574,-8.6158,8.5663,-0.8855,2.7766,1.0,3.8767
146511,2603,4.7796,0.7911,-1.9088,4.3086,2.0663,1.4811,-1.1779,-1.0,4.617,-0.7734,1.7925,-4.1826,1.9523,-1.5056,1.9781,1.0,9.395
146511,2604,1.3614,0.3573,1.3087,-0.0422,1.3566,-0.0311,1.3043,-1.0,1.6354,-0.8315,-1.2338,0.6707,1.4878,0.4368,-2.1638,1.0,2.8906
146511,2605,1.4465,-0.5376,-0.1206,-1.3333,0.5509,-1.6171,-2.9209,1.0,0.6383,0.3031,-0.4654,-0.2963,0.5554,-0.511,-0.9935,-1.0,1.1369
146511,2606,6.0246,5.4388,-1.497,2.1126,5.6411,0.3663,-0.2686,1.0,2.221,1.4124,1.2218,1.1974,1.8675,0.6038,0.7132,-1.0,3.1651
146511,2607,1.5295,-1.327,0.7529,0.0214,1.5257,0.0141,2.6255,1.0,1.1665,-0.7902,-0.2483,-0.8145,0.8283,-0.8696,-2.8372,-1.0,1.3792
146511,2608,1.6039,0.5895,-1.2497,-0.8075,1.3818,-0.5554,-1.13,1.0,1.5747,-0.2386,1.118,1.0779,1.1431,0.8404,1.7811,-1.0,3.1449
146511,2609,7.3181,1.3108,0.4112,7.1872,1.3738,2.3569,0.304,1.0,7.3556,1.8631,-1.9417,6.8448,2.691,1.6633,-0.806,-1.0,2.4498
146511,2610,39.3231,28.643,4.1917,-26.614,28.9481,-0.8232,0.1453,-1.0,55.0959,-10.8494,26.5899,47.0193,28.7181,1.2686,1.9582,1.0,85.0555
146511,2611,4.868,0.8863,-3.8699,2.8151,3.9701,0.6601,-1.3457,1.0,4.6211,-0.9278,3.5215,-2.8429,3.6417,-0.7175,1.8284,-1.0,9.4826
146511,2612,9.5438,2.8828,8.5665,3.0621,9.0386,0.3326,1.2462,1.0,10.9619,0.7165,-10.2068,-3.932,10.2319,-0.3754,-1.5007,-1.0,20.1018
146511,2613,2.1422,0.5601,-1.9758,-0.6002,2.0536,-0.2883,-1.2946,1.0,21.6612,-7.3429,3.4661,-20.0815,8.1199,-1.6372,2.7006,-1.0,9.5206
146511,2614,2.2389,-1.4439,-1.6535,-0.4278,2.1951,-0.1937,-2.2886,1.0,3.0201,2.1156,1.2417,1.7585,2.4531,0.6664,0.5308,-1.0,5.0265
146511,2615,2.592,1.2143,1.0465,2.0341,1.6031,1.0593,0.7113,-1.0,5.8352,0.1525,0.3656,5.8208,0.3961,3.3818,1.1757,1.0,2.3359
146511,2616,5.7297,0.5535,1.1899,5.5763,1.3123,2.1535,1.1354,-1.0,7.2846,-0.3254,2.5227,6.8253,2.5436,1.7132,1.6991,1.0,1.3174
146511,2617,4.3415,1.269,-4.0929,0.6892,4.2851,0.1602,-1.2701,1.0,32.0228,10.8539,-15.2943,25.9562,18.7543,1.1287,-0.9536,-1.0,9.4632
146511,2618,3.3587,1.2599,3.0387,-0.6701,3.2895,-0.2023,1.1777,1.0,16.9727,8.9007,-2.9446,-14.1481,9.3751,-1.1998,-0.3195,-1.0,9.5154
146511,2619,96.2058,-34.6077,-35.8499,-82.2961,49.8288,-1.276,-2.3386,-1.0,28.6454,26.255,7.4867,8.6704,27.3015,0.3125,0.2778,1.0,96.3995
146511,2620,54.0265,37.6873,-12.2829,36.7104,39.6384,0.8282,-0.3151,-1.0,50.0293,-44.4525,20.753,9.8083,49.0583,0.1986,2.7048,1.0,92.4452
146511,2621,96.267,19.6749,-12.3582,-93.4211,23.2342,-2.0998,-0.5608,1.0,22.9884,-11.597,-10.3503,16.9361,15.5442,0.9433,-2.4129,-1.0,88.2664
146511,2622,3.5847,3.1755,-1.4759,0.7597,3.5017,0.2153,-0.4351,-1.0,3.3449,-3.3025,0.3194,-0.4111,3.3179,-0.1236,3.0452,1.0,6.8224
146511,2623,45.5838,-39.1952,11.1816,-20.4103,40.759,-0.4819,2.8637,-1.0,44.6329,38.64,-12.104,18.7757,40.4914,0.4485,-0.3036,1.0,90.1954
146511,2624,5.9972,1.0677,-0.4191,-5.8855,1.1471,-2.3378,-0.3741,-1.0,0.4679,-0.0388,-0.2764,0.3604,0.2791,1.073,-1.7102,1.0,3.119
146511,2625,4.6398,1.2935,-1.9486,4.0058,2.3388,1.3073,-0.9848,1.0,2.9969,-0.7345,2.8206,-0.6891,2.9147,-0.2343,1.8255,-1.0,6.8004
146511,2626,1.7061,-0.5468,0.7517,1.4267,0.9295,1.214,2.1996,-1.0,1.7277,1.5842,-0.5517,-0.3994,1.6775,-0.2359,-0.3351,1.0,3.1014
146511,2627,52.2473,-9.6539,-18.2206,-48.0061,20.6201,-1.5814,-2.058,1.0,6.2537,-1.9562,-0.9727,-5.8588,2.1847,-1.7127,-2.6802,-1.0,4.216
146511,2628,2.6545,-1.4493,-0.8188,-2.065,1.6646,-1.0416,-2.6273,-1.0,1.7395,-0.5241,-1.3654,-0.9357,1.4626,-0.6026,-1.9373,1.0,1.2796
146511,2629,9.9004,4.7395,7.9948,-3.4097,9.2941,-0.3591,1.0357,-1.0,9.8694,-3.0211,-7.7364,5.3306,8.3053,0.6044,-1.9431,1.0,19.5994
146511,2630,1.9405,-1.2836,-1.1645,0.8665,1.7331,0.4812,-2.4048,1.0,3.5151,-2.9645,-0.842,1.6874,3.0817,0.5233,-2.8649,-1.0,1.0811
146511,2631,0.4676,0.3388,0.3026,-0.0331,0.4543,-0.0728,0.7289,-1.0,1.2213,-0.8997,-0.8051,-0.1504,1.2073,-0.1243,-2.4117,1.0,1.5004
146511,2632,42.0762,-4.0933,40.2651,11.5049,40.4726,0.2806,1.6721,1.0,56.0453,-2.0206,-29.2573,-47.7597,29.327,-1.264,-1.6398,-1.0,90.3043
146511,2633,3.1556,-1.0429,-1.62,2.4969,1.9266,1.076,-2.1428,1.0,0.8353,0.3973,0.6417,-0.3419,0.7548,-0.4388,1.0165,-1.0,3.1479
146511,2634,23.3887,-7.4511,-0.4938,-22.1643,7.4675,-1.8083,-3.0754,1.0,17.543,-6.4846,-0.5982,-16.2892,6.5121,-1.6477,-3.0496,-1.0,1.1552
146511,2635,11.7107,0.1134,7.0564,9.3447,7.0573,1.0931,1.5547,1.0,14.5695,-0.9824,9.4658,11.0315,9.5166,0.9896,1.6742,-1.0,1.3126
146511,2636,6.068,1.7173,3.7788,-4.425,4.1507,-0.9273,1.1442,1.0,0.26,0.1555,-0.1794,-0.0079,0.2374,-0.0332,-0.8566,-1.0,1.9822
146511,2637,2.6145,0.4212,-0.3746,2.5508,0.5637,2.2148,-0.7269,-1.0,0.7802,-0.3506,-0.3829,0.5727,0.5192,0.9525,-2.3122,1.0,1.0902
146511,2638,3.4235,-2.9056,1.6599,0.7151,3.3463,0.2121,2.6226,1.0,7.111,2.9265,-6.1389,-2.0747,6.8008,-0.3005,-1.1259,-1.0,9.4375
146511,2639,14.9503,-3.3233,-4.3201,-13.9209,5.4505,-1.6671,-2.2265,-1.0,9.467,-0.4246,8.5067,4.1314,8.5173,0.4678,1.6207,1.0,21.6517
146511,2640,0.6958,0.5516,-0.3694,0.1794,0.6639,0.267,-0.5901,1.0,3.9109,-1.5156,1.9392,-3.0375,2.4612,-1.0377,2.2342,-1.0,3.1079
146511,2641,4.7759,2.3071,-4.0112,-1.1775,4.6273,-0.2518,-1.0488,1.0,5.1616,0.0127,5.0927,-0.8343,5.0927,-0.1631,1.5683,-1.0,9.3892
146511,2642,8.5861,-4.1448,0.249,7.5146,4.1523,1.3552,3.0816,-1.0,0.9444,-0.4263,0.8176,0.1746,0.9221,0.1882,2.0514,1.0,3.1105
146511,2643,3.8259,-3.3374,-1.2549,1.3833,3.5656,0.3788,-2.7819,-1.0,10.5362,2.6995,6.2179,8.0653,6.7786,1.0094,1.1612,1.0,9.5893
146511,2644,2.709,1.2551,-0.6341,2.313,1.4062,1.2725,-0.4678,-1.0,1.005,-0.3071,-0.3061,0.9005,0.4336,1.4774,-2.3578,1.0,1.2979
146511,2645,46.954,-41.9462,-14.2854,-15.5279,44.312,-0.3436,-2.8133,1.0,42.5691,37.0929,12.9173,16.4128,39.2777,0.4066,0.3351,-1.0,89.3766
146511,2646,2.4378,0.96,2.0935,-0.7919,2.3031,-0.3374,1.1408,-1.0,1.0791,0.2535,-0.9859,0.3422,1.0179,0.3302,-1.3191,1.0,3.0768
146511,2647,8.3103,6.0857,-5.1822,2.2715,7.9932,0.2805,-0.7054,1.0,6.7785,0.8063,1.448,6.5719,1.6574,2.0862,1.0627,-1.0,9.3821
146511,2648,2.2447,-0.2235,-1.0809,-1.9517,1.1037,-1.3349,-1.7747,1.0,1.9001,1.8421,-0.3322,0.309,1.8718,0.1643,-0.1784,-1.0,3.1407
146511,2649,9.6727,-8.3856,-4.4496,1.8525,9.493,0.1939,-2.6537,1.0,6.2453,-2.9677,3.6674,4.091,4.7177,0.7842,2.2511,-1.0,9.4101
146511,2650,42.6797,-17.2663,-31.979,22.3778,36.3426,0.5823,-2.0659,-1.0,49.2519,9.594,36.0917,-32.1104,37.3451,-0.7787,1.311,1.0,90.9995
146511,2651,5.6215,-0.6466,5.4508,-1.2085,5.489,-0.2184,1.6889,-1.0,2.1331,-0.8209,1.9319,0.3644,2.0991,0.1727,1.9726,1.0,1.6622
146511,2652,5.1263,1.6377,-4.6918,-1.2541,4.9694,-0.2498,-1.235,1.0,4.6649,-3.5142,3.0317,0.4575,4.6412,0.0984,2.4298,-1.0,9.4316
146511,2653,2.5217,0.5036,-0.5708,-2.4018,0.7612,-1.8664,-0.8478,-1.0,10.5067,-3.755,-0.0882,-9.8119,3.756,-1.6882,-3.1181,1.0,3.0924
146511,2654,3.5848,-1.1771,0.2039,3.3782,1.1946,1.7626,2.9701,1.0,1.1079,-0.3738,-0.736,0.7314,0.8255,0.7984,-2.0407,-1.0,1.5635
146511,2655,43.1438,13.9822,-35.6244,19.9192,38.2701,0.4995,-1.1968,-1.0,45.1692,-14.3518,38.3967,-18.9725,40.9913,-0.4477,1.9285,1.0,88.2635
146511,2656,6.1748,-0.4466,-5.851,-1.9192,5.868,-0.3215,-1.647,1.0,2.3129,0.829,-1.5941,-1.4526,1.7968,-0.7392,-1.0913,-1.0,2.2575
146511,2657,2.2924,-0.9824,-0.4241,2.0246,1.07,1.3943,-2.734,1.0,4.7163,2.0372,-2.3317,3.556,3.0963,0.9826,-0.8527,-1.0,3.0449
146511,2658,3.2563,1.7612,0.0073,-2.7369,1.7612,-1.2243,0.0042,-1.0,5.4981,1.9189,0.936,-5.0656,2.135,-1.5989,0.4538,1.0,1.1528
146511,2659,1.0305,-0.1683,-0.7078,0.7221,0.7275,0.8761,-1.8043,-1.0,5.5188,2.2289,-1.9207,4.6679,2.9422,1.2418,-0.7113,1.0,1.639
146511,2660,9.6352,5.3965,-7.9339,-0.8707,9.5952,-0.0906,-0.9735,-1.0,2.826,-0.8325,1.8535,-1.9613,2.0318,-0.8566,1.9929,1.0,9.4583
146511,2661,3.9257,1.0278,0.9782,-3.6588,1.4189,-1.6761,0.7607,1.0,1.9804,1.0624,-0.34,-1.6329,1.1154,-1.1746,-0.3097,-1.0,1.4502
146511,2662,2.5733,-1.0635,-0.3989,2.3067,1.1359,1.4573,-2.7828,1.0,0.7757,0.1325,0.738,-0.1684,0.7498,-0.2227,1.3932,-1.0,2.3794
146511,2663,16.2288,-5.4682,5.716,-14.1701,7.9104,-1.3462,2.334,-1.0,6.5589,-2.0039,4.1491,-4.6667,4.6077,-0.8904,2.0207,1.0,3.3627
146511,2664,42.9804,16.3302,-17.2938,-35.7988,23.7855,-1.1976,-0.814,-1.0,35.2265,-16.3414,22.1364,21.9962,27.5147,0.7322,2.2067,1.0,76.8268
146511,2665,6.5601,-3.337,0.8523,5.5822,3.4441,1.26,2.8915,-1.0,6.4877,5.4908,1.8953,2.8876,5.8087,0.4786,0.3324,1.0,9.2908
146511,2666,50.1875,22.4203,19.6785,-40.3591,29.8314,-1.1103,0.7204,-1.0,46.0312,-1.3156,-6.2494,45.5859,6.3864,2.6635,-1.7783,1.0,92.763
146511,2667,1.9736,-1.7402,0.1372,0.9148,1.7456,0.5027,3.0629,-1.0,0.7636,0.7177,0.0294,-0.2366,0.7183,-0.3237,0.0409,1.0,2.4412
146511,2668,1.6348,-0.4961,0.1525,1.5466,0.5191,1.812,2.8433,1.0,1.6564,0.9754,-0.9752,-0.911,1.3793,-0.62,-0.7853,-1.0,3.0857
146511,2669,4.0911,-0.7456,-3.2956,2.3041,3.3789,0.6378,-1.7933,1.0,1.5542,0.0316,1.3582,0.7475,1.3585,0.5257,1.5476,-1.0,4.2771
146511,2670,3.501,-0.4121,0.7873,3.3847,0.8886,2.0473,2.053,1.0,6.9721,-4.7415,1.6296,4.8437,5.0137,0.8572,2.8106,-1.0,3.0949
146511,2671,1.5943,0.1679,0.2259,-1.5657,0.2815,-2.4172,0.9319,1.0,3.3234,-0.325,-1.6934,-2.8391,1.7243,-1.2734,-1.7604,-1.0,1.6135
146511,2672,10.464,1.0014,-7.1755,7.5495,7.245,0.9108,-1.4321,1.0,2.9088,-0.2781,-0.9488,2.7336,0.9887,1.7413,-1.856,-1.0,2.5622
146511,2673,1.2109,-0.8791,-0.4641,-0.6833,0.994,-0.6423,-2.6558,-1.0,1.7125,-0.1914,-0.6603,-1.5648,0.6875,-1.5607,-1.8529,1.0,1.04
146511,2674,1.4208,0.6182,1.025,0.758,1.197,0.5971,1.0281,1.0,2.671,-1.017,-1.5273,1.9381,1.8349,0.9206,-2.1583,-1.0,3.0104
146511,2675,4.4504,-0.1019,1.0135,-4.3309,1.0186,-2.154,1.671,-1.0,18.0259,1.9424,5.0695,-17.1887,5.4288,-1.8697,1.2049,1.0,1.3039
146511,2676,9.0477,-3.5251,1.6914,8.1586,3.9099,1.4817,2.6942,-1.0,7.8989,-4.1398,1.392,6.5808,4.3675,1.1985,2.8172,1.0,1.2969
146511,2677,13.2808,-3.9696,-1.8117,12.543,4.3635,1.778,-2.7134,1.0,3.2778,-1.7234,-2.6014,-0.9978,3.1205,-0.3145,-2.1559,-1.0,9.4344
146511,2678,1.9634,0.1926,0.8392,-1.7614,0.861,-1.4638,1.3452,1.0,8.2607,1.6459,-2.7019,-7.6302,3.1638,-1.6139,-1.0237,-1.0,3.0794
146511,2679,2.245,-0.1409,-0.1011,-2.2358,0.1734,-3.2513,-2.5192,1.0,3.8584,-0.4267,1.4865,-3.5333,1.5465,-1.5642,1.8503,-1.0,1.3143
146511,2680,3.1714,2.7078,-0.5376,1.5575,2.7606,0.5379,-0.196,-1.0,9.9137,-8.0034,1.0417,5.7559,8.071,0.6634,3.0122,1.0,9.4571
146511,2681,8.8181,1.1374,0.052,-8.7437,1.1385,-2.7359,0.0457,-1.0,4.3857,3.9465,-1.4846,1.2019,4.2165,0.2813,-0.3598,1.0,9.4639
146511,2682,3.3918,1.3902,-1.9399,-2.4078,2.3866,-0.8876,-0.949,-1.0,6.9548,0.0957,-6.1246,-3.2921,6.1254,-0.5145,-1.5552,1.0,2.7054
146511,2683,37.6318,7.077,-7.5893,-36.1727,10.3769,-1.9618,-0.8203,1.0,0.3658,0.25,-0.1865,-0.1591,0.3119,-0.4902,-0.641,-1.0,3.1096
146511,2684,1.5927,-0.9684,-0.2639,1.2321,1.0037,1.0335,-2.8756,-1.0,9.7479,-3.8674,-1.1416,8.8742,4.0323,1.53,-2.8546,1.0,1.0547
146511,2685,1.3125,1.1571,0.5404,0.2836,1.2771,0.2203,0.4369,-1.0,1.9446,-1.9043,0.0742,0.3718,1.9058,0.1939,3.1027,1.0,3.0402
146511,2686,2.5384,-1.251,-0.5102,2.1464,1.351,1.243,-2.7544,-1.0,2.4771,1.2677,0.4208,-2.0835,1.3357,-1.2275,0.3205,1.0,5.0143
146511,2687,3.8613,0.2235,-1.3402,-3.6128,1.3587,-1.7047,-1.4055,1.0,2.9406,2.4567,-0.1903,-1.6013,2.4641,-0.6111,-0.0773,-1.0,3.0907
146511,2688,1.4475,1.4263,-0.223,-0.0149,1.4436,-0.0104,-0.1551,-1.0,1.3132,-0.174,-1.1802,-0.5387,1.193,-0.4375,-1.7172,1.0,1.9437
146511,2689,0.5739,-0.1603,-0.3997,0.3644,0.4306,0.7684,-1.9524,1.0,6.9814,-5.8204,-2.7434,2.7065,6.4346,0.4091,-2.7011,-1.0,1.4156
146511,2690,64.3813,-3.8851,12.2198,-63.0914,12.8225,-2.2967,1.8786,-1.0,32.5579,-2.4157,-8.619,31.3031,8.9511,1.9649,-1.8441,1.0,91.2909
146511,2691,0.8016,0.2686,-0.6195,-0.4189,0.6752,-0.5863,-1.1617,-1.0,2.0358,-0.7215,1.7116,-0.8265,1.8575,-0.4315,1.9697,1.0,2.2588
146511,2692,42.359,-37.4319,4.7558,-19.2485,37.7328,-0.4903,3.0152,-1.0,50.7148,44.9844,-21.2795,9.7758,49.7636,0.1952,-0.4419,1.0,90.7905
146511,2693,85.0539,-17.6459,-9.8625,82.6166,20.215,2.1156,-2.6319,1.0,26.9259,18.8369,-4.9106,-18.6024,19.4665,-0.8496,-0.255,-1.0,90.6753
146511,2694,47.3474,10.7422,-32.6584,-32.5545,34.3798,-0.8433,-1.253,1.0,43.6315,-12.1931,29.7754,29.4695,32.1753,0.8206,1.9595,-1.0,90.8693
146511,2695,4.2674,1.3505,-4.045,-0.1162,4.2645,-0.0272,-1.2486,1.0,14.385,4.7804,-13.4526,1.758,14.2767,0.1228,-1.2294,-1.0,1.2081
146511,2696,4.1868,-2.0977,0.1013,-3.6204,2.1001,-1.3129,3.0933,1.0,31.4661,8.6555,-7.0377,-29.422,11.1556,-1.6971,-0.6827,-1.0,9.3917
146511,2697,1.7178,0.5038,1.5806,-0.4331,1.6589,-0.2582,1.2622,1.0,0.9985,0.8423,0.2099,-0.4818,0.8681,-0.5299,0.2442,-1.0,1.2341
146511,2698,0.8043,-0.6243,0.3517,-0.3496,0.7165,-0.4704,2.6285,1.0,0.6539,0.1433,-0.6013,0.1854,0.6181,0.2956,-1.3368,-1.0,1.3437
146511,2699,46.7811,31.1592,34.8605,-1.5199,46.7562,-0.0325,0.8414,1.0,47.1088,-28.4497,-37.5008,1.8785,47.0712,0.0399,-2.2198,-1.0,93.8129
146511,2700,3.6587,-1.0605,-3.2103,1.3944,3.3809,0.4016,-1.8898,-1.0,3.8472,-0.915,-1.0948,3.5712,1.4268,1.6483,-2.267,1.0,3.0404
146511,2701,21.339,-13.6677,1.8982,-16.2767,13.7989,-1.0028,3.0036,1.0,26.3584,17.3754,7.195,-18.4684,18.8062,-0.8686,0.3926,-1.0,31.167
146511,2702,0.2617,0.1694,0.0332,0.1659,0.1726,0.8536,0.1936,-1.0,2.5285,-0.297,-2.2149,1.1781,2.2347,0.5054,-1.7041,1.0,1.0966
146511,2703,4.1805,0.9419,2.2255,-3.4097,2.4166,-1.1443,1.1704,1.0,5.7556,1.6434,-2.6499,4.8366,3.1181,1.2228,-1.0157,-1.0,9.4777
146511,2704,3.6423,-3.1242,-0.2517,1.8523,3.1343,0.5611,-3.0612,1.0,1.0014,0.4437,0.8826,0.1252,0.9879,0.1264,1.105,-1.0,3.1733
146511,2705,2.0748,1.9921,0.4068,0.3994,2.0332,0.1952,0.2014,-1.0,1.4831,0.8201,-1.1465,-0.4487,1.4096,-0.3132,-0.9499,1.0,2.0495
146511,2706,51.727,3.6382,24.9401,45.1711,25.2041,1.3467,1.4259,-1.0,41.4202,1.6804,-20.5664,-35.9141,20.635,-1.3211,-1.4893,1.0,92.43
146511,2707,2.4221,-0.6915,-0.4608,2.2727,0.831,1.7311,-2.5538,1.0,2.9005,1.017,0.4621,-2.6747,1.117,-1.6073,0.4265,-1.0,5.2975
146511,2708,30.0887,-29.6302,1.772,4.9228,29.6831,0.1651,3.0819,1.0,30.1196,29.8182,-3.8891,1.7125,30.0707,0.0569,-0.1297,-1.0,59.8039
146511,2709,1.3232,-0.6778,0.463,-1.0324,0.8208,-1.0524,2.5424,1.0,3.8952,1.8056,-2.3253,-2.5484,2.944,-0.7831,-0.9105,-1.0,3.1095
146511,2710,52.2043,0.5446,52.1621,-2.0234,52.165,-0.0388,1.5604,1.0,40.1491,-12.4544,-37.4595,7.3218,39.4756,0.1844,-1.8918,-1.0,90.2389
146511,2711,11.3164,-4.5445,-0.2869,10.3593,4.5535,1.5603,-3.0785,1.0,9.2739,-5.012,0.5922,7.7796,5.0469,1.2175,3.024,-1.0,1.8759
146511,2712,1.5213,0.3794,-1.3363,0.6112,1.3891,0.4269,-1.2942,1.0,2.8962,-2.0464,-1.6182,-1.2531,2.6089,-0.4635,-2.4725,-1.0,2.7557
146511,2713,6.9659,-2.1785,-2.0236,-6.2986,2.9734,-1.4953,-2.393,-1.0,4.3139,0.4971,-1.4512,4.0305,1.534,1.6936,-1.2407,1.0,10.3532
146511,2714,4.6445,2.1848,4.0836,-0.3338,4.6313,-0.072,1.0795,1.0,5.9464,-1.2131,-4.2677,-3.9576,4.4368,-0.8029,-1.8477,-1.0,9.6318
146511,2715,3.1126,-2.532,-0.1951,1.7966,2.5395,0.6588,-3.0647,-1.0,3.5955,-0.6631,-2.193,2.769,2.2911,1.0215,-1.8644,1.0,2.8708
146511,2716,1.5125,-0.0678,0.2318,-1.4893,0.2415,-2.5188,1.8551,1.0,1.0027,0.9851,-0.0158,0.1534,0.9853,0.1551,-0.016,-1.0,1.9113
146511,2717,45.4441,5.5041,44.5506,-7.0782,44.8893,-0.157,1.4479,1.0,43.6287,-7.5671,-41.7279,10.246,42.4084,0.2393,-1.7502,-1.0,88.9478
146511,2718,2.5731,0.1956,0.7477,2.452,0.7728,1.8717,1.315,-1.0,7.4571,-1.1467,2.6725,6.8658,2.9081,1.5943,1.9761,1.0,1.0862
146511,2719,5.1194,-2.0838,-1.3995,4.4605,2.5101,1.3392,-2.5502,-1.0,2.1878,0.0699,1.1814,1.837,1.1834,1.2234,1.5117,1.0,3.1036
146511,2720,7.5868,-4.9757,-4.4353,-3.6221,6.6656,-0.5197,-2.4135,-1.0,7.7167,-0.3385,-4.7242,-6.0913,4.7363,-1.0699,-1.6423,1.0,5.2642
146511,2721,6.7394,-5.7081,-1.1114,-3.4045,5.8153,-0.5563,-2.9493,-1.0,8.9873,1.9482,1.8346,-8.579,2.676,-1.8816,0.7554,1.0,9.4373
146511,2722,15.975,14.5605,2.6162,6.028,14.7937,0.397,0.1778,-1.0,10.6995,-7.7133,-4.3039,-6.0374,8.8328,-0.6391,-2.6326,1.0,25.7254
146511,2723,3.7748,1.3155,-1.3459,-3.2705,1.882,-1.3198,-0.7968,-1.0,0.6291,0.4689,-0.3462,-0.2119,0.5828,-0.356,-0.6359,1.0,1.1047
146511,2724,17.2954,-5.1657,-9.4617,13.5246,10.78,1.0505,-2.0705,-1.0,1.5902,-0.3329,-0.5236,1.4604,0.6205,1.5915,-2.1371,1.0,1.4767
146511,2725,8.6815,-6.3886,3.4774,-4.7382,7.2737,-0.6124,2.6431,1.0,1.1464,0.1216,0.204,-1.1166,0.2375,-2.252,1.0333,-1.0,3.0792
146511,2726,4.6575,0.5462,-3.6866,2.7914,3.7268,0.6924,-1.4237,-1.0,4.8578,0.2669,3.3946,-3.463,3.4051,-0.8933,1.4923,1.0,9.4522
146511,2727,0.6899,-0.6755,-0.0136,0.0915,0.6756,0.135,-3.1215,1.0,0.6335,0.3986,-0.2998,0.376,0.4987,0.6963,-0.6448,-1.0,1.1653
146511,2728,10.2863,0.9546,-3.0206,9.7857,3.1679,1.8462,-1.2647,-1.0,1.0221,0.505,-0.3629,0.8043,0.6219,1.0744,-0.6231,1.0,1.4671
146511,2729,44.9577,30.2395,-0.6404,-33.2618,30.2463,-0.9501,-0.0212,-1.0,49.1145,-38.3205,2.6819,30.6034,38.4142,0.7301,3.0717,1.0,93.6645
146511,2730,2.6295,1.0996,2.3858,-0.0421,2.627,-0.016,1.1389,1.0,0.8289,-0.0803,0.7303,0.369,0.7347,0.4832,1.6803,-1.0,1.0509
146511,2731,0.1995,0.1296,-0.0088,0.1084,0.1299,0.7595,-0.0681,-1.0,2.5901,-1.8227,-1.8365,-0.0469,2.5875,-0.0181,-2.3524,1.0,1.2271
146511,2732,5.0941,-0.5441,0.9688,-4.9704,1.1111,-2.2035,2.0826,-1.0,4.1895,-2.5683,-0.8846,-3.1878,2.7164,-0.9989,-2.8099,1.0,3.1522
146511,2733,2.8866,-2.4474,0.0677,1.5255,2.4483,0.5885,3.1139,-1.0,1.7644,1.0026,-0.8973,-1.1365,1.3455,-0.7672,-0.73,1.0,4.325
146511,2734,1.0911,-0.6893,0.3007,-0.7834,0.752,-0.9106,2.7303,-1.0,2.2418,1.8992,1.1001,-0.4441,2.1948,-0.201,0.525,1.0,2.485
146511,2735,0.8336,0.3419,0.6383,-0.3993,0.7241,-0.5267,1.079,1.0,2.6403,0.149,0.2992,-2.617,0.3343,-2.7551,1.1087,-1.0,1.3604
146511,2736,0.5407,-0.3597,-0.2327,0.3125,0.4285,0.6765,-2.5673,1.0,0.5667,0.1733,0.4426,-0.2899,0.4753,-0.5774,1.1975,-1.0,1.071
146511,2737,1.7939,0.2941,-0.7295,1.6089,0.7866,1.4638,-1.1875,-1.0,3.135,-1.2093,-1.6819,2.3508,2.0715,0.9735,-2.1942,1.0,1.4014
146511,2738,14.5624,-2.4197,-2.619,-14.1188,3.5656,-2.0849,-2.3167,-1.0,10.645,-0.418,-4.1372,-9.7986,4.1582,-1.5926,-1.6715,1.0,3.1102
146511,2739,1.5822,-1.3808,-0.3912,-0.6576,1.4352,-0.4435,-2.8655,-1.0,1.6109,0.8653,0.6715,1.1764,1.0953,0.9328,0.66,1.0,3.0955
146511,2740,3.3047,1.162,-1.9781,2.3763,2.2941,0.9065,-1.0397,-1.0,1.0547,-0.4122,0.4721,0.8417,0.6267,1.1044,2.2885,1.0,2.4122
146511,2741,13.5522,-5.5048,1.2197,-12.3232,5.6383,-1.5237,2.9235,1.0,38.9315,-10.8998,18.4935,-32.4783,21.4666,-1.2019,2.1034,-1.0,9.4684
146511,2742,9.0704,-2.4601,3.002,-8.1974,3.8812,-1.4927,2.2573,1.0,0.16,0.0309,0.0779,-0.086,0.0838,-0.9,1.1929,-1.0,1.0947
146511,2743,44.2833,-9.2981,5.9469,-42.8856,11.0372,-2.0666,2.5726,1.0,0.5611,0.3193,0.1666,0.4171,0.3601,0.989,0.481,-1.0,9.4579
146511,2744,0.5736,-0.4704,-0.1635,0.2641,0.498,0.5082,-2.8071,1.0,1.3297,0.0,0.5327,-1.2137,0.5327,-1.5616,1.5707,-1.0,1.5372
146511,2745,21.6673,13.8231,-12.9984,10.4605,18.9746,0.5266,-0.7547,-1.0,3.9992,3.4819,1.5164,1.2489,3.7978,0.3232,0.4107,1.0,9.5058
146511,2746,0.8291,-0.5883,0.221,-0.5303,0.6285,-0.7665,2.7822,1.0,0.4074,0.1676,-0.2892,0.2074,0.3343,0.5864,-1.0455,-1.0,1.1149
146511,2747,0.4437,-0.3497,0.2496,0.0334,0.4296,0.0777,2.5216,-1.0,1.0785,0.4609,-0.4088,-0.8789,0.616,-1.1534,-0.7256,1.0,1.2508
146511,2748,4.6674,2.9066,2.1949,-2.9168,3.6423,-0.7333,0.6468,1.0,7.5098,2.5868,2.8922,-6.4288,3.8802,-1.2787,0.8411,-1.0,2.211
146511,2749,1.6215,-0.0878,0.098,1.6127,0.1316,3.2006,2.3011,-1.0,5.2806,0.4711,1.9688,4.8761,2.0244,1.6128,1.3359,1.0,1.0569
146511,2750,22.331,10.8739,17.1994,9.1978,20.3485,0.4379,1.007,1.0,19.4499,-9.1172,-14.4146,-9.3478,17.0559,-0.5238,-2.1348,-1.0,41.6506
146511,2751,2.4487,-1.7474,-0.3881,1.6676,1.79,0.8322,-2.9231,1.0,1.1529,0.9173,-0.613,-0.3177,1.1032,-0.2841,-0.5891,-1.0,3.0754
146511,2752,3.8447,-0.2282,-3.0756,-2.2933,3.084,-0.688,-1.6449,-1.0,5.6363,-0.065,4.5646,3.304,4.5651,0.672,1.585,1.0,9.304
146511,2753,0.7579,-0.3461,-0.1415,-0.6507,0.3739,-1.3212,-2.7534,1.0,0.5623,0.5029,0.1058,0.2022,0.5139,0.384,0.2073,-1.0,1.2312
146511,2754,46.4469,7.9263,45.4716,-5.1773,46.1573,-0.1119,1.3982,1.0,44.4098,-7.8877,-43.4061,5.0904,44.117,0.1151,-1.7506,-1.0,90.8331
146511,2755,8.2741,-5.4139,5.1003,3.623,7.438,0.4696,2.386,1.0,10.5245,-0.138,0.5326,10.5096,0.5502,3.6435,1.8244,-1.0,9.5448
146511,2756,5.9742,-1.8292,-5.6712,0.4129,5.959,0.0692,-1.8828,1.0,10.3929,-8.733,-0.6578,-5.5949,8.7577,-0.6019,-3.0664,-1.0,9.4557
146511,2757,1.4642,-0.759,0.5796,1.1048,0.955,0.9881,2.4894,-1.0,1.6179,0.9671,-0.8408,-0.982,1.2815,-0.7061,-0.7156,1.0,3.0615
146511,2758,0.9989,-0.825,0.2159,-0.5093,0.8528,-0.5665,2.8856,-1.0,3.5578,2.8387,0.3127,-2.119,2.8559,-0.6867,0.1097,1.0,3.0855
146511,2759,2.0774,0.3887,0.2722,-2.0197,0.4746,-2.155,0.611,1.0,2.481,1.4916,-0.4546,-1.9269,1.5593,-1.0386,-0.2958,-1.0,1.2787
146511,2760,5.4582,-2.6255,4.5737,1.4031,5.2737,0.263,2.0919,1.0,2.0612,-1.9159,0.1367,0.7404,1.9207,0.3765,3.0704,-1.0,3.0224
146511,2761,46.7639,40.4125,-21.3299,-9.936,45.6961,-0.2158,-0.4856,-1.0,46.2714,-40.2589,19.0178,12.5928,44.5247,0.2792,2.7003,1.0,92.9685
146511,2762,5.7025,4.2156,3.2574,-2.0312,5.3275,-0.3726,0.6579,1.0,1.036,-0.9582,0.2666,-0.27,0.9946,-0.2683,2.8702,-1.0,4.1331
146511,2763,2.1528,-0.9271,-0.326,-1.9125,0.9827,-1.4193,-2.8035,1.0,3.8549,-0.5235,-1.655,-3.4403,1.7358,-1.4356,-1.8772,-1.0,1.1878
146511,2764,4.0241,0.2857,0.4378,-3.9886,0.5228,-2.7294,0.9925,1.0,1.3231,0.775,0.2369,-1.0405,0.8104,-1.0687,0.2967,-1.0,1.3115
146511,2765,45.6695,-13.4146,-41.1633,-14.5368,43.294,-0.3298,-1.8858,-1.0,47.7248,15.3839,43.5559,11.9945,46.1928,0.2568,1.2313,1.0,93.3082
146511,2766,19.7003,8.0734,-1.9203,-17.8668,8.2986,-1.51,-0.2335,-1.0,7.9187,3.6858,-1.169,-6.9096,3.8667,-1.3441,-0.3071,1.0,1.0555
146511,2767,1.882,-0.6318,1.7677,-0.0829,1.8772,-0.0442,1.9141,-1.0,1.8033,-0.7675,-0.9404,-1.3295,1.2138,-0.9472,-2.2553,1.0,2.9907
146511,2768,6.817,-0.5625,-5.2194,4.3476,5.2496,0.7545,-1.6782,1.0,3.339,-0.4677,2.7641,-1.8107,2.8034,-0.6078,1.7384,-1.0,9.4667
146511,2769,82.1591,17.1346,5.7611,-80.1456,18.0772,-2.1948,0.3244,1.0,41.2334,-20.3615,-35.3612,5.931,40.8045,0.1448,-2.0932,-1.0,93.9751
146511,2770,2.3746,-0.2847,-0.1273,-2.3516,0.3118,-2.7179,-2.7212,-1.0,4.2835,-1.4642,1.7037,-3.6457,2.2464,-1.261,2.2807,1.0,1.6789
146511,2771,9.0543,6.7337,-4.2098,-4.3479,7.9414,-0.5233,-0.5587,1.0,2.693,-2.0971,-0.2645,1.6653,2.1137,0.7232,-3.0161,-1.0,9.4492
146511,2772,66.1572,-13.9451,15.7759,-62.717,21.0558,-1.8117,2.2947,1.0,34.3691,10.266,8.4149,31.7021,13.2741,1.6049,0.6866,-1.0,92.4385
146511,2773,4.5531,-2.0072,3.108,-2.6517,3.6998,-0.6663,2.1442,-1.0,2.2046,-0.5938,0.0117,-2.1204,0.594,-1.9848,3.1218,1.0,2.529
146511,2774,4.7227,-2.1774,3.4806,2.3318,4.1055,0.5412,2.1298,1.0,4.7228,2.1774,-3.4808,-2.3317,4.1057,-0.5411,-1.0118,-1.0,9.4455
146511,2775,0.1132,-0.0353,0.02,-0.0036,0.0406,-0.0891,2.6268,1.0,9.1798,1.4649,-2.3553,8.7501,2.7737,1.8663,-1.0144,-1.0,1.5369
146511,2776,1.3767,0.8537,-0.9938,-0.4095,1.3102,-0.3077,-0.8611,-1.0,1.6063,-0.8971,1.184,0.6021,1.4855,0.395,2.2192,1.0,2.9704
146511,2777,2.6478,-0.7682,2.3137,-1.0277,2.4379,-0.41,1.8914,-1.0,4.9375,-0.7729,3.5723,-3.3179,3.655,-0.8146,1.7839,1.0,1.2772
146511,2778,1.619,-0.0143,0.0602,-1.6144,0.0618,-3.9556,1.8048,1.0,0.9442,0.3425,-0.8135,0.3183,0.8826,0.3533,-1.1723,-1.0,2.0531
146511,2779,7.3519,-3.4944,-1.7515,6.2258,3.9088,1.2451,-2.677,-1.0,15.4718,-4.6412,-2.9967,14.4515,5.5246,1.6894,-2.5683,1.0,2.1539
146511,2780,6.691,-4.6429,-4.5026,-1.7111,6.4676,-0.2616,-2.3715,1.0,10.7962,-7.6111,-5.8563,-4.9318,9.6034,-0.4933,-2.4858,-1.0,2.051
146511,2781,9.133,2.4762,0.9959,8.7337,2.669,1.9012,0.3824,1.0,3.0267,1.6092,-1.2161,2.2541,2.0171,0.9621,-0.6472,-1.0,3.2229
146511,2782,3.0187,1.1278,0.7574,2.6937,1.3585,1.436,0.5914,-1.0,0.87,0.1425,-0.4388,-0.73,0.4613,-1.2396,-1.2567,1.0,3.0904
146511,2783,0.8115,0.2855,0.4527,0.6007,0.5352,0.9654,1.0081,-1.0,4.3737,-0.8653,-1.9635,-3.8097,2.1457,-1.3385,-1.9859,1.0,3.7376
146511,2784,4.068,0.1308,-1.6447,3.7169,1.6499,1.5513,-1.4914,1.0,2.0064,-0.5831,-1.0358,1.6129,1.1887,1.1127,-2.0835,-1.0,1.0495
146511,2785,1.3663,-0.3322,-0.0873,1.3182,0.3435,2.0547,-2.8845,1.0,9.7033,-0.4755,6.9643,6.739,6.9805,0.8567,1.639,-1.0,3.1099
146511,2786,6.1473,-1.4755,2.6218,5.3597,3.0085,1.3414,2.0834,1.0,0.5733,0.4732,-0.3049,0.0245,0.563,0.0434,-0.5723,-1.0,3.1311
146511,2787,18.3676,0.7897,-11.9494,-13.9264,11.9754,-0.992,-1.5048,1.0,12.4163,3.9763,6.9149,9.5146,7.9766,1.0114,1.0489,-1.0,29.6668
146511,2788,45.9828,-17.6076,-31.3811,28.6287,35.9834,0.7292,-2.0821,1.0,50.1609,13.8544,37.0377,-30.8604,39.5441,-0.7173,1.2128,-1.0,95.8777
146511,2789,22.1363,-0.4629,2.8816,21.9428,2.9185,2.7149,1.7301,-1.0,30.6388,14.1817,-1.6986,27.1056,14.2831,1.3969,-0.1192,1.0,13.7786
146511,2790,3.6995,-2.6972,-2.1894,-1.2675,3.474,-0.3572,-2.4598,-1.0,12.2983,6.7167,-2.4942,-9.9951,7.1648,-1.1351,-0.3556,1.0,9.5389
146511,2791,0.726,-0.497,-0.2769,0.4385,0.569,0.7096,-2.6333,1.0,1.3423,0.5202,-1.1338,0.4843,1.2475,0.3791,-1.1407,-1.0,1.1983
146511,2792,2.1612,0.6802,0.6886,-1.9294,0.9679,-1.4407,0.7915,1.0,1.1169,-0.1065,-0.4074,1.0291,0.4211,1.6262,-1.8265,-1.0,3.0866
146511,2793,40.3283,29.2364,27.7772,0.1369,40.3279,0.0034,0.7598,-1.0,57.1489,-46.1955,-13.9586,30.6124,48.2583,0.5981,-2.8482,1.0,89.8761
146511,2794,21.8643,-1.2158,5.6466,21.0873,5.776,2.0064,1.7829,1.0,1.3043,1.1062,-0.1423,-0.6679,1.1153,-0.5679,-0.1279,-1.0,9.4616
146511,2795,3.4314,-1.9988,-0.7746,2.6773,2.1436,1.047,-2.7719,-1.0,2.0861,0.8489,0.7397,1.7529,1.1259,1.2259,0.7168,1.0,3.0808
146511,2796,4.9395,-3.1518,-0.3245,3.7879,3.1684,1.0131,-3.039,1.0,8.551,-2.0787,1.083,8.2228,2.3439,1.968,2.6613,-1.0,3.1309
146511,2797,1.148,-0.2042,0.1269,-1.1176,0.2404,-2.2412,2.5856,-1.0,1.6895,1.5329,0.2077,-0.6711,1.5469,-0.4212,0.1347,1.0,1.7248
146511,2798,11.7539,3.6696,3.1748,-10.705,4.8524,-1.5322,0.7132,1.0,5.2085,-0.3525,1.6522,-4.9258,1.6894,-1.7915,1.781,-1.0,3.0163
146511,2799,11.4934,-8.6751,4.4555,-6.081,9.7524,-0.5889,2.6671,1.0,10.5963,0.306,5.7294,-8.9079,5.7376,-1.2236,1.5174,-1.0,9.4613
146511,2800,43.1394,17.4046,-31.729,23.4808,36.1891,0.6102,-1.0691,-1.0,42.5077,-16.5286,32.0413,-22.5178,36.0533,-0.5898,2.047,1.0,85.6366
146511,2801,1.1124,0.3903,0.362,0.971,0.5323,1.362,0.7477,1.0,0.4507,-0.2177,-0.2797,-0.2575,0.3545,-0.6742,-2.2322,-1.0,1.3775
146511,2802,59.6418,6.7543,-10.6069,-58.301,12.5749,-2.2385,-1.0038,-1.0,14.6869,1.1248,-4.5074,-13.9324,4.6457,-1.8181,-1.3263,1.0,4.0705
146511,2803,1.2005,-0.4243,0.904,-0.6578,0.9987,-0.6185,2.0096,-1.0,2.7906,2.144,-1.3809,-1.1281,2.5502,-0.4291,-0.5722,1.0,3.0911
146511,2804,34.028,-8.0069,1.9928,33.0123,8.2511,2.0949,2.8977,-1.0,18.7971,-4.8999,1.8765,18.0496,5.247,1.9491,2.7759,1.0,1.2698
146511,2805,10.2826,-9.9637,2.5026,-0.4269,10.2732,-0.0415,2.8955,1.0,8.7954,8.3035,-2.8978,-0.0428,8.7947,-0.0049,-0.3358,-1.0,18.9957
146511,2806,3.5207,-2.0019,-1.43,2.5163,2.4602,0.8974,-2.5213,-1.0,11.8571,-4.3952,-7.1999,8.3321,8.4354,0.8727,-2.1189,1.0,1.8417
146511,2807,1.5626,0.6589,0.229,1.3943,0.6975,1.4431,0.3345,1.0,1.5071,-0.6935,-0.1575,-1.3245,0.7112,-1.3804,-2.9183,-1.0,3.0679
146511,2808,11.235,7.0551,1.7125,8.5736,7.26,1.0037,0.2381,-1.0,6.3143,3.1248,-0.4128,5.4703,3.1519,1.3187,-0.1313,1.0,2.3294
146511,2809,3.1346,-1.896,2.3445,-0.8504,3.0152,-0.2784,2.2508,-1.0,0.6755,0.1633,0.0831,-0.6416,0.1832,-1.9661,0.471,1.0,1.8427
146511,2810,0.5449,-0.1687,0.1839,0.4728,0.2496,1.3954,2.3133,1.0,0.5818,0.1623,-0.2263,-0.4998,0.2785,-1.348,-0.9487,-1.0,1.1256
146511,2811,52.2342,-37.1034,-1.6933,36.727,37.142,0.8734,-3.096,-1.0,45.519,33.015,4.9715,-30.9397,33.3872,-0.8286,0.1495,1.0,97.441
146511,2812,3.0912,-0.7404,-1.0346,-2.8153,1.2722,-1.535,-2.1919,-1.0,0.9169,0.5609,-0.2999,0.652,0.6361,0.899,-0.491,1.0,3.0939
146511,2813,27.3876,26.264,-7.7415,-0.5825,27.3812,-0.0213,-0.2866,-1.0,26.9523,-25.6059,8.3854,-0.6643,26.9439,-0.0247,2.8251,1.0,54.3178
146511,2814,20.8334,3.0877,-9.9194,-18.058,10.3889,-1.32,-1.269,-1.0,11.4374,-0.2727,8.3892,7.7685,8.3936,0.8277,1.6033,1.0,30.4181
146511,2815,1.5454,-0.5918,0.6682,-1.2572,0.8925,-1.1429,2.2956,1.0,1.5419,0.4736,-0.7289,1.2691,0.8692,1.1724,-0.9946,-1.0,3.0844
146511,2816,0.9302,-0.2939,0.6849,0.5465,0.7453,0.6798,1.9761,-1.0,3.1461,-0.3977,0.1568,-3.1152,0.4275,-2.684,2.7659,1.0,2.9719
146511,2817,3.702,1.1606,-0.9566,-3.3811,1.504,-1.5494,-0.6893,-1.0,8.8478,3.7451,2.4134,-7.6434,4.4553,-1.3087,0.5724,1.0,3.1256
146511,2818,1.1585,-0.1111,0.8954,0.7189,0.9023,0.7302,1.6943,1.0,2.7498,1.3955,1.2328,2.0206,1.8621,0.9403,0.7236,-1.0,1.2612
146511,2819,58.8445,1.6035,-52.0628,-27.378,52.0875,-0.504,-1.54,1.0,34.361,11.9206,29.7067,12.493,32.0092,0.381,1.1892,-1.0,88.2213
146511,2820,2.5675,-0.9014,1.3937,-1.956,1.6598,-1.0021,2.1449,1.0,11.4487,0.387,6.8922,-9.1329,6.903,-1.0924,1.5147,-1.0,2.1377
146511,2821,2.2192,0.8588,1.191,-1.6606,1.4683,-0.971,0.946,1.0,1.2037,-1.0476,-0.4605,0.3582,1.1443,0.3081,-2.7274,-1.0,3.0742
146511,2822,0.2146,0.1135,0.0067,0.1483,0.1137,1.0812,0.0588,1.0,1.7585,-1.1241,0.2785,-1.3191,1.1581,-0.9763,2.8988,-1.0,1.1915
146511,2823,127.5719,23.0557,63.9572,107.9467,67.986,1.2425,1.2248,1.0,77.4462,-43.0836,-5.0898,64.1545,43.3832,1.1829,-3.024,-1.0,92.4506
146511,2824,61.5968,20.9202,21.248,-53.8983,29.8184,-1.3541,0.7932,-1.0,37.8867,-30.0206,-1.6747,23.051,30.0672,0.7064,-3.0859,1.0,92.0841
146511,2825,4.4306,4.1367,-0.897,-1.3047,4.2328,-0.3035,-0.2135,-1.0,1.007,-0.3759,-0.4579,-0.8074,0.5924,-1.1163,-2.2582,1.0,3.0211
146511,2826,1.0423,-0.1743,-0.3392,0.9642,0.3814,1.6576,-2.0455,-1.0,4.5783,1.8471,-1.2285,4.0036,2.2183,1.3528,-0.5869,1.0,1.2868
146511,2827,1.8577,1.3576,0.0988,-1.2598,1.3612,-0.8277,0.0727,1.0,0.6516,-0.3097,0.0562,0.5607,0.3147,1.3414,2.9619,-1.0,2.1646
146511,2828,7.7783,-6.9045,-1.8785,-3.0479,7.1555,-0.414,-2.876,1.0,4.7423,2.3721,1.3294,-3.8838,2.7192,-1.1543,0.5108,-1.0,9.374
146511,2829,5.2141,-2.4849,-4.5341,-0.6655,5.1704,-0.1284,-2.0721,1.0,0.6743,0.6021,-0.1036,0.2651,0.611,0.4213,-0.1705,-1.0,3.0757
146511,2830,10.261,5.4017,0.471,8.7108,5.4222,1.2524,0.087,1.0,1.7884,0.7493,0.4856,1.546,0.8929,1.3167,0.5751,-1.0,1.1131
146511,2831,8.096,1.2303,-3.6271,7.1319,3.8301,1.3802,-1.2438,-1.0,2.2874,0.4833,-1.4801,1.6724,1.557,0.9328,-1.2552,1.0,1.1311
146511,2832,0.8195,-0.6533,0.4809,0.0479,0.8112,0.059,2.5071,1.0,3.6718,-1.3121,2.9067,1.8167,3.1891,0.5426,1.9948,-1.0,1.1645
146511,2833,8.264,-4.0995,-4.6452,5.4681,6.1955,0.7959,-2.2939,-1.0,7.2538,2.6516,1.9727,6.4563,3.3049,1.4227,0.6396,1.0,9.4538
146511,2834,1.7051,-0.6022,1.5911,0.0446,1.7013,0.0262,1.9326,-1.0,1.6383,0.1578,-1.1554,1.1458,1.1662,0.869,-1.435,1.0,3.0617
146511,2835,1.6483,-0.1565,0.0513,-1.6366,0.1647,-2.9921,2.8246,-1.0,1.4792,0.1799,-0.0039,1.4645,0.1799,2.7936,-0.0214,1.0,3.1223
146511,2836,7.4122,6.0987,3.4915,-2.3546,7.0275,-0.3291,0.52,-1.0,6.3317,4.7037,4.184,0.6701,6.2952,0.1063,0.727,1.0,3.2329
146511,2837,0.9665,-0.3775,0.7315,-0.4952,0.8232,-0.5702,2.0472,-1.0,1.01,0.4997,-0.73,0.4757,0.8847,0.5147,-0.9705,1.0,1.9726
146511,2838,0.7426,-0.0704,0.7261,0.0899,0.7295,0.1229,1.6674,-1.0,1.0651,-0.2124,-1.0041,-0.2648,1.0263,-0.2553,-1.7792,1.0,1.755
146511,2839,12.5887,1.6217,9.5794,8.0043,9.7157,0.7512,1.4031,1.0,12.3177,-3.5615,-8.9169,-7.7149,9.6018,-0.7354,-1.9508,-1.0,24.8202
146511,2840,4.855,-1.6331,-0.2916,4.5616,1.6589,1.7362,-2.9649,-1.0,5.0142,0.8351,3.2509,-3.7236,3.3565,-0.9567,1.3193,1.0,9.3437
146511,2841,3.3803,-0.4802,-3.3402,0.167,3.3745,0.0495,-1.7136,1.0,5.1669,2.8892,2.1811,3.6852,3.62,0.894,0.6467,-1.0,7.1462
146511,2842,17.4974,-0.1516,9.2687,14.8397,9.27,1.2494,1.5871,1.0,12.3968,-1.8846,8.9425,8.3755,9.1389,0.8211,1.7785,-1.0,4.3501
146511,2843,9.6764,-5.8882,0.107,-7.6772,5.8892,-1.0807,3.1234,1.0,7.5983,-5.3806,-0.9135,-5.2856,5.4576,-0.8589,-2.9734,-1.0,1.6569
146511,2844,8.689,3.1548,5.2666,-6.148,6.1392,-0.8824,1.0311,-1.0,1.235,0.4813,1.1298,-0.0767,1.2281,-0.0624,1.1681,1.0,2.3671
146511,2845,11.2085,-1.6669,-7.4318,-8.2224,7.6165,-0.9365,-1.7914,-1.0,0.9013,-0.5046,0.1706,-0.7194,0.5327,-1.1088,2.8156,1.0,3.0415
146511,2846,1.9458,0.9491,0.0533,1.6945,0.9506,1.342,0.0562,-1.0,18.001,4.0701,0.6574,17.5222,4.1228,2.1536,0.1601,1.0,1.7017
146511,2847,0.9847,0.4686,0.3362,0.7911,0.5767,1.1214,0.6223,-1.0,1.7179,0.2409,-0.2995,-1.671,0.3844,-2.1757,-0.8933,1.0,2.4545
146511,2848,19.8752,-3.8999,-9.1968,-17.1821,9.9896,-1.3109,-1.9719,1.0,18.8869,1.5077,-1.4447,-18.7708,2.0881,-2.8923,-0.7641,-1.0,9.5357
146511,2849,10.78,-6.8863,2.8173,7.7999,7.4404,0.9151,2.7532,-1.0,3.2726,-2.509,1.468,1.4997,2.9069,0.4954,2.6122,1.0,2.0878
146511,2850,9.9997,-3.8698,-7.7783,4.9504,8.6878,0.5428,-2.0325,1.0,13.5555,2.0867,13.2234,-2.1274,13.3871,-0.1582,1.4143,-1.0,22.6726
146511,2851,11.8497,-3.7456,-5.7523,9.6584,6.8643,1.1421,-2.148,-1.0,3.4354,0.6381,-2.4875,-2.2795,2.5681,-0.7996,-1.3197,1.0,10.0813
146511,2852,7.301,2.6344,-1.8123,-6.5627,3.1976,-1.4668,-0.6026,1.0,4.4191,-4.1882,1.4012,-0.1141,4.4164,-0.0258,2.8187,-1.0,9.4972
146511,2853,7.313,-1.8304,-0.8084,7.0331,2.001,1.9698,-2.7257,-1.0,0.5949,-0.1416,-0.4292,0.3721,0.4519,0.7508,-1.8895,1.0,1.5088
146511,2854,5.4892,-0.9836,1.4151,5.2106,1.7234,1.8258,2.1782,1.0,17.3203,-11.7207,-8.3468,9.6404,14.389,0.6279,-2.5228,-1.0,9.5012
146511,2855,45.1735,-19.5185,38.1312,-14.3411,42.8365,-0.3288,2.0439,1.0,44.0243,16.2737,-39.7883,9.4967,42.9877,0.2192,-1.1825,-1.0,88.9916
146511,2856,1.3677,0.3807,1.1362,0.6508,1.1983,0.5194,1.2475,1.0,1.7402,-0.2524,-1.3151,-1.1063,1.3391,-0.753,-1.7604,-1.0,3.0664
146511,2857,2.8592,2.1657,0.4812,-1.8006,2.2185,-0.7417,0.2186,1.0,1.7623,0.53,0.7659,-1.4923,0.9314,-1.2501,0.9655,-1.0,1.3012
146511,2858,0.5571,-0.1275,-0.2446,-0.4724,0.2759,-1.3071,-2.0513,-1.0,6.4057,6.1115,-1.2913,1.4157,6.2464,0.2247,-0.2082,1.0,3.07
146511,2859,20.5825,-1.0892,5.3228,-19.8521,5.4331,-2.0072,1.7726,-1.0,7.7821,0.4277,2.7728,-7.258,2.8056,-1.679,1.4177,1.0,1.9005
146511,2860,6.0506,1.0205,-4.5616,-3.8404,4.6743,-0.7494,-1.3507,1.0,6.7526,-2.0965,5.2928,3.63,5.693,0.6008,1.9479,-1.0,12.7352
146511,2861,1.0203,0.5123,-0.2915,0.8261,0.5895,1.1388,-0.5173,1.0,8.7479,1.6783,-2.895,8.0819,3.3463,1.6153,-1.0454,-1.0,1.0552
146511,2862,0.749,-0.057,-0.644,-0.3631,0.6466,-0.5357,-1.6591,-1.0,1.9997,1.2711,1.3367,-0.7649,1.8446,-0.4036,0.8106,1.0,2.0807
146511,2863,1.9292,-0.3914,-1.7241,-0.7649,1.7679,-0.4202,-1.794,-1.0,1.5798,-1.2381,-0.9621,0.1616,1.568,0.1029,-2.4809,1.0,1.4416
146511,2864,0.798,-0.5794,0.081,0.5324,0.585,0.8163,3.0027,1.0,6.9895,-3.0109,-1.3201,6.1672,3.2875,1.3867,-2.7284,-1.0,1.156
146511,2865,0.7292,0.2813,-0.2391,-0.6199,0.3692,-1.2902,-0.7047,-1.0,1.2611,-0.4223,1.1676,0.1936,1.2417,0.1553,1.9178,1.0,1.7022
146511,2866,14.3577,10.5898,4.9288,-8.3483,11.6807,-0.6647,0.4356,1.0,1.608,1.4823,-0.1106,-0.6043,1.4864,-0.3961,-0.0745,-1.0,2.4091
146511,2867,1.3603,0.4427,1.2363,0.3389,1.3131,0.2553,1.2269,-1.0,1.7558,-0.5405,-1.5776,-0.5392,1.6676,-0.3179,-1.9009,1.0,3.0893
146511,2868,47.5264,-6.5689,-3.5435,46.9366,7.4637,2.5382,-2.6469,-1.0,44.5298,3.1382,3.1964,-44.3038,4.4794,-2.9873,0.7946,1.0,91.954
146511,2869,3.4269,2.6956,0.0666,2.1122,2.6965,0.7196,0.0247,1.0,3.1237,-2.3757,-0.0638,-2.0245,2.3765,-0.7727,-3.1147,-1.0,6.5422
146511,2870,4.1479,-1.8926,1.0827,-3.5269,2.1804,-1.2582,2.622,-1.0,5.2634,0.8509,2.5255,-4.5377,2.665,-1.3022,1.2458,1.0,3.0709
146511,2871,12.8197,-7.6572,10.1766,-1.4622,12.7356,-0.1146,2.2159,1.0,18.2206,9.3141,-15.3932,-2.8768,17.9917,-0.1592,-1.0266,-1.0,30.2442
146511,2872,1.4219,0.4061,0.3647,1.3087,0.5458,1.6085,0.7317,-1.0,1.1684,-0.2706,-0.3528,-1.0753,0.4446,-1.6165,-2.2251,1.0,2.5761
146511,2873,0.7196,0.0396,0.4911,0.5138,0.4927,0.9113,1.4902,-1.0,1.3995,0.1906,-1.3362,-0.3542,1.3497,-0.2595,-1.4291,1.0,1.923
146511,2874,4.7585,-0.6253,-0.6801,4.6668,0.9238,2.3225,-2.3142,-1.0,18.5027,-5.5278,-3.3304,17.3404,6.4536,1.7145,-2.5994,1.0,1.6801
146511,2875,5.3957,0.457,4.7747,-2.4689,4.7965,-0.4943,1.4754,1.0,1.3229,-0.144,1.2254,0.4653,1.2338,0.3687,1.6878,-1.0,2.2416
146511,2876,10.3669,-9.5685,3.3412,2.1778,10.135,0.2133,2.8056,1.0,9.2639,6.7742,-5.3587,3.3471,8.6374,0.3784,-0.6693,-1.0,18.5193
146511,2877,1.9972,-0.0573,-0.8115,-1.8209,0.8136,-1.5454,-1.6413,-1.0,2.4989,-1.1542,-0.0618,-2.213,1.1558,-1.4048,-3.0881,1.0,1.3084
146511,2878,2.3367,-0.6441,1.6859,-1.4805,1.8047,-0.7485,1.9357,1.0,1.9021,0.1039,-1.6619,-0.9133,1.6652,-0.5241,-1.5084,-1.0,3.4562
146511,2879,1.1483,-1.114,0.0952,-0.2392,1.1181,-0.2124,3.0564,-1.0,1.1369,1.0677,-0.3147,0.2056,1.1131,0.1836,-0.2866,1.0,2.2739
146511,2880,0.5542,0.3791,-0.3861,-0.0561,0.5411,-0.1036,-0.7946,1.0,0.47,-0.2267,0.3704,0.1453,0.4343,0.3285,2.1201,-1.0,1.0087
146511,2881,0.8245,-0.5029,-0.5818,-0.2781,0.769,-0.3542,-2.2836,1.0,0.6478,0.5442,0.0608,0.3297,0.5476,0.5706,0.1112,-1.0,1.3755
146511,2882,3.6194,0.934,-1.7145,3.0458,1.9524,1.2276,-1.072,1.0,2.1021,0.0579,-0.4936,2.0398,0.497,2.1197,-1.454,-1.0,1.0063
146511,2883,1.4865,0.6798,-1.0665,-0.7738,1.2648,-0.579,-1.0033,1.0,1.7161,0.3092,-1.6835,-0.0641,1.7116,-0.0375,-1.3891,-1.0,1.0068
146511,2884,24.8035,-10.2579,-2.2903,-22.4662,10.5105,-1.5035,-2.9219,-1.0,10.853,-4.3981,0.428,-9.9122,4.4189,-1.5474,3.0446,1.0,2.1819
146511,2885,1.4326,-0.8379,-0.1967,1.1403,0.8607,1.0935,-2.911,-1.0,1.3967,1.2088,-0.0717,0.688,1.2109,0.5413,-0.0592,1.0,2.1101
146511,2886,4.0251,1.4075,-0.1915,-3.7646,1.4204,-1.7017,-0.1352,1.0,1.3493,0.3447,-1.2826,0.2131,1.3281,0.1598,-1.3082,-1.0,3.3207
146511,2887,62.252,-12.4274,21.9479,56.9135,25.222,1.5528,2.086,1.0,40.598,32.2553,-23.364,-7.8675,39.8282,-0.1963,-0.6269,-1.0,88.1898
146511,2888,9.7848,-0.2915,2.664,9.41,2.6799,1.9688,1.6798,1.0,10.6273,-0.4618,1.8754,10.4498,1.9314,2.3899,1.8123,-1.0,1.0329
146511,2889,1.6381,-0.0652,-0.8064,-1.4204,0.8091,-1.3287,-1.6514,-1.0,2.2358,-0.9838,1.3874,1.4473,1.7008,0.772,2.1876,1.0,3.6835
146511,2890,3.9428,-0.4766,-0.1465,3.9097,0.4986,2.7566,-2.8433,-1.0,2.8902,-2.0297,1.0397,1.7724,2.2805,0.7148,2.6682,1.0,2.7063
146511,2891,43.6319,-38.7133,13.3539,15.0561,40.9518,0.3598,2.8094,1.0,50.6643,29.5549,-37.632,-16.6494,47.8504,-0.3413,-0.905,-1.0,90.6418
146511,2892,1.9092,-0.2001,-0.5954,1.7998,0.6281,1.775,-1.8951,1.0,7.8834,4.1615,1.1771,6.5903,4.3248,1.2079,0.2756,-1.0,3.0771
146511,2893,2.3797,-0.2036,-1.3982,-1.9119,1.413,-1.1104,-1.7154,-1.0,1.1544,-0.1279,1.1238,0.2052,1.1311,0.1804,1.6841,1.0,3.0646
146511,2894,44.2906,42.3616,-8.6198,-9.6351,43.2297,-0.2211,-0.2007,1.0,45.6193,-43.1982,10.6493,10.0809,44.4914,0.2247,2.8999,-1.0,89.882
146511,2895,1.1296,-0.8132,-0.6419,-0.4378,1.036,-0.4109,-2.4734,-1.0,10.9954,-6.5483,-8.8302,0.1901,10.9933,0.0173,-2.2089,1.0,1.7449
146511,2896,65.3396,-58.8276,-13.2496,25.1598,60.3012,0.406,-2.9201,-1.0,38.4869,31.6036,-17.8055,-12.8611,36.2743,-0.3475,-0.5131,1.0,94.4623
146511,2897,1.6264,0.0241,0.2412,1.6048,0.2424,2.5888,1.4711,-1.0,2.303,1.1318,0.76,1.8532,1.3633,1.1141,0.5913,1.0,1.0698
146511,2898,1.721,0.5747,-0.9385,-1.319,1.1005,-1.015,-1.0214,1.0,1.4245,-0.8237,0.7278,0.9,1.0991,0.7473,2.418,-1.0,3.1004
146511,2899,16.1618,-6.3476,-6.2634,-13.4785,8.9175,-1.2011,-2.3629,-1.0,6.3889,-2.9039,-1.9521,-5.3445,3.4991,-1.2099,-2.5498,1.0,1.0696
146511,2900,2.5339,2.0145,-1.3737,0.6811,2.4383,0.2758,-0.5985,-1.0,0.3988,0.2703,0.2695,-0.047,0.3817,-0.1229,0.7837,1.0,1.3261
146511,2901,48.348,-43.186,15.0845,-15.6509,45.7446,-0.3358,2.8055,-1.0,47.6909,39.6761,-15.9521,21.1127,42.7629,0.4756,-0.3823,1.0,95.8153
146511,2902,4.1303,-0.1346,1.1409,-3.9659,1.1488,-1.9525,1.6883,1.0,4.0231,1.3867,-3.2683,-1.8894,3.5503,-0.5098,-1.1695,-1.0,5.1088
146511,2903,47.8715,8.9662,14.1235,44.8531,16.7292,1.7125,1.0051,-1.0,42.8088,-2.3051,-14.493,-40.2147,14.6752,-1.733,-1.7285,1.0,90.3155
146511,2904,0.9853,-0.0341,0.7855,0.5844,0.7862,0.6878,1.6142,1.0,1.4464,0.051,-0.2009,1.4276,0.2072,2.6283,-1.3223,-1.0,1.2341
146511,2905,5.1615,-4.069,2.8641,1.3676,4.9759,0.2715,2.5283,1.0,1.2082,-0.4834,-0.5615,0.9484,0.741,1.0662,-2.2816,-1.0,3.0303
146511,2906,48.3211,-9.6237,-45.4475,-13.2978,46.4553,-0.2825,-1.7795,-1.0,47.8073,-12.1332,44.1869,13.6317,45.8225,0.2933,1.8388,1.0,93.6248
146511,2907,13.2509,-1.7756,11.4552,6.4188,11.592,0.5287,1.7246,-1.0,12.8506,-2.6942,-5.9131,-11.0862,6.4979,-1.3039,-1.9983,1.0,24.6741
146511,2908,51.4443,13.471,5.587,49.3338,14.5836,1.933,0.3932,-1.0,39.9522,-10.9122,-4.4068,-38.1794,11.7684,-1.893,-2.7578,1.0,90.6695
146511,2909,0.9223,0.0194,0.0317,0.9155,0.0372,3.8965,1.0218,-1.0,2.6473,0.6194,-0.1032,-2.5696,0.6279,-2.1168,-0.165,1.0,3.0972
146511,2910,0.6393,-0.1763,0.1422,-0.5884,0.2265,-1.6831,2.4627,-1.0,3.9586,1.206,-0.0321,3.7688,1.2064,1.8569,-0.0266,1.0,3.1549
146511,2911,1.3865,0.2023,-0.9743,0.9597,0.9951,0.856,-1.366,1.0,2.8121,0.3465,2.7485,-0.4721,2.7702,-0.1696,1.4454,-1.0,3.7339
146511,2912,30.0375,-26.5903,13.1818,4.6298,29.6783,0.1554,2.6814,1.0,31.6235,26.7309,-15.0537,-7.6733,30.6782,-0.2476,-0.5129,-1.0,61.5572
146511,2913,3.8938,-3.5954,-1.36,-0.6111,3.844,-0.1583,-2.78,-1.0,1.3649,0.0423,-0.9352,0.9876,0.9362,0.9197,-1.5256,1.0,3.1014
146511,2914,3.1082,-1.4676,2.5085,1.0969,2.9063,0.369,2.1002,-1.0,3.1879,-1.1898,2.1071,2.0726,2.4198,0.7762,2.0848,1.0,1.1084
146511,2915,1.7651,0.5117,-1.6205,-0.4651,1.6994,-0.2704,-1.2649,1.0,4.3914,-3.1301,1.289,2.7954,3.3851,0.7527,2.751,-1.0,5.0503
146511,2916,7.6119,2.7515,-1.555,6.924,3.1605,1.5258,-0.5144,-1.0,4.623,3.2422,-2.0631,2.5676,3.8429,0.6264,-0.5667,1.0,3.2538
146511,2917,2.4261,0.9274,-2.1925,-0.4557,2.3806,-0.1903,-1.1706,-1.0,9.7176,0.8656,9.53,1.6885,9.5692,0.1755,1.4802,1.0,9.4285
146511,2918,30.0027,2.5854,-5.6088,-29.36,6.176,-2.263,-1.1389,-1.0,4.1122,0.8497,-1.5891,-3.6948,1.802,-1.466,-1.0797,1.0,2.7562
146511,2919,5.8099,1.3866,-4.4237,-3.5003,4.6359,-0.6972,-1.2671,-1.0,1.2504,1.0241,-0.5603,0.4356,1.1673,0.365,-0.5006,1.0,3.1312
146511,2920,41.9687,33.9472,-13.7186,-20.5122,36.6144,-0.5344,-0.384,1.0,48.4426,-34.8489,17.6609,28.6412,39.0686,0.6796,2.6725,-1.0,89.9543
146511,2921,4.25,2.1178,-1.8161,-3.2043,2.7898,-0.9826,-0.7089,-1.0,2.3106,-1.6766,1.4025,0.7415,2.1858,0.3331,2.445,1.0,6.0506
146511,2922,27.3429,8.074,16.8798,19.9375,18.7115,0.927,1.1246,1.0,23.395,-9.0216,6.5269,20.5749,11.1351,1.3734,2.5153,-1.0,19.6038
146511,2923,0.7664,-0.5011,-0.4725,0.3192,0.6887,0.4482,-2.3856,1.0,13.658,-3.7882,-11.8357,-5.6653,12.4272,-0.4414,-1.8806,-1.0,3.0973
146511,2924,2.4078,0.9741,-0.5242,-2.136,1.1062,-1.4123,-0.4937,1.0,3.4825,2.7924,1.885,-0.8749,3.3691,-0.2569,0.5938,-1.0,3.0969
146511,2925,3.8569,-1.1386,-1.8318,-3.1957,2.1568,-1.1845,-2.1269,1.0,0.7974,-0.3557,0.6659,0.2339,0.755,0.3051,2.0614,-1.0,3.0493
146511,2926,1.4845,0.6907,0.1055,-1.3055,0.6987,-1.3833,0.1515,1.0,2.3153,-2.0499,-1.0602,-0.1534,2.3078,-0.0664,-2.6643,-1.0,3.0905
146511,2927,5.3694,-3.9916,2.2779,-2.7745,4.5958,-0.572,2.623,-1.0,1.2934,0.0932,1.276,0.1579,1.2794,0.1231,1.4979,1.0,3.1175
146511,2928,1.2585,0.2287,0.2927,-1.1978,0.3714,-1.8873,0.9075,-1.0,1.055,-0.605,-0.848,-0.1301,1.0416,-0.1245,-2.1905,1.0,1.7718
146511,2929,1.7158,1.5584,0.2099,-0.6784,1.5724,-0.4191,0.1339,1.0,4.7607,0.2599,-0.8309,-4.6792,0.8706,-2.3834,-1.2676,-1.0,3.0901
146511,2930,10.3276,-2.9653,3.6041,-9.2123,4.6672,-1.4319,2.2593,-1.0,6.1185,-2.1105,4.0334,-4.0868,4.5522,-0.8072,2.0529,1.0,3.0843
146511,2931,0.7445,0.6309,-0.3771,0.0538,0.735,0.0731,-0.5388,1.0,2.9416,-0.2836,0.911,-2.7805,0.9541,-1.791,1.8726,-1.0,2.3973
146511,2932,2.642,1.8561,0.4972,-1.8102,1.9216,-0.8398,0.2617,1.0,1.906,-1.0884,-0.7286,-1.3806,1.3098,-0.9191,-2.5517,-1.0,3.1401
146511,2933,40.1854,-37.5806,-9.2894,-10.7825,38.7117,-0.2751,-2.8993,-1.0,56.967,34.7841,20.599,40.137,40.4259,0.8763,0.5347,1.0,91.8759
146511,2934,2.8538,2.7495,0.4974,-0.5709,2.7941,-0.2029,0.179,1.0,7.9172,7.2887,-0.1928,3.0835,7.2913,0.4112,-0.0265,-1.0,2.9736
146511,2935,8.8359,2.3937,-6.0426,5.9849,6.4995,0.8243,-1.1936,1.0,7.9794,-4.5348,5.1704,-4.0449,6.8773,-0.5586,2.2908,-1.0,16.5422
146511,2936,18.666,-3.8664,1.3319,-18.2123,4.0894,-2.1992,2.8098,1.0,2.6221,-0.5163,1.3184,-2.2044,1.4159,-1.2259,1.944,-1.0,3.1798
146511,2937,7.8836,-1.7468,-2.4627,7.2817,3.0193,1.6139,-2.1878,1.0,5.8458,-0.2024,-1.1894,5.719,1.2065,2.2602,-1.7393,-1.0,1.53
146511,2938,11.5181,-3.3103,1.9633,-10.8555,3.8487,-1.7601,2.6063,-1.0,0.8584,-0.5358,-0.634,-0.1916,0.8301,-0.2288,-2.2725,1.0,3.8184
146511,2939,0.2983,0.0264,0.1097,0.2551,0.1128,1.5545,1.3347,1.0,4.5087,-0.4246,-4.4649,0.4488,4.4851,0.0999,-1.6656,-1.0,1.8668
146511,2940,44.7622,-42.0786,-15.2533,0.6117,44.7579,0.0137,-2.7938,-1.0,46.5236,44.7648,11.7551,-4.7288,46.2825,-0.102,0.2568,1.0,91.0862
146511,2941,11.439,-4.6013,-6.8172,7.9494,8.2247,0.8575,-2.1645,-1.0,12.1397,6.1232,6.5782,-8.1605,8.987,-0.8148,0.8212,1.0,23.5273
146511,2942,3.7504,-3.0982,1.7513,1.1784,3.5589,0.3253,2.6271,-1.0,6.3152,5.8455,-2.3371,-0.4882,6.2954,-0.0775,-0.3804,1.0,9.641
146511,2943,4.5315,-0.9762,-3.7057,2.4162,3.8321,0.5948,-1.8284,-1.0,3.3016,0.5214,2.5846,1.9842,2.6367,0.6952,1.3717,1.0,6.3663
146511,2944,1.107,0.0797,0.8989,0.6324,0.9025,0.6533,1.4824,-1.0,1.5541,0.4207,0.2883,1.4642,0.51,1.7768,0.6008,1.0,1.0129
146511,2945,3.5085,-0.5882,-1.1699,-3.2532,1.3094,-1.6414,-2.0367,-1.0,9.6598,-4.2653,-0.2984,-8.6613,4.2758,-1.4551,-3.0717,1.0,2.3945
146511,2946,6.1356,-4.9423,-3.2368,-1.6526,5.9079,-0.2762,-2.5618,-1.0,4.3899,3.5076,1.4329,2.2146,3.7889,0.5555,0.3878,1.0,10.2547
146511,2947,7.9907,7.4248,2.7623,-1.0408,7.922,-0.131,0.3562,1.0,4.0966,-1.4883,-1.7185,-3.4062,2.2734,-1.1938,-2.2845,-1.0,9.4866
146511,2948,37.1274,26.194,-25.109,-7.8644,36.2848,-0.2151,-0.7643,1.0,59.4968,-37.2622,19.2159,42.2153,41.9252,0.8863,2.6655,-1.0,89.4372
146511,2949,57.6641,47.2132,-19.4041,26.8241,51.0451,0.5039,-0.3899,1.0,43.0636,-35.0911,24.5976,-4.2469,42.8535,-0.0989,2.5302,-1.0,97.2749
146511,2950,0.4177,-0.386,0.1194,0.0038,0.4041,0.0094,2.8416,1.0,1.6471,0.9737,0.7968,1.0577,1.2582,0.7641,0.6858,-1.0,1.397
146511,2951,4.6039,-2.0983,1.5455,3.7938,2.6061,1.17,2.5067,-1.0,5.2389,4.4493,-0.2454,-2.7529,4.456,-0.584,-0.0551,1.0,9.4116
146511,2952,0.7664,0.2352,0.0837,0.7168,0.2497,1.7769,0.3417,1.0,14.5249,5.3908,5.332,12.3884,7.5823,1.2668,0.7799,-1.0,1.0472
146511,2953,84.196,34.7537,4.9721,76.5272,35.1075,1.5213,0.1421,1.0,23.4343,-15.3086,-7.7747,-15.9486,17.1697,-0.8302,-2.6717,-1.0,86.7671
146511,2954,2.4858,2.0332,-1.3578,-0.4362,2.4449,-0.1775,-0.5888,1.0,4.3025,-2.6794,2.4659,-2.2893,3.6414,-0.5933,2.3977,-1.0,6.0834
146511,2955,2.9877,2.0817,-0.5049,-2.0801,2.142,-0.8608,-0.238,1.0,1.83,-0.5137,-0.0216,-1.7531,0.5142,-1.9405,-3.0996,-1.0,2.4044
146511,2956,4.525,0.1268,-2.4789,3.7819,2.4821,1.2078,-1.5197,-1.0,14.2111,1.7001,-5.2632,13.0902,5.531,1.5966,-1.2584,1.0,1.759
146511,2957,1.8535,-0.5868,-1.1732,1.3052,1.3118,0.8778,-2.0346,-1.0,5.1721,-0.5843,-0.14,5.136,0.6008,2.8422,-2.9064,1.0,2.1849
146511,2958,7.783,3.8842,5.3187,4.1458,6.586,0.5939,0.94,1.0,6.2417,-2.3631,-1.1347,5.6635,2.6214,1.5132,-2.6939,-1.0,8.9804
146511,2959,48.4849,-46.7536,-4.8565,-11.8868,47.0051,-0.2503,-3.0381,-1.0,45.116,44.6539,4.0888,4.9755,44.8407,0.1107,0.0913,1.0,93.3187
146511,2960,3.7536,0.5102,3.7005,-0.3526,3.7355,-0.0943,1.4338,-1.0,10.2565,7.5698,-1.8626,6.6644,7.7956,0.775,-0.2413,1.0,9.3692
146511,2961,45.7625,17.0886,-1.5753,-42.4228,17.161,-1.6368,-0.0919,-1.0,46.0547,-18.5702,1.2569,42.1259,18.6127,1.5555,3.074,1.0,91.8042
146511,2962,1.9735,-0.2339,-1.6192,1.0987,1.636,0.6292,-1.7143,-1.0,1.8494,0.3055,1.6287,-0.8143,1.6571,-0.4735,1.3854,1.0,3.8116
146511,2963,10.5244,1.3387,-1.8611,-10.2711,2.2926,-2.205,-0.9472,-1.0,2.1911,0.7133,-1.4824,-1.4435,1.6451,-0.792,-1.1223,1.0,3.0106
146511,2964,13.2801,2.9289,-11.148,6.595,11.5263,0.5448,-1.3139,1.0,2.4534,0.5611,-1.7743,1.5954,1.8609,0.7768,-1.2645,-1.0,1.1387
146511,2965,14.3564,4.7558,-2.0581,13.3881,5.182,1.6778,-0.4084,1.0,6.1162,1.8641,-0.2434,5.8192,1.8799,1.8482,-0.1298,-1.0,1.043
146511,2966,10.934,-4.9408,1.3898,-9.654,5.1325,-1.3891,2.8674,1.0,4.4421,-1.33,1.9835,-3.7441,2.3881,-1.2318,2.1615,-1.0,2.4934
146511,2967,8.2631,2.4786,1.5521,-7.7275,2.9244,-1.6989,0.5595,1.0,2.7149,1.4038,0.2311,-2.3099,1.4227,-1.2614,0.1632,-1.0,1.2303
146511,2968,4.1632,-0.879,-0.3346,-4.0542,0.9405,-2.1674,-2.7779,1.0,1.1293,-0.1422,1.1148,-0.0315,1.1239,-0.0281,1.6977,-1.0,3.1089
146511,2969,8.3186,0.5123,-1.5617,8.1539,1.6436,2.3048,-1.2538,-1.0,8.076,5.6179,-1.9406,5.4666,5.9436,0.8235,-0.3326,1.0,5.7809
146511,2970,0.9316,0.5824,0.5588,-0.453,0.8072,-0.5353,0.7647,1.0,8.1123,2.2536,4.95,-6.018,5.4388,-0.9547,1.1436,-1.0,1.2359
146511,2971,3.5135,-0.1486,-2.7366,2.1961,2.7406,0.7337,-1.6251,1.0,1.4123,-1.2036,0.4381,0.5857,1.2808,0.4427,2.7925,-1.0,3.0683
146511,2972,9.8222,5.3796,2.5926,-7.7977,5.9717,-1.082,0.4491,1.0,8.847,-0.1499,-0.9845,8.7902,0.9959,2.8741,-1.7219,-1.0,17.8219
146511,2973,47.396,3.9592,-32.6384,-34.1383,32.8777,-0.9082,-1.4501,1.0,50.7661,-34.3758,20.8654,30.9859,40.2127,0.7095,2.5961,-1.0,92.5315
146511,2974,1.6257,-0.3137,0.0283,1.5914,0.315,2.3227,3.0516,1.0,3.1233,-0.442,2.0234,2.3354,2.0711,0.9688,1.7859,-1.0,1.5337
146511,2975,4.5154,-2.4822,2.9745,-2.3172,3.8741,-0.5672,2.2662,1.0,5.2046,3.1374,-3.9551,1.2611,5.0484,0.2473,-0.9002,-1.0,9.5902
146511,2976,29.9314,-9.7173,1.8454,-28.2497,9.8909,-1.7719,2.9539,1.0,1.8771,-0.3446,0.8157,-1.6517,0.8855,-1.3818,1.9706,-1.0,3.0593
146511,2977,4.0409,0.581,3.6274,-1.6799,3.6736,-0.4427,1.412,-1.0,0.6977,-0.4127,-0.2887,0.4711,0.5037,0.8348,-2.5312,1.0,3.1333
146511,2978,1.889,1.6976,-0.4603,0.6809,1.7589,0.3781,-0.2648,1.0,1.5215,-0.7123,-0.1478,-1.3321,0.7275,-1.3654,-2.937,-1.0,3.1412
146511,2979,47.2438,-8.1827,-46.4503,2.7166,47.1655,0.0576,-1.7452,1.0,43.7985,14.5814,40.8777,5.8904,43.4005,0.1353,1.2282,-1.0,90.2365
146511,2980,6.3011,2.1357,-5.0083,3.1698,5.4447,0.5535,-1.1677,-1.0,6.1588,-0.7191,-4.4376,4.2083,4.4955,0.8355,-1.7315,1.0,3.0949
146511,2981,4.8928,0.9305,-1.1438,4.6642,1.4745,1.8689,-0.8878,1.0,4.1838,-3.872,1.4721,-0.5772,4.1424,-0.1389,2.7783,-1.0,7.5446
146511,2982,0.4787,0.3099,-0.3478,0.0324,0.4658,0.0695,-0.8429,-1.0,8.1731,-6.0823,4.9982,2.1937,7.8725,0.2752,2.4537,1.0,3.8668
146511,2983,3.0042,-2.0532,1.865,-1.149,2.7738,-0.4032,2.4042,-1.0,1.6603,0.7839,1.3171,0.6294,1.5328,0.3999,1.0339,1.0,3.1226
146511,2984,3.0871,-2.9554,-0.7985,-0.3837,3.0613,-0.125,-2.8777,-1.0,0.6693,-0.2112,-0.614,-0.1237,0.6493,-0.1894,-1.9021,1.0,1.3533
146511,2985,3.8481,3.2062,-1.0691,-1.8367,3.3798,-0.5197,-0.3218,1.0,7.839,-0.9175,2.2058,-7.4654,2.389,-1.8572,1.965,-1.0,6.5976
146511,2986,0.2886,0.2544,0.0064,-0.0857,0.2545,-0.3308,0.0252,-1.0,3.843,0.907,0.8659,-3.6312,1.254,-1.7849,0.7622,1.0,1.0701
146511,2987,4.2563,-2.2641,-2.4055,2.6818,3.3034,0.7419,-2.3259,1.0,5.4831,0.1532,-0.782,5.4239,0.7969,2.6163,-1.3773,-1.0,3.8128
146511,2988,8.7632,2.2428,7.7072,3.5143,8.0269,0.4249,1.2876,-1.0,9.1175,-2.8828,-8.3626,-2.2075,8.8456,-0.247,-1.9028,1.0,17.8093
146511,2989,2.1409,0.8034,1.4754,-1.3229,1.68,-0.7228,1.0722,-1.0,1.4236,-1.357,-0.0177,0.4168,1.3571,0.3025,-3.1285,1.0,3.0746
146511,2990,6.6527,2.2583,-1.1565,6.149,2.5372,1.6185,-0.4733,-1.0,12.3496,-4.1481,-10.0806,5.8031,10.9007,0.51,-1.9612,1.0,9.4016
146511,2991,4.5927,-0.5662,1.4357,-4.3244,1.5433,-1.7539,1.9464,1.0,4.5875,0.7502,-1.3371,4.3225,1.5332,1.7597,-1.0595,-1.0,9.1779
146511,2992,13.4564,-1.5604,-10.5259,8.2361,10.6409,0.7122,-1.718,1.0,0.3909,0.2189,-0.2573,0.1659,0.3378,0.4733,-0.8658,-1.0,1.754
146511,2993,1.5157,0.5011,0.8122,-1.1728,0.9543,-1.0344,1.018,-1.0,3.552,2.729,2.1794,0.6391,3.4924,0.182,0.6739,1.0,2.4523
146511,2994,17.1487,2.2006,6.7772,-15.5979,7.1255,-1.5251,1.2568,-1.0,6.9495,2.7458,2.1998,-5.9921,3.5183,-1.3024,0.6754,1.0,3.0889
146511,2995,6.7523,-1.9593,0.0562,6.4606,1.9601,1.9081,3.1129,1.0,6.4186,1.6102,-0.4825,-6.1937,1.6809,-2.0153,-0.2912,-1.0,13.1566
146511,2996,3.2672,-1.2567,0.3348,-2.9953,1.3006,-1.5715,2.8812,1.0,5.0768,-2.1628,-3.0874,-3.399,3.7696,-0.8101,-2.1819,-1.0,3.0766
146511,2997,7.3833,-3.1237,-3.6132,-5.6293,4.7763,-1.0022,-2.2837,-1.0,4.5297,2.4748,1.384,-3.5309,2.8355,-1.0446,0.5099,1.0,7.2541
146511,2998,41.2016,-28.703,21.5056,20.2783,35.8657,0.5389,2.4986,1.0,50.8008,23.7621,-16.7202,-41.6714,29.0552,-1.1577,-0.6132,-1.0,89.2158
146511,2999,4.092,-1.0573,-2.1607,-3.3086,2.4055,-1.1236,-2.0259,-1.0,2.2007,-1.2697,-0.7418,-1.6338,1.4705,-0.9578,-2.6128,1.0,1.1536
146511,3000,6.6447,4.6417,-4.4037,-1.7897,6.3983,-0.2762,-0.7591,1.0,8.4928,6.713,2.8755,4.334,7.3029,0.5632,0.4047,-1.0,9.5606
146511,3001,1.72,1.0666,-1.3452,0.0022,1.7168,0.0013,-0.9004,1.0,1.4424,-0.8535,1.1426,0.1882,1.4261,0.1316,2.2124,-1.0,3.1429
146511,3002,1.7874,-1.4586,0.5862,0.844,1.572,0.514,2.7594,1.0,2.225,-1.2552,-0.2618,1.8153,1.2823,1.1471,-2.9359,-1.0,1.2479
146511,3003,1.4881,-1.408,0.3828,-0.2722,1.4591,-0.1855,2.8762,-1.0,1.5289,1.4679,-0.3112,0.2734,1.5005,0.1812,-0.2089,1.0,3.0155
146511,3004,6.9005,2.8607,3.4543,-5.2431,4.4851,-0.996,0.8791,1.0,9.68,2.5482,5.156,-7.7855,5.7513,-1.1108,1.1118,-1.0,1.3328
146511,3005,7.2046,-3.0618,-0.7816,6.4738,3.16,1.4652,-2.8917,-1.0,3.2177,1.0349,1.6633,-2.5505,1.959,-1.0796,1.0142,1.0,9.3993
146511,3006,2.7367,0.9726,-2.2064,-1.2901,2.4113,-0.5123,-1.1556,1.0,1.6119,0.3168,1.0626,-1.1652,1.1088,-0.9169,1.281,-1.0,3.1483
146511,3007,1.4657,0.9853,1.0569,0.2221,1.4449,0.1531,0.8205,1.0,1.6031,0.3497,0.7806,1.3517,0.8554,1.2385,1.1496,-1.0,1.335
146511,3008,5.8481,-1.8925,2.7425,-4.8049,3.3321,-1.1621,2.1748,1.0,1.6372,-0.6028,1.1408,-1.0021,1.2903,-0.7144,2.0569,-1.0,1.0008
146511,3009,5.0833,-1.244,1.7244,-4.616,2.1263,-1.5176,2.1958,-1.0,4.6751,-0.7305,-1.9968,4.1623,2.1262,1.4245,-1.9215,1.0,9.5419
146511,3010,35.887,-7.7491,-9.8492,33.6276,12.5322,1.7132,-2.2374,-1.0,5.3049,0.662,-4.3577,2.9502,4.4077,0.6274,-1.42,1.0,10.3337
146511,3011,50.7781,-4.3603,49.6261,9.8308,49.8173,0.1961,1.6584,1.0,42.5908,9.589,-41.4934,0.5655,42.5869,0.0133,-1.3437,-1.0,92.2832
146511,3012,4.8441,0.8301,4.0138,-2.5798,4.0987,-0.5939,1.3668,1.0,5.3288,0.2478,-5.3019,-0.4619,5.3077,-0.0869,-1.5241,-1.0,9.5612
146511,3013,7.1619,-1.1834,6.4699,2.8322,6.5772,0.4183,1.7517,1.0,2.9753,-1.9816,2.2162,-0.0551,2.973,-0.0185,2.3004,-1.0,3.096
146511,3014,11.8327,-7.6197,-1.6316,-8.9039,7.7925,-0.9787,-2.9306,1.0,1.1449,-1.0385,-0.2473,-0.3999,1.0675,-0.3664,-2.9078,-1.0,1.8334
146511,3015,9.934,-1.7516,-2.4926,-9.4547,3.0465,-1.8507,-2.1833,-1.0,2.2608,-0.7835,0.82,-1.9529,1.1341,-1.3119,2.3335,1.0,3.0585
146511,3016,45.1937,34.8129,18.084,-22.4385,39.2297,-0.5446,0.4791,-1.0,45.9272,-34.9801,-18.6699,23.176,39.6507,0.5555,-2.6513,1.0,91.1159
146511,3017,5.7136,2.8305,4.7855,1.3119,5.5599,0.2338,1.0367,-1.0,11.1921,7.2507,-0.741,8.4929,7.2885,0.9935,-0.1018,1.0,8.4663
146511,3018,0.4963,-0.2882,0.3329,0.2031,0.4404,0.4462,2.2844,-1.0,0.6203,0.1803,-0.2283,-0.5375,0.2909,-1.3734,-0.9024,1.0,1.0547
146511,3019,0.7084,0.3694,0.3716,0.4649,0.524,0.7994,0.7884,1.0,1.3667,-0.1328,-0.3022,-1.3221,0.3301,-2.0959,-1.9849,-1.0,1.8738
146511,3020,0.475,0.3255,0.2961,-0.1444,0.44,-0.3226,0.7381,-1.0,1.4688,-0.6248,1.0267,0.8375,1.2019,0.6501,2.1175,1.0,1.2076
146511,3021,3.5875,-2.3181,0.8123,2.6126,2.4563,0.9257,2.8046,1.0,7.2337,-1.1814,4.1006,5.84,4.2674,1.1195,1.8513,-1.0,3.0448
146511,3022,7.0596,3.0195,-3.1132,5.5693,4.337,1.0687,-0.8007,-1.0,2.6683,0.7161,2.5112,0.5381,2.6113,0.2046,1.293,1.0,6.5585
146511,3023,2.1679,-0.4486,-0.4887,-2.0612,0.6634,-1.8518,-2.3135,1.0,2.0087,1.6005,1.1731,-0.2934,1.9844,-0.1473,0.6325,-1.0,3.1788
146511,3024,4.929,0.1416,0.4817,-4.9023,0.5021,-2.9744,1.285,-1.0,19.1639,4.4508,-3.1225,-18.3762,5.4369,-1.9322,-0.6118,1.0,3.2435
146511,3025,6.4983,3.4573,-1.6965,-5.2331,3.8511,-1.1138,-0.4562,1.0,0.8492,-0.4677,0.5269,0.4621,0.7046,0.6161,2.2967,-1.0,4.5735
146511,3026,2.1646,-0.578,0.3902,-2.0465,0.6974,-1.7975,2.5478,1.0,1.622,0.1933,0.2642,1.5851,0.3274,2.2809,0.9392,-1.0,3.681
146511,3027,23.9929,-2.9635,5.908,23.0642,6.6096,1.9628,2.0357,1.0,10.5185,-5.934,-1.4717,8.5586,6.1138,1.1379,-2.8985,-1.0,9.6013
146511,3028,4.6253,2.6089,1.49,-3.5152,3.0044,-0.9966,0.5189,1.0,1.4894,-0.2571,1.4589,-0.1124,1.4814,-0.0758,1.7452,-1.0,3.1629
146511,3029,2.2809,1.8995,0.0054,1.2584,1.8995,0.6217,0.0028,1.0,2.378,-2.3542,-0.1944,-0.2524,2.3622,-0.1066,-3.0592,-1.0,4.5223
146511,3030,4.7083,-3.8821,-1.8796,-1.885,4.3132,-0.4242,-2.6907,-1.0,4.8997,4.1693,-0.2151,2.5626,4.1748,0.5806,-0.0516,1.0,9.3479
146511,3031,0.8649,0.0021,0.3137,0.799,0.3137,1.6646,1.5641,-1.0,0.5103,-0.2323,-0.3059,-0.3188,0.3841,-0.7559,-2.2203,1.0,1.2678
146511,3032,5.7466,-0.0528,-0.8756,5.6783,0.8772,2.5668,-1.631,-1.0,4.3469,-2.3215,3.1096,-1.9558,3.8806,-0.4848,2.2121,1.0,8.7974
146511,3033,1.3029,0.3905,-1.1903,-0.3421,1.2527,-0.2698,-1.2538,1.0,3.5197,-1.6662,2.2995,2.0769,2.8397,0.6782,2.1978,-1.0,4.1701
146511,3034,50.0219,3.5109,35.7125,-34.8492,35.8846,-0.8608,1.4728,-1.0,40.4686,-2.6017,-29.5688,27.5066,29.683,0.8286,-1.6586,1.0,89.978
146511,3035,0.8906,0.0589,-0.1608,0.8676,0.1713,2.3252,-1.2195,1.0,2.6433,-0.6045,0.2992,-2.5536,0.6745,-2.0414,2.682,-1.0,3.0544
146511,3036,2.4791,1.8703,-1.2758,1.0045,2.264,0.4303,-0.5986,-1.0,1.8874,-1.0453,-0.1742,1.5582,1.0598,1.1782,-2.9765,1.0,3.117
146511,3037,15.6075,2.2134,6.0965,-14.1957,6.4859,-1.525,1.2225,1.0,34.8575,3.536,5.8009,-34.1889,6.7936,-2.3188,1.0234,-1.0,5.5722
146511,3038,1.8359,1.1653,0.6032,1.2798,1.3121,0.8639,0.4776,1.0,1.175,1.1507,-0.2096,0.0396,1.1696,0.0339,-0.1801,-1.0,1.3441
146511,3039,17.3241,3.1055,-3.6871,-16.6396,4.8207,-1.9524,-0.8708,1.0,7.739,-0.2943,-2.8476,-7.1893,2.8627,-1.6514,-1.6738,-1.0,3.1211
146511,3040,9.2015,2.8366,1.0834,-8.6855,3.0364,-1.7734,0.3648,1.0,13.1525,9.9157,3.0675,-8.0775,10.3793,-0.7156,0.3,-1.0,6.2334
146511,3041,44.6966,-20.1613,38.4269,10.7086,43.3948,0.2443,2.054,1.0,49.0372,15.2914,-45.8685,-8.1788,48.3502,-0.1684,-1.249,-1.0,93.2767
146511,3042,11.0342,1.0628,-0.9703,-10.9394,1.4391,-2.7258,-0.7399,1.0,3.6906,-3.6186,-0.702,0.1504,3.686,0.0408,-2.95,-1.0,9.544
146511,3043,40.7472,7.0258,5.7832,-39.718,9.0999,-2.1796,0.6887,-1.0,2.1735,0.5682,0.4347,-2.0496,0.7154,-1.7748,0.653,1.0,1.1497
146511,3044,0.5558,-0.1309,-0.5243,-0.0758,0.5404,-0.1399,-1.8155,1.0,7.7528,-2.1677,-0.1968,7.4403,2.1766,1.943,-3.051,-1.0,2.9992
146511,3045,27.0303,21.5013,-16.2071,2.378,26.9253,0.0882,-0.6459,1.0,87.7926,-25.5418,83.7956,5.7834,87.6018,0.066,1.8667,-1.0,92.3751
146511,3046,35.9866,18.7031,7.3728,-29.8473,20.1038,-1.1862,0.3755,1.0,35.3193,-17.4891,-7.8213,29.6715,19.1584,1.2215,-2.7211,-1.0,71.2939
146511,3047,6.3765,-4.1669,-4.7748,0.6974,6.3374,0.1098,-2.2883,-1.0,2.2917,-2.1472,-0.0554,0.792,2.1479,0.3608,-3.1158,1.0,3.1178
146511,3048,41.971,40.5753,10.1911,3.3686,41.8355,0.0804,0.2461,1.0,51.4495,-47.3008,-4.373,-19.7624,47.5025,-0.4049,-3.0494,-1.0,91.54
146511,3049,2.6424,1.1453,-0.4305,2.3397,1.2235,1.4037,-0.3596,1.0,1.0559,-0.6759,-0.5021,0.6284,0.842,0.6902,-2.5027,-1.0,1.9437
146511,3050,37.4517,22.83,-13.9062,-26.2303,26.7318,-0.868,-0.5471,1.0,63.7052,-52.0038,36.2281,6.44,63.3788,0.1014,2.5331,-1.0,92.1503
146511,3051,1.4821,-0.9032,-0.9551,-0.6762,1.3146,-0.4941,-2.3283,1.0,2.28,-1.7285,0.5042,-1.3947,1.8006,-0.7127,2.8578,-1.0,1.6537
146511,3052,7.703,1.4225,-5.3924,5.3126,5.5769,0.8475,-1.3129,-1.0,2.4387,0.7438,-2.3186,0.082,2.435,0.0337,-1.2604,1.0,3.0983
146511,3053,17.5153,-1.049,6.4912,-16.2338,6.5755,-1.6356,1.731,-1.0,42.4364,8.0581,5.6021,-41.2859,9.8141,-2.1437,0.6075,1.0,9.5034
146511,3054,1.6541,1.0461,1.2351,0.3245,1.6186,0.1992,0.8681,1.0,1.4973,-0.6043,-1.3657,-0.0227,1.4934,-0.0152,-1.9873,-1.0,3.103
146511,3055,4.0092,0.4788,-1.3964,-3.726,1.4762,-1.6561,-1.2405,1.0,7.9031,2.5528,-2.5417,-7.0336,3.6024,-1.4222,-0.7832,-1.0,1.1978
146511,3056,11.2198,2.554,4.894,9.7672,5.5203,1.3354,1.0898,1.0,17.249,1.9818,4.6536,16.4904,5.058,1.8977,1.1682,-1.0,3.0462
146511,3057,2.2591,1.4271,-0.1189,1.744,1.432,1.0273,-0.0831,-1.0,12.6505,5.5443,-3.1838,10.9155,6.3934,1.3045,-0.5213,1.0,1.5889
146511,3058,1.2549,-0.0843,-1.215,-0.2834,1.2179,-0.2306,-1.64,1.0,0.9279,0.4457,0.67,0.4498,0.8047,0.5333,0.9838,-1.0,2.0759
146511,3059,1.7928,0.6957,0.3718,1.6065,0.7888,1.4599,0.4908,1.0,2.058,-1.9955,-0.1736,-0.4601,2.0031,-0.2277,-3.0548,-1.0,3.433
146511,3060,3.4009,2.2946,-1.187,-2.2092,2.5835,-0.7751,-0.4774,-1.0,1.9004,-0.0941,1.2188,-1.4512,1.2224,-1.0077,1.6478,1.0,3.1403
146511,3061,4.6007,2.0691,1.8135,3.6857,2.7514,1.1024,0.7197,-1.0,4.9498,-0.4405,-0.4965,4.904,0.6637,2.6977,-2.2965,1.0,3.6112
146511,3062,26.1907,-6.9237,1.1448,25.2328,7.0177,1.9917,2.9777,1.0,11.4274,-2.4001,-1.2092,11.1064,2.6875,2.1264,-2.6749,-1.0,2.7657
146511,3063,231.6291,49.6177,6.9368,-226.146,50.1002,-2.2124,0.1389,-1.0,127.0139,5.5541,65.9874,-108.3851,66.2207,-1.2683,1.4868,1.0,91.3887
146511,3064,6.0179,-5.1917,3.0119,0.4216,6.0022,0.0702,2.6159,1.0,13.4321,-10.7971,7.7128,2.0847,13.269,0.1565,2.5213,-1.0,1.1652
146511,3065,9.7509,-3.819,-0.4288,-8.961,3.843,-1.5829,-3.0298,-1.0,3.2341,-1.1168,-0.7147,-2.9479,1.3259,-1.5393,-2.5723,1.0,1.0571
146511,3066,3.2516,-0.3789,0.8379,3.1171,0.9196,1.935,1.9955,1.0,10.1289,-4.5008,-1.1342,9.0023,4.6415,1.4163,-2.8947,-1.0,2.8743
146511,3067,20.0392,-7.7168,-10.4863,15.2331,13.0196,0.9966,-2.2052,-1.0,19.5107,10.762,14.9663,-6.391,18.434,-0.3401,0.9474,1.0,38.1663
146511,3068,3.3929,-1.8509,0.0621,-2.841,1.852,-1.2135,3.1081,-1.0,1.2522,1.1422,0.206,-0.4581,1.1606,-0.3851,0.1785,1.0,3.1811
146511,3069,2.7208,0.5212,-1.7473,-2.0167,1.8234,-0.9544,-1.2809,-1.0,17.9424,6.5222,-11.5629,-12.0698,13.2755,-0.8157,-1.0572,1.0,1.3306
146511,3070,2.6132,-0.5468,-1.404,-2.1325,1.5067,-1.1469,-1.9422,-1.0,3.1783,-0.895,-2.9272,-0.8489,3.061,-0.2739,-1.8675,1.0,1.953
146511,3071,47.4432,1.3509,-46.8557,-7.3191,46.8752,-0.1555,-1.542,1.0,45.8589,-7.9079,45.1494,1.4227,45.8367,0.031,1.7442,-1.0,92.8688
146511,3072,6.9821,-2.9758,6.2306,-1.0308,6.9048,-0.1487,2.0164,1.0,3.8283,2.3215,-1.1577,2.8134,2.5942,0.9399,-0.4626,-1.0,9.3555
146511,3073,6.7132,2.4608,1.3604,6.095,2.8118,1.5162,0.505,-1.0,1.372,-0.2356,1.238,0.532,1.2602,0.4106,1.7588,1.0,3.1223
146511,3074,5.1668,0.3077,-5.0197,-1.1801,5.0291,-0.2325,-1.5096,1.0,4.7236,1.2775,4.2852,-1.5187,4.4716,-0.3334,1.2811,-1.0,9.3533
146511,3075,65.2094,4.7548,-61.2013,22.0012,61.3857,0.3511,-1.4933,-1.0,38.0834,1.7658,35.8192,12.8141,35.8627,0.3501,1.5215,1.0,93.6512
146511,3076,0.6872,0.0422,-0.6708,-0.0965,0.6721,-0.143,-1.5079,1.0,0.605,-0.3328,0.4374,0.2299,0.5496,0.407,2.2213,-1.0,1.2301
146511,3077,1.4024,0.5693,1.2595,0.2124,1.3822,0.1531,1.1463,-1.0,4.2188,1.5096,0.9763,-3.8151,1.7978,-1.497,0.574,1.0,3.0492
146511,3078,2.8389,2.0938,1.5266,-1.1548,2.5912,-0.4321,0.63,-1.0,2.0914,0.0498,-0.649,-1.9848,0.6509,-1.834,-1.4943,1.0,3.0143
146511,3079,2.8443,1.0809,-0.9363,-2.4564,1.4301,-1.3098,-0.7138,-1.0,4.5551,0.769,-0.4411,-4.4667,0.8865,-2.3199,-0.5208,1.0,1.2255
146511,3080,8.1974,3.2306,4.3471,-6.1524,5.4161,-0.9743,0.9317,1.0,10.1842,5.2589,3.4394,-8.0139,6.2837,-1.0633,0.5792,-1.0,2.1214
146511,3081,3.1994,3.1381,0.2982,-0.5369,3.1522,-0.1695,0.0947,-1.0,8.1349,7.8361,1.2916,1.7589,7.9418,0.2197,0.1634,1.0,2.0034
146511,3082,1.6343,1.3381,0.2381,-0.9014,1.3592,-0.6223,0.1761,-1.0,1.5454,-1.2824,-0.3306,0.7894,1.3243,0.5655,-2.8893,1.0,3.1759
146511,3083,5.0641,3.7172,2.5825,-2.2688,4.5263,-0.4823,0.6072,1.0,21.9232,5.6885,-1.2652,-21.1343,5.8275,-1.9999,-0.2189,-1.0,9.5086
146511,3084,4.3043,-2.7578,-3.1089,1.1158,4.1558,0.2654,-2.2964,1.0,7.489,4.67,-2.0215,-5.4935,5.0888,-0.9365,-0.4085,-1.0,9.4837
146511,3085,3.3942,-0.5281,-2.3603,2.3789,2.4187,0.8697,-1.7909,-1.0,3.3421,0.5215,2.314,-2.352,2.3721,-0.8754,1.3491,1.0,6.736
146511,3086,4.9723,4.3673,0.7966,2.2372,4.4394,0.4847,0.1804,-1.0,3.5931,-0.4228,3.0049,-1.9214,3.0345,-0.5971,1.7106,1.0,6.577
146511,3087,0.7598,0.0468,-0.5828,-0.4736,0.5846,-0.7406,-1.4906,1.0,3.8865,-2.7437,-1.7186,2.1476,3.2376,0.6224,-2.582,-1.0,2.4933
146511,3088,2.4563,-1.7341,1.6023,-0.6692,2.361,-0.2798,2.3957,-1.0,2.2218,2.0449,-0.066,-0.8598,2.0459,-0.4088,-0.0323,1.0,4.134
146511,3089,46.4657,29.679,-32.9516,13.8709,44.3469,0.3079,-0.8376,1.0,48.1179,-27.6375,31.6209,-23.4864,41.9966,-0.5336,2.2891,-1.0,94.062
146511,3090,44.4426,0.0342,28.9626,33.7091,28.9626,0.9926,1.5696,-1.0,84.1911,-5.1051,-74.4699,38.9398,74.6446,0.5005,-1.6392,1.0,95.7713
146511,3091,37.9322,-24.2187,-16.918,23.7923,29.5426,0.7368,-2.5318,-1.0,54.8729,17.3706,26.698,-44.6823,31.8515,-1.1396,0.994,1.0,89.6318
146511,3092,19.193,8.9429,-3.3616,-16.6459,9.5538,-1.3221,-0.3596,1.0,36.0358,6.279,-0.0697,-35.4843,6.2794,-2.4327,-0.0111,-1.0,9.4438
146511,3093,46.5819,-15.4206,42.6037,-10.8163,45.3086,-0.2365,1.9181,1.0,46.2467,20.0419,-41.6745,0.5467,46.2433,0.0118,-1.1225,-1.0,92.1383
146511,3094,23.3438,4.938,-3.2291,-22.5856,5.9001,-2.0521,-0.5791,-1.0,21.2676,-12.105,-8.9391,-15.0287,15.0478,-0.8805,-2.5055,1.0,19.3883
146511,3095,12.3344,-5.6196,-5.2948,9.6182,7.7211,1.0449,-2.3859,1.0,0.8459,-0.7372,-0.3737,0.1461,0.8265,0.1758,-2.6724,-1.0,2.4161
146511,3096,0.6618,-0.3795,-0.1548,-0.5087,0.4098,-1.0422,-2.7544,1.0,2.8879,0.2845,-1.266,-2.5778,1.2976,-1.4376,-1.3498,-1.0,1.0226
146511,3097,24.0,1.2111,6.4581,23.0828,6.5707,1.9693,1.3854,1.0,11.2815,1.3079,3.243,10.7253,3.4969,1.8395,1.1874,-1.0,1.1561
146511,3098,5.7575,-1.8782,-5.0627,1.9947,5.3999,0.3615,-1.926,1.0,6.0442,2.9886,5.2512,0.1208,6.0421,0.02,1.0534,-1.0,11.5558
146511,3099,10.8739,-6.5884,-1.1455,8.5739,6.6872,1.0675,-2.9694,1.0,7.542,-3.7174,0.0801,6.5609,3.7183,1.3331,3.1201,-1.0,1.6553
146511,3100,46.4837,-29.8598,0.6254,-35.6191,29.8664,-1.0112,3.1207,-1.0,46.4092,28.5538,-1.2452,36.5641,28.5809,1.0658,-0.0436,1.0,92.8768
146511,3101,10.837,1.6961,-9.0075,5.7808,9.1658,0.595,-1.3847,1.0,9.7676,-1.7187,8.2215,-4.9848,8.3992,-0.5632,1.7769,-1.0,20.5741
146511,3102,47.8198,-24.3799,32.13,-25.6905,40.3326,-0.6003,2.2199,1.0,82.3211,9.5326,-48.2644,-66.0033,49.1968,-1.1036,-1.3758,-1.0,89.7114
146511,3103,5.9016,2.6646,0.5324,5.2378,2.7173,1.4108,0.1972,-1.0,3.8257,-1.6516,-1.2487,-3.2153,2.0705,-1.2238,-2.4942,1.0,9.4335
146511,3104,1.5858,-0.7561,-1.0472,0.914,1.2916,0.6589,-2.1961,1.0,1.6101,0.5435,0.8219,-1.269,0.9854,-1.071,0.9865,-1.0,3.161
146511,3105,6.7387,4.7593,-4.5637,-1.3859,6.5938,-0.2087,-0.7644,-1.0,1.0897,-0.4181,-0.8502,-0.5277,0.9475,-0.5316,-2.0278,1.0,3.0765
146511,3106,0.6395,0.3272,-0.276,0.4631,0.4281,0.938,-0.7007,1.0,0.6674,-0.2794,0.1052,-0.5875,0.2986,-1.4291,2.7816,-1.0,1.2888
146511,3107,2.8036,2.1987,0.3126,-1.708,2.2208,-0.7084,0.1412,-1.0,1.6536,-0.9057,-0.7287,-1.1713,1.1625,-0.8868,-2.464,1.0,3.1195
146511,3108,5.6055,-1.207,3.0712,4.5301,3.2999,1.1221,1.9452,-1.0,17.6742,-6.034,7.0502,15.0416,9.2798,1.26,2.2787,1.0,2.0044
146511,3109,57.3226,-33.0301,-41.9436,-20.8713,53.3878,-0.3816,-2.2379,-1.0,45.3512,30.5956,30.5726,-13.6361,43.2524,-0.3103,0.785,1.0,95.9995
146511,3110,0.5827,-0.5275,0.0479,0.2187,0.5297,0.402,3.0511,-1.0,2.4415,2.1368,-0.7188,0.9313,2.2544,0.4022,-0.3245,1.0,2.1872
146511,3111,4.6036,1.3852,1.9407,-3.9366,2.3844,-1.2757,0.9509,1.0,11.5219,-0.2479,3.6417,-10.9279,3.6501,-1.8165,1.6388,-1.0,2.5732
146511,3112,2.5564,1.8717,1.5848,-0.7134,2.4525,-0.2869,0.7026,-1.0,2.1889,-1.0245,1.9109,0.2809,2.1682,0.1292,2.0629,1.0,3.0648
146511,3113,1.6688,-0.5266,-0.8959,-1.3014,1.0392,-1.049,-2.1022,1.0,1.4573,0.246,0.618,1.2923,0.6652,1.4177,1.192,-1.0,3.101
146511,3114,2.6088,1.252,1.037,2.0377,1.6257,1.0497,0.6917,1.0,2.3414,1.1824,1.7138,1.0659,2.082,0.4919,0.9669,-1.0,1.1749
146511,3115,2.1014,-1.5993,-1.2177,-0.6035,2.0101,-0.2959,-2.4908,-1.0,1.1373,0.7026,0.8781,0.1327,1.1246,0.1177,0.896,1.0,3.0575
146511,3116,5.2154,-4.0561,2.233,2.3981,4.6302,0.4972,2.6384,-1.0,20.6079,-13.0876,12.7813,9.4883,18.2934,0.4979,2.368,1.0,2.4942
146511,3117,10.3862,1.4526,-1.7801,10.1283,2.2975,2.1893,-0.8864,1.0,1.8542,1.2123,-0.8441,1.1157,1.4772,0.6973,-0.6083,-1.0,3.0679
146511,3118,6.1625,-5.3298,2.6627,1.5709,5.9579,0.2607,2.6783,-1.0,0.7037,-0.3767,0.5834,-0.0432,0.6944,-0.0622,2.1441,1.0,1.3076
146511,3119,2.887,-0.9369,2.0193,-1.8353,2.226,-0.7517,2.0052,1.0,1.7539,0.8873,-0.5903,-1.389,1.0657,-1.0805,-0.5871,-1.0,3.0162
146511,3120,2.4222,0.0175,1.7555,-1.6654,1.7556,-0.8445,1.5609,1.0,0.5518,0.1946,0.387,0.3251,0.4331,0.6936,1.1049,-1.0,1.5533
146511,3121,5.4056,3.8426,2.1004,-3.1673,4.3792,-0.6716,0.5002,-1.0,10.901,6.7051,3.4457,-7.8734,7.5386,-0.9124,0.4747,1.0,1.4127
146511,3122,0.8501,-0.5875,-0.3467,-0.4961,0.6822,-0.6748,-2.6084,1.0,0.7722,0.5229,0.3282,0.4516,0.6174,0.6783,0.5606,-1.0,1.6203
146511,3123,8.6588,1.9201,0.5283,-8.4261,1.9914,-2.1493,0.2685,1.0,6.3277,2.327,0.6168,-5.8509,2.4074,-1.6211,0.2591,-1.0,1.1897
146511,3124,0.3685,0.1888,0.1922,-0.2281,0.2694,-0.7686,0.7944,1.0,5.0755,1.2097,1.6796,4.633,2.0699,1.5454,0.9466,-1.0,2.1848
146511,3125,5.107,1.6348,0.3791,4.8223,1.6782,1.7777,0.2279,1.0,1.4463,0.2572,-0.374,1.3692,0.4539,1.8236,-0.9682,-1.0,1.0161
146511,3126,12.0067,5.2124,-2.099,10.6101,5.6192,1.3925,-0.3828,1.0,9.7786,3.6846,-4.5299,7.8431,5.8392,1.1045,-0.8879,-1.0,3.3136
146511,3127,2.934,1.0678,1.6114,2.2046,1.9331,0.9773,0.9856,-1.0,3.3249,-0.403,-0.7484,-3.2127,0.85,-2.0398,-2.0648,1.0,6.0804
146511,3128,6.1158,3.3992,0.8997,-5.0028,3.5162,-1.1512,0.2587,1.0,1.8364,-0.5178,-0.2049,-1.7467,0.5568,-1.8608,-2.7648,-1.0,2.9826
146511,3129,39.4327,-4.0952,-3.0224,-39.1027,5.0898,-2.7363,-2.5058,-1.0,53.7483,2.9725,-25.3429,47.3051,25.5166,1.3763,-1.454,1.0,88.3717
146511,3130,19.2357,4.6083,2.7837,-18.4666,5.3838,-1.9463,0.5434,-1.0,4.5931,0.4069,0.7419,-4.5132,0.8462,-2.3759,1.0691,1.0,1.4682
146511,3131,45.6388,18.9125,-21.6876,35.4239,28.7756,1.0357,-0.8536,1.0,51.9389,7.8141,-4.7447,-51.128,9.1418,-2.4225,-0.5457,-1.0,88.6669
146511,3132,1.065,0.887,-0.5084,0.2789,1.0224,0.2695,-0.5204,1.0,1.2486,-1.0668,0.6357,0.0749,1.2419,0.0603,2.6042,-1.0,2.2758
146511,3133,1.5299,0.9527,0.3278,-1.1465,1.0075,-0.9756,0.3314,1.0,1.6957,0.3117,-1.5897,-0.4899,1.6199,-0.298,-1.3771,-1.0,2.1297
146511,3134,0.8718,0.6115,0.4256,-0.4403,0.745,-0.5611,0.608,-1.0,2.9437,-1.8667,-0.6487,2.1791,1.9762,0.9521,-2.8071,1.0,3.1479
146511,3135,3.9164,-2.2171,-0.7424,3.1401,2.338,1.1044,-2.8185,1.0,5.8078,2.5133,1.8243,-4.9065,3.1056,-1.2383,0.6279,-1.0,9.4963
146511,3136,4.9735,-0.6145,-1.7913,-4.5976,1.8938,-1.6201,-1.9013,1.0,4.4334,0.1613,2.1936,3.8479,2.1995,1.3256,1.4974,-1.0,9.3574
146511,3137,12.9021,-0.4761,6.901,10.8905,6.9174,1.2353,1.6397,1.0,0.3544,-0.1059,-0.2773,0.1623,0.2968,0.5227,-1.9355,-1.0,3.0594
146511,3138,5.0967,-3.3734,2.7699,2.6293,4.3649,0.5709,2.4541,-1.0,4.6606,4.1429,-1.9225,-0.9224,4.5672,-0.2006,-0.4345,1.0,9.5385
146511,3139,21.6281,19.8248,7.2754,4.6696,21.1177,0.2194,0.3517,1.0,22.125,-20.2434,-7.4462,-4.9258,21.5694,-0.2264,-2.7891,-1.0,43.7499
146511,3140,12.4281,1.0281,10.5951,-6.4135,10.6449,-0.571,1.4741,-1.0,2.6331,-0.2762,2.4067,-1.0263,2.4225,-0.4119,1.6851,1.0,1.3693
146511,3141,1.9455,1.3371,1.0557,-0.9334,1.7036,-0.5237,0.6684,-1.0,2.0833,-1.5167,0.9286,-1.08,1.7784,-0.5751,2.5922,1.0,2.8648
146511,3142,42.8386,18.0324,38.4003,-5.9491,42.4234,-0.1398,1.1318,-1.0,60.2181,-30.6848,-26.9515,44.2523,40.8404,0.9392,-2.4209,1.0,94.1403
146511,3143,7.7526,3.0317,4.2944,5.6973,5.2567,0.9394,0.9561,-1.0,2.3275,0.787,1.8065,1.2341,1.9705,0.5912,1.16,1.0,1.3268
146511,3144,5.2906,4.4121,-2.6554,-1.2088,5.1495,-0.2326,-0.5418,-1.0,4.8916,-3.8761,2.1262,-2.0908,4.421,-0.4569,2.6399,1.0,9.6032
146511,3145,2.0767,-0.2765,2.0525,0.1109,2.071,0.0535,1.7047,1.0,3.5454,3.1037,1.7066,-0.1168,3.5419,-0.033,0.5027,-1.0,3.0797
146511,3146,3.477,0.1627,-1.6618,3.048,1.6697,1.3627,-1.4732,1.0,0.8569,0.574,0.5743,-0.2528,0.812,-0.3065,0.7856,-1.0,3.0404
146511,3147,1.384,0.0314,0.6808,1.1999,0.6815,1.3311,1.5248,-1.0,8.1854,5.464,-1.1462,5.9851,5.5829,0.9314,-0.2068,1.0,3.0878
146511,3148,17.3649,-6.9375,-3.4715,15.5354,7.7576,1.4448,-2.6776,-1.0,4.4188,2.5046,-2.608,2.5377,3.6159,0.6541,-0.8056,1.0,9.5542
146511,3149,0.5211,0.4403,-0.1209,-0.2279,0.4566,-0.4805,-0.268,1.0,5.0515,2.708,0.1825,-4.2592,2.7141,-1.2326,0.0673,-1.0,1.0027
146511,3150,21.6372,-5.1482,2.4562,-20.8715,5.7042,-2.0085,2.6964,-1.0,4.5771,-0.5097,0.8245,-4.472,0.9694,-2.2336,2.1245,1.0,1.4556
146511,3151,6.4157,2.4226,-4.9566,-3.273,5.517,-0.563,-1.1162,1.0,0.6028,-0.2804,-0.2499,0.4595,0.3756,1.0307,-2.4137,-1.0,3.1059
146511,3152,41.6518,-11.0989,-2.1889,-40.0859,11.3127,-1.9776,-2.9469,1.0,27.1855,-6.184,-1.5393,-26.4278,6.3727,-2.1298,-2.8976,-1.0,1.3763
146511,3153,1.3894,-1.2251,-0.4821,0.4313,1.3165,0.322,-2.7667,1.0,0.9343,0.4199,-0.7965,0.2259,0.9004,0.2484,-1.0857,-1.0,1.6385
146511,3154,1.0432,0.0397,-0.9969,0.2858,0.9977,0.2827,-1.531,1.0,2.1206,-0.2577,1.7852,1.1102,1.8037,0.5821,1.7142,-1.0,2.7188
146511,3155,12.9676,0.8053,-8.9612,-9.3379,8.9973,-0.9079,-1.4812,-1.0,3.3887,0.4181,-2.7824,-1.8857,2.8137,-0.6281,-1.4216,1.0,1.4673
146511,3156,18.678,-2.3132,-1.9968,18.426,3.0558,2.4967,-2.4295,-1.0,13.3512,-4.765,3.0471,12.0935,5.656,1.5038,2.5727,1.0,6.5744
146511,3157,9.3989,2.6001,1.2023,8.9511,2.8646,1.8572,0.4331,1.0,5.544,0.7332,0.0414,5.4941,0.7344,2.71,0.0565,-1.0,1.4028
146511,3158,45.1289,42.4159,-15.3615,1.2338,45.1119,0.0273,-0.3475,1.0,48.2214,-46.3534,13.0141,2.6993,48.1456,0.056,2.8679,-1.0,93.1546
146511,3159,1.705,-1.5222,0.7306,0.2122,1.6885,0.1253,2.6941,-1.0,1.6389,1.4494,-0.6657,-0.3617,1.5949,-0.2249,-0.4306,1.0,3.3391
146511,3160,38.4148,36.6204,7.1118,-9.1684,37.3046,-0.2434,0.1918,-1.0,62.0001,-57.7607,22.3178,3.1006,61.9224,0.0501,2.7729,1.0,93.4523
146511,3161,52.3485,-1.9845,-21.9986,47.4602,22.088,1.5082,-1.6608,-1.0,36.0815,1.4061,12.5302,-33.8065,12.6088,-1.7125,1.459,1.0,86.853
146511,3162,0.6336,0.1279,0.6081,0.0646,0.6214,0.1038,1.3635,-1.0,1.0008,0.1529,-0.6382,-0.7482,0.6563,-0.9771,-1.3357,1.0,1.4576
146511,3163,0.7684,0.73,0.1356,-0.1674,0.7425,-0.2236,0.1837,-1.0,5.2761,-2.2147,1.0094,-4.68,2.4338,-1.4086,2.7139,1.0,3.086
146511,3164,1.4294,-0.3811,1.1779,-0.7066,1.238,-0.5436,1.8837,1.0,1.6533,0.8595,-1.0697,0.9162,1.3722,0.626,-0.8939,-1.0,3.0362
146511,3165,1.737,-0.3449,-0.8704,1.4592,0.9363,1.2268,-1.9481,1.0,2.1229,1.4858,1.453,0.4202,2.0782,0.2009,0.7742,-1.0,3.1185
146511,3166,10.0546,3.0771,-8.98,-3.3129,9.4926,-0.3423,-1.2407,-1.0,4.2269,0.2042,-2.6832,-3.2579,2.691,-1.0228,-1.4949,1.0,3.7401
146511,3167,5.7021,-3.152,-2.003,4.3076,3.7346,0.9858,-2.5755,-1.0,5.4382,3.0591,-0.213,-4.4899,3.0666,-1.1747,-0.0695,1.0,10.9157
146511,3168,25.2384,10.7233,10.8193,-20.1226,15.2331,-1.0912,0.7899,-1.0,24.7904,-10.8988,-9.9205,19.9337,14.7377,1.1101,-2.4031,1.0,50.02
146511,3169,3.6319,-1.1527,0.666,-3.3775,1.3313,-1.6609,2.6177,1.0,1.3719,1.2208,0.4067,-0.4637,1.2868,-0.353,0.3216,-1.0,3.0213
146511,3170,47.8793,28.6439,-37.3489,-8.7754,47.0681,-0.1854,-0.9165,1.0,56.4983,-14.0452,31.4212,-44.805,34.4174,-1.0796,1.9912,-1.0,88.1792
146511,3171,10.1547,1.2204,-5.0601,-8.7185,5.2052,-1.2881,-1.3341,-1.0,3.4163,1.2272,-2.7092,-1.6775,2.9742,-0.5377,-1.1455,1.0,3.1211
146511,3172,2.6851,0.9139,-1.3096,-2.156,1.597,-1.1086,-0.9615,1.0,2.3377,-1.9201,-1.0139,-0.8597,2.1713,-0.3863,-2.6557,-1.0,3.1182
146511,3173,47.6921,-21.1933,-42.3159,5.8937,47.3264,0.1242,-2.0351,1.0,48.3374,21.0463,43.3361,-3.9396,48.1764,-0.0817,1.1187,-1.0,96.0041
146511,3174,8.4934,4.091,0.023,-7.4424,4.091,-1.3597,0.0056,-1.0,14.5895,3.1537,-0.126,-14.2436,3.1563,-2.2121,-0.0399,1.0,3.1684
146511,3175,3.9374,1.9188,-2.9904,1.6933,3.5531,0.4601,-1.0003,1.0,6.9217,3.092,-4.071,4.6652,5.1121,0.8182,-0.9212,-1.0,1.586
146511,3176,2.2462,1.1299,-0.1465,-1.9329,1.1394,-1.299,-0.1289,-1.0,10.2871,-4.0307,3.8192,8.6591,5.5528,1.2273,2.3831,1.0,9.4836
146511,3177,3.5034,0.3167,-0.9052,3.368,0.959,1.969,-1.2343,1.0,0.8208,0.5063,0.2046,-0.6036,0.5461,-0.9539,0.3841,-1.0,3.1447
146511,3178,1.7862,-1.5241,-0.2376,0.8945,1.5425,0.5515,-2.9869,1.0,0.5553,0.1885,-0.1176,-0.4979,0.2222,-1.5465,-0.5578,-1.0,1.8481
146511,3179,9.3126,-8.6242,3.0053,1.818,9.1328,0.1978,2.8063,-1.0,10.525,5.3273,-0.814,-9.0399,5.3892,-1.2893,-0.1516,1.0,18.0471
146511,3180,47.4507,-15.163,-44.7151,4.7115,47.2161,0.0996,-1.8977,-1.0,44.2998,11.8019,42.2322,-6.2947,43.8502,-0.1431,1.2983,1.0,91.6416
146511,3181,1.769,-0.2785,-1.3687,-1.0803,1.3968,-0.7118,-1.7716,1.0,3.3093,-0.0011,0.6572,3.2417,0.6572,2.2991,1.5725,-1.0,4.5313
146511,3182,1.0288,-0.5209,-0.5501,0.688,0.7576,0.8148,-2.3289,1.0,14.0613,-4.7606,-9.9474,8.7232,11.0279,0.7256,-2.0172,-1.0,1.0239
146511,3183,1.8373,-0.2252,-1.5402,0.9703,1.5566,0.5887,-1.716,1.0,1.8106,0.9583,-0.2015,1.5193,0.9792,1.223,-0.2072,-1.0,1.881
146511,3184,4.1931,1.8493,0.9145,3.649,2.063,1.3352,0.4593,-1.0,15.0661,7.2374,-2.6849,12.9378,7.7194,1.2886,-0.3552,1.0,3.177
146511,3185,4.9371,3.098,-3.1499,2.2009,4.4181,0.4796,-0.7937,1.0,4.1377,0.4706,3.5122,-2.1336,3.5436,-0.5706,1.4376,-1.0,8.3355
146511,3186,1.8929,-0.8073,-1.3233,-1.0813,1.5501,-0.6507,-2.1186,-1.0,1.308,0.735,1.022,0.3391,1.2588,0.2662,0.9473,1.0,3.0982
146511,3187,10.7281,-4.3606,0.2891,9.7971,4.3702,1.5468,3.0754,1.0,2.4376,1.6149,1.3949,-1.1736,2.1339,-0.5255,0.7124,-1.0,9.4127
146511,3188,4.8239,-1.4953,1.3188,4.3913,1.9938,1.5307,2.4188,-1.0,19.1197,-5.0746,2.186,18.3036,5.5254,1.9129,2.7348,1.0,1.6703
146511,3189,1.5624,-0.636,-0.1775,1.412,0.6603,1.5039,-2.8695,-1.0,1.8869,-0.9802,0.7958,1.3982,1.2626,0.9553,2.4596,1.0,1.0026
146511,3190,8.7495,-0.5871,7.3179,4.7587,7.3415,0.6097,1.6508,-1.0,10.1871,-1.8582,-7.5118,-6.6246,7.7382,-0.7759,-1.8133,1.0,18.6841
146511,3191,8.6189,-0.1098,-4.5394,7.325,4.5407,1.2559,-1.595,-1.0,12.3417,-1.3346,-5.7604,10.8325,5.9129,1.3659,-1.7985,1.0,1.216
146511,3192,1.2497,-0.2239,0.1891,1.2103,0.2931,2.1256,2.4404,1.0,2.7867,-2.1562,-0.9958,-1.4538,2.3751,-0.5792,-2.7089,-1.0,3.1492
146511,3193,1.9908,-1.1986,-0.2085,-1.5722,1.2166,-1.0737,-2.9694,-1.0,2.6683,1.6026,1.4524,-1.5592,2.1628,-0.6697,0.7363,1.0,3.1924
146511,3194,9.4507,-5.0814,-5.4869,5.7773,7.4784,0.7111,-2.3178,1.0,1.1815,0.3194,-1.0656,0.3836,1.1124,0.3383,-1.2796,-1.0,3.0779
146511,3195,11.3258,-1.3377,-5.5277,-9.7937,5.6872,-1.3119,-1.8082,-1.0,7.6469,-6.764,1.5358,-3.2176,6.9362,-0.4487,2.9183,1.0,10.4448
146511,3196,2.6647,-1.1042,-0.5231,-2.3657,1.2218,-1.4147,-2.6991,1.0,36.6865,-4.3783,-8.2901,-35.4682,9.3752,-2.0407,-2.0567,-1.0,3.063
146511,3197,4.4009,1.5864,2.0171,-3.5737,2.5662,-1.1337,0.9044,-1.0,4.4312,-2.1083,-1.856,3.4256,2.8088,1.0284,-2.4198,1.0,8.814
146511,3198,1.7826,-0.6515,0.207,1.6429,0.6836,1.6107,2.8339,-1.0,4.5723,-0.9884,2.0766,3.9504,2.2999,1.3097,2.015,1.0,1.0934
146511,3199,48.449,-13.205,-27.1753,-37.8738,30.2137,-1.0498,-2.0231,1.0,47.3306,12.2658,29.2283,35.1486,31.6977,0.9563,1.1735,-1.0,95.7141
146511,3200,4.0283,-3.7374,0.8687,-1.2217,3.8371,-0.3133,2.9132,1.0,5.8266,3.8839,-1.9091,3.8999,4.3277,0.8097,-0.4569,-1.0,9.4256
146511,3201,39.5991,-12.441,-36.7996,-7.6873,38.8457,-0.1966,-1.8968,-1.0,67.4863,24.0588,45.8081,-43.3265,51.7417,-0.7616,1.0872,1.0,92.9987
146511,3202,51.753,14.2866,20.0913,45.5038,24.6529,1.3725,0.9527,-1.0,43.3752,-5.3747,-29.1003,-31.7125,29.5925,-0.9311,-1.7534,1.0,93.2662
146511,3203,1.4627,-0.0611,0.7984,1.2194,0.8008,1.2074,1.6472,1.0,1.7554,0.158,-0.4593,-1.6835,0.4858,-1.9563,-1.2394,-1.0,3.1648
146511,3204,48.665,45.4113,-16.2582,6.4623,48.2339,0.1336,-0.3438,1.0,41.9148,-38.7125,14.7762,-6.3122,41.4366,-0.1518,2.777,-1.0,90.3195
146511,3205,0.399,-0.0147,-0.3211,-0.2114,0.3214,-0.6176,-1.6164,1.0,4.6305,2.2395,-0.8093,-3.9699,2.3813,-1.284,-0.3468,-1.0,1.2588
146511,3206,6.8777,-3.1785,-2.2049,5.6857,3.8684,1.1779,-2.5351,1.0,13.9421,-4.6103,-6.568,11.4007,8.0246,1.15,-2.1828,-1.0,1.9717
146511,3207,10.0785,-2.7593,0.2064,-9.6906,2.7671,-1.9663,3.0669,-1.0,0.3834,-0.1989,0.1465,-0.2735,0.2471,-0.955,2.5066,1.0,1.1366
146511,3208,6.8706,-1.3795,-1.7762,6.4912,2.249,1.7819,-2.2312,-1.0,2.2004,-1.4891,-1.5802,-0.3408,2.1713,-0.1563,-2.3265,1.0,4.996
146511,3209,0.78,-0.0896,-0.0338,0.7668,0.0957,2.7778,-2.7809,-1.0,2.2921,-0.608,1.5232,1.5977,1.64,0.863,1.9506,1.0,1.0684
146511,3210,9.4782,-5.2689,5.9572,-5.1552,7.9529,-0.6097,2.295,-1.0,14.8352,-7.2189,10.3349,-7.8199,12.6065,-0.5862,2.1805,1.0,1.1892
146511,3211,2.13,1.7223,0.3421,-1.201,1.756,-0.6395,0.1961,-1.0,1.158,-0.7061,0.1871,0.8923,0.7304,1.0297,2.8825,1.0,3.0664
146511,3212,10.0219,-1.2078,2.4113,-9.6516,2.6968,-1.9872,2.0352,-1.0,3.8774,-0.8364,-3.781,-0.1678,3.8724,-0.0433,-1.7885,1.0,9.5244
146511,3213,4.9009,-0.1191,3.3947,-3.5312,3.3968,-0.9091,1.6059,-1.0,5.6203,-3.3034,3.3365,-3.0873,4.6952,-0.6175,2.3512,1.0,3.1412
146511,3214,1.206,0.2871,-1.0614,0.4841,1.0996,0.4272,-1.3067,1.0,3.27,-1.2809,1.2621,2.7292,1.7982,1.2046,2.3636,-1.0,2.9466
146511,3215,8.6165,-6.6277,2.0929,-5.0918,6.9503,-0.6792,2.8357,1.0,2.6545,-0.6331,0.5846,-2.5085,0.8617,-1.7899,2.396,-1.0,3.0631
146511,3216,0.718,0.6697,0.2095,0.11,0.7017,0.1561,0.3032,-1.0,0.6576,-0.6379,-0.0823,0.0874,0.6432,0.1354,-3.0132,1.0,1.3551
146511,3217,3.8121,-2.5517,1.7914,-2.191,3.1178,-0.6549,2.5295,1.0,1.1549,0.2794,0.958,-0.5717,0.9979,-0.5454,1.287,-1.0,2.0776
146511,3218,3.5969,0.6494,1.2069,3.3239,1.3705,1.6191,1.0772,1.0,2.5452,0.4417,-2.5039,-0.0464,2.5426,-0.0182,-1.3962,-1.0,4.9102
146511,3219,12.4369,-6.5306,7.7073,7.2535,10.102,0.6674,2.2737,1.0,12.4752,5.7495,-6.0838,-9.2493,8.3707,-0.9537,-0.8136,-1.0,24.7665
146511,3220,1.0942,-0.5943,-0.666,-0.624,0.8926,-0.6519,-2.2993,-1.0,1.2515,0.5985,0.9192,0.5933,1.0969,0.5175,0.9937,1.0,2.3318
146511,3221,4.8459,-0.3587,3.9561,-2.7736,3.9723,-0.6512,1.6612,1.0,4.7833,1.8247,-3.3072,2.933,3.7771,0.7142,-1.0666,-1.0,9.4935
146511,3222,9.1082,3.4852,-8.397,0.5392,9.0916,0.0593,-1.1774,-1.0,3.7094,1.009,1.8235,3.0668,2.0841,1.1789,1.0654,1.0,9.3743
146511,3223,1.9514,-0.1415,-0.089,-1.9414,0.1672,-3.1472,-2.5801,-1.0,1.3693,-0.5142,0.3231,1.2227,0.6073,1.4496,2.5805,1.0,3.1664
146511,3224,16.4678,4.5473,14.6133,6.0785,15.3045,0.3874,1.2691,1.0,2.4727,0.0288,1.3106,2.0939,1.311,1.2475,1.5488,-1.0,4.176
146511,3225,7.7845,1.1365,-6.3938,-4.2913,6.494,-0.6203,-1.3949,-1.0,3.1859,-1.3565,2.8736,0.204,3.1776,0.0641,2.0118,1.0,9.5501
146511,3226,8.7074,0.299,-7.9432,-3.553,7.9488,-0.4333,-1.5332,-1.0,4.4164,-2.0457,-3.6677,-1.3625,4.1997,-0.319,-2.0796,1.0,3.1949
146511,3227,1.5559,0.1198,-0.0032,-1.5477,0.1198,-3.2529,-0.0264,-1.0,0.6524,0.3907,-0.1328,0.4941,0.4127,1.0143,-0.3276,1.0,1.8675
146511,3228,7.8209,1.3215,6.3325,-4.3942,6.4689,-0.6356,1.3651,-1.0,1.2473,0.5111,-0.1175,-1.1268,0.5244,-1.5082,-0.226,1.0,3.1253
146511,3229,0.8206,0.4518,0.1041,-0.6688,0.4636,-1.1625,0.2266,1.0,0.6195,0.2817,-0.0181,0.5412,0.2823,1.4061,-0.064,-1.0,1.2298
146511,3230,0.6146,-0.0715,-0.4475,0.4014,0.4532,0.7982,-1.7292,1.0,8.3892,0.7213,2.2342,8.0533,2.3478,1.9464,1.2585,-1.0,2.4436
146511,3231,1.2499,-0.5327,-1.1016,0.2318,1.2237,0.1883,-2.0212,-1.0,3.0472,3.0273,0.066,0.3248,3.028,0.1071,0.0218,1.0,3.2954
146511,3232,11.507,-9.9688,0.0912,-5.7458,9.9692,-0.5484,3.1324,-1.0,11.9362,11.822,-1.5631,-0.5067,11.9249,-0.0425,-0.1315,1.0,22.4697
146511,3233,1.0167,-0.1812,0.179,0.9786,0.2547,2.0558,2.3624,1.0,3.8304,-1.717,2.1007,2.7017,2.7132,0.8784,2.256,-1.0,1.0719
146511,3234,1.6727,0.2564,-1.3615,-0.9312,1.3855,-0.6297,-1.3847,-1.0,2.0506,0.6423,-0.2461,-1.9289,0.6878,-1.7547,-0.3659,1.0,1.5134
146511,3235,27.0042,0.7265,19.5754,18.5874,19.5889,0.8448,1.5337,-1.0,6.0045,-0.319,3.9417,4.5171,3.9546,0.9785,1.6516,1.0,1.5928
146511,3236,45.7801,33.2826,29.5848,10.6212,44.5308,0.2363,0.7266,-1.0,45.8216,-32.5197,-30.2198,-11.3507,44.3934,-0.253,-2.3928,1.0,91.5934
146511,3237,4.0668,3.0389,-1.0655,-2.4814,3.2203,-0.7095,-0.3372,-1.0,1.3181,1.1998,0.1574,-0.5117,1.2101,-0.4112,0.1305,1.0,1.1166
146511,3238,16.1674,-3.9198,-7.0523,-14.0098,8.0684,-1.3191,-2.0781,1.0,12.4459,-4.9277,-2.8155,-11.0762,5.6753,-1.4218,-2.6225,-1.0,3.7105
146511,3239,6.2661,0.7084,-6.1917,-0.6438,6.2321,-0.1031,-1.4569,-1.0,1.1113,0.5988,-0.9288,-0.0512,1.1051,-0.0463,-0.9981,1.0,1.2385
146511,3240,45.6936,-32.5467,19.5721,25.4075,37.9784,0.6271,2.6002,-1.0,43.4924,33.5305,-14.9569,-23.3146,36.7152,-0.5986,-0.4196,1.0,89.0365
146511,3241,1.2386,-0.8688,-0.478,-0.7346,0.9916,-0.6858,-2.6387,-1.0,12.3143,-2.9063,1.9008,-11.814,3.4727,-1.9384,2.5624,1.0,3.1523
146511,3242,85.0417,52.0593,2.1351,-67.2112,52.1031,-1.0723,0.041,-1.0,25.4876,-21.8693,8.2466,10.1652,23.3725,0.4223,2.781,1.0,89.125
146511,3243,2.378,-0.0897,0.8194,2.228,0.8243,1.7201,1.6799,1.0,2.3783,0.0903,-0.8117,-2.2312,0.8168,-1.73,-1.46,-1.0,4.7563
146511,3244,7.7387,-1.9218,-1.8132,7.2729,2.6421,1.7372,-2.3853,-1.0,4.4159,0.2065,-1.3078,4.2114,1.324,1.8741,-1.4142,1.0,1.7781
146511,3245,1.5098,-1.3474,0.0122,-0.6726,1.3475,-0.4805,3.1326,1.0,1.5057,1.433,0.0818,0.4425,1.4354,0.3036,0.057,-1.0,3.004
146511,3246,1.0386,-1.0213,0.1402,-0.069,1.0309,-0.0669,3.0052,-1.0,2.1925,1.1734,0.8114,1.6615,1.4267,0.9931,0.605,1.0,2.641
146511,3247,10.5598,-8.9552,5.4417,-1.2999,10.4789,-0.1237,2.5956,1.0,4.0577,1.8559,2.0254,-2.9846,2.7471,-0.9412,0.829,-1.0,9.4423
146511,3248,63.3347,4.6418,-44.3425,-44.9829,44.5848,-0.8877,-1.4665,1.0,78.9876,-47.2206,36.374,-51.8283,59.6058,-0.786,2.4852,-1.0,94.9039
146511,3249,7.4828,-3.7268,3.9738,5.1284,5.4479,0.8393,2.3241,-1.0,12.7831,-8.3508,7.9198,5.562,11.5091,0.4662,2.3827,1.0,3.0154
146511,3250,45.951,31.687,5.5068,32.8191,32.1619,0.8957,0.1721,1.0,45.3062,-31.8667,-6.1102,-31.62,32.4472,-0.8632,-2.9521,-1.0,91.2472
146511,3251,2.4737,0.0828,-0.5471,-2.4087,0.5533,-2.177,-1.4205,-1.0,2.7843,-1.8762,1.5763,-1.3178,2.4505,-0.5147,2.4429,1.0,3.0797
146511,3252,2.1781,1.5088,-1.5386,-0.2986,2.155,-0.1381,-0.7952,-1.0,1.8652,-0.6107,1.0017,1.4462,1.1732,1.0368,2.1183,1.0,3.7332
146511,3253,2.0024,1.8258,0.4007,-0.7102,1.8692,-0.3714,0.2161,-1.0,2.2885,-2.0847,-0.6008,-0.7204,2.1696,-0.3262,-2.861,1.0,4.0321
146511,3254,8.9019,-2.0425,-8.2582,-2.6196,8.507,-0.3033,-1.8133,1.0,1.7673,-0.155,0.6665,-1.626,0.6843,-1.6002,1.7993,-1.0,5.7744
146511,3255,2.7674,-0.2211,-2.4348,-1.2924,2.4448,-0.5067,-1.6614,-1.0,16.2517,2.4299,-7.521,14.1999,7.9038,1.3488,-1.2583,1.0,9.5459
146511,3256,2.0745,1.5185,-0.1216,-1.4043,1.5233,-0.825,-0.0799,-1.0,2.1053,-1.7029,0.2094,1.2155,1.7157,0.6596,3.0192,1.0,4.1706
146511,3257,1.4352,-1.3065,0.2237,0.5399,1.3255,0.3968,2.972,-1.0,2.1789,-0.9584,0.1637,1.9471,0.9723,1.4448,2.9724,1.0,1.2635
146511,3258,1.4861,1.121,-0.2092,0.947,1.1404,0.7563,-0.1845,-1.0,2.4387,-1.8866,1.0425,1.1359,2.1554,0.5052,2.6368,1.0,3.1282
146511,3259,5.8927,-0.4735,0.7859,5.8199,0.9175,2.5467,2.1131,1.0,10.1361,-1.6081,3.6729,9.3088,4.0095,1.5789,1.9835,-1.0,1.9577
146511,3260,5.7415,0.41,3.0183,-4.8657,3.046,-1.2476,1.4358,-1.0,28.1969,4.3198,12.5599,-24.8724,13.2821,-1.3852,1.2395,1.0,1.5492
146511,3261,4.8282,-2.0115,2.207,-3.7925,2.9861,-1.06,2.3099,-1.0,5.6118,-3.6545,3.9443,-1.6026,5.377,-0.2938,2.3181,1.0,3.1534
146511,3262,1.0804,-0.8903,-0.3655,-0.4795,0.9624,-0.4796,-2.7521,1.0,4.8199,-3.875,1.0341,-2.6712,4.0106,-0.6246,2.8808,-1.0,1.3159
146511,3263,0.5835,0.0941,0.4295,-0.3688,0.4397,-0.7627,1.3551,-1.0,5.7334,5.7066,0.4707,0.2713,5.726,0.0474,0.0823,1.0,2.3314
146511,3264,1.2814,-0.0564,-1.2755,-0.0269,1.2767,-0.0211,-1.615,-1.0,17.2783,0.2217,-4.4804,16.6855,4.4859,2.0243,-1.5214,1.0,5.8135
146511,3265,2.5698,1.0164,2.3364,0.3178,2.5479,0.1244,1.1605,-1.0,3.3321,-1.0004,3.1391,-0.487,3.2946,-0.1473,1.8793,1.0,2.1961
146511,3266,7.659,5.1047,-1.9194,5.3765,5.4536,0.8713,-0.3597,-1.0,1.4875,0.4821,0.6865,1.2239,0.8388,1.1718,0.9586,1.0,2.7132
146511,3267,9.8524,2.834,-8.5302,4.0327,8.9887,0.4348,-1.25,1.0,5.8638,-3.3987,-3.994,-2.621,5.2444,-0.481,-2.2758,-1.0,9.3718
146511,3268,48.0915,9.09,-46.6205,7.5287,47.4984,0.1578,-1.3782,-1.0,46.2471,-16.2519,38.3666,20.0664,41.6668,0.4647,1.9715,1.0,89.5481
146511,3269,21.3657,-6.3828,-14.6799,14.1506,16.0075,0.7969,-1.9809,-1.0,6.6975,-1.4471,-4.5024,4.7413,4.7293,0.8832,-1.8818,1.0,1.17
146511,3270,45.0102,26.8879,-11.3809,34.2553,29.1974,0.9987,-0.4004,1.0,44.4974,-25.3273,10.4363,-35.066,27.3932,-1.0663,2.7507,-1.0,89.4854
146511,3271,0.423,0.0282,0.3708,0.1717,0.3719,0.4467,1.4948,-1.0,16.4848,-4.6792,-0.8879,15.7814,4.7627,1.9132,-2.9541,1.0,3.0778
146511,3272,2.5973,-2.3638,0.0217,-1.0709,2.3639,-0.4388,3.1324,1.0,3.0657,-0.5673,2.4848,-1.7004,2.5487,-0.6256,1.7953,-1.0,3.0848
146511,3273,17.8523,-1.1422,2.4569,17.6452,2.7094,2.5727,2.006,1.0,44.0236,-6.2472,9.3496,42.5632,11.2446,2.0413,2.1598,-1.0,3.0958
146511,3274,1.3461,0.814,0.1972,1.0485,0.8375,1.0487,0.2377,1.0,1.813,-0.9274,-0.4238,-1.4954,1.0197,-1.176,-2.7129,-1.0,3.117
146511,3275,2.9161,2.5533,-0.6665,-1.2365,2.6389,-0.4529,-0.2554,1.0,7.5725,-6.0492,1.2059,4.3915,6.1682,0.6624,2.9448,-1.0,9.3566
146511,3276,1.34,-0.3556,0.5045,-1.1847,0.6172,-1.407,2.1848,-1.0,8.5203,-1.8166,0.5388,-8.3062,1.8948,-2.1838,2.8533,1.0,1.1578
146511,3277,1.0822,-0.9202,-0.5443,-0.1299,1.0692,-0.1212,-2.6075,-1.0,1.4489,-1.2955,0.5054,0.3927,1.3906,0.2788,2.7696,1.0,1.1942
146511,3278,3.8578,-2.7237,-0.8473,-2.5951,2.8525,-0.8161,-2.84,1.0,8.2797,1.4772,-1.3119,-8.0398,1.9756,-2.1114,-0.7262,-1.0,5.2915
146511,3279,1.2909,-0.9452,-0.8639,-0.1252,1.2805,-0.0976,-2.4011,-1.0,0.3456,0.2358,-0.182,0.1398,0.2979,0.4534,-0.6573,1.0,1.0397
146511,3280,1.6579,0.0435,-0.7667,1.4655,0.768,1.4018,-1.5141,1.0,2.7401,2.1168,-1.4188,-1.0017,2.5483,-0.3836,-0.5905,-1.0,3.1119
146511,3281,1.9244,-0.6374,-1.5741,0.8989,1.6983,0.5073,-1.9556,-1.0,2.0225,0.6866,1.6264,-0.9812,1.7653,-0.5306,1.1713,1.0,3.9454
146511,3282,16.1115,2.8178,-11.8567,10.5379,12.187,0.7824,-1.3375,-1.0,33.2755,-0.747,-0.2971,33.2656,0.8039,4.4161,-2.763,1.0,19.1918
146511,3283,1.2107,-1.1046,0.1253,0.4677,1.1117,0.4091,3.0286,1.0,5.2533,-4.4923,2.4012,1.2804,5.0938,0.2488,2.6507,-1.0,1.0092
146511,3284,12.624,-4.3682,-8.4106,8.3387,9.4773,0.7938,-2.0498,1.0,11.6786,0.7312,5.1262,-10.4673,5.1781,-1.4532,1.4291,-1.0,23.708
146511,3285,4.0938,-0.5343,2.0665,3.4917,2.1344,1.2679,1.8238,1.0,6.226,2.071,0.7226,5.8258,2.1934,1.7037,0.3357,-1.0,3.0887
146511,3286,4.1711,-0.6301,-1.7475,3.7331,1.8576,1.4479,-1.9169,1.0,1.0962,0.2737,-0.9871,-0.3758,1.0243,-0.3591,-1.3003,-1.0,2.9779
146511,3287,0.5399,0.041,0.4841,-0.2103,0.4859,-0.4204,1.4864,1.0,0.743,-0.1053,-0.6287,0.3669,0.6374,0.5477,-1.7368,-1.0,1.2634
146511,3288,1.6368,-0.8911,-0.2938,-1.337,0.9383,-1.1524,-2.8232,-1.0,4.145,0.7443,-4.0241,-0.6499,4.0924,-0.1582,-1.3879,1.0,3.2888
146511,3289,3.7137,1.4303,-0.8962,3.3063,1.6879,1.4251,-0.5597,-1.0,5.4529,1.9117,-2.54,4.4291,3.179,1.134,-0.9256,1.0,1.102
146511,3290,1.3987,-0.9979,-0.239,-0.9446,1.0261,-0.824,-2.9065,-1.0,1.4682,0.6452,-1.2173,-0.4963,1.3777,-0.3529,-1.0834,1.0,1.9742
146511,3291,1.5832,1.4799,-0.4005,0.3806,1.5331,0.2458,-0.2643,-1.0,1.5628,-1.3866,0.5711,-0.4272,1.4996,-0.2812,2.7509,1.0,3.1397
146511,3292,6.4515,4.2231,-1.5918,4.609,4.5132,0.8963,-0.3605,-1.0,0.8628,0.2193,0.7863,0.2585,0.8164,0.3116,1.2988,1.0,3.0697
146511,3293,3.2688,1.2571,1.7421,-2.4614,2.1483,-0.9808,0.9457,-1.0,6.066,1.395,-2.1157,-5.5103,2.5342,-1.519,-0.9879,1.0,4.0518
146511,3294,3.8928,0.5512,1.9623,-3.3148,2.0382,-1.2629,1.2969,1.0,1.861,-0.9723,-0.8016,-1.3653,1.2601,-0.9392,-2.4521,-1.0,3.1108
146511,3295,48.8526,-0.4771,-40.8147,26.842,40.8175,0.6176,-1.5825,-1.0,41.2264,6.3143,37.5341,-15.8406,38.0615,-0.405,1.4041,1.0,89.1535
146511,3296,4.0503,0.4008,1.5479,-3.7198,1.5989,-1.5808,1.3174,1.0,5.6975,-1.0855,-1.8932,5.2619,2.1824,1.6137,-2.0914,-1.0,9.5944
146511,3297,10.6631,0.9767,-0.5853,10.6016,1.1387,2.9272,-0.5399,-1.0,18.8135,-2.7494,-8.9438,16.3213,9.3569,1.3231,-1.869,1.0,7.0766
146511,3298,1.9848,-0.4359,0.4894,1.8705,0.6554,1.7712,2.2984,1.0,1.5732,0.5724,-1.1082,0.9528,1.2473,0.7042,-1.094,-1.0,2.0704
146511,3299,34.3788,-6.8534,-16.1999,-29.5378,17.59,-1.2902,-1.971,1.0,1.2258,-0.43,-0.6795,-0.9191,0.8041,-0.979,-2.135,-1.0,1.4481
146511,3300,51.5698,10.4213,-31.7581,-39.2715,33.4243,-0.9998,-1.2537,1.0,45.0706,-2.7148,43.6887,10.7366,43.7729,0.2429,1.6329,-1.0,91.2327
146511,3301,4.8879,-1.3973,0.3854,4.6668,1.4495,1.8857,2.8725,-1.0,3.7228,-1.1951,1.635,-3.122,2.0252,-1.2176,2.202,1.0,7.8074
146511,3302,8.4485,1.4327,3.2241,-7.6758,3.5281,-1.5195,1.1526,-1.0,16.4355,2.573,5.0103,-15.4399,5.6324,-1.7333,1.0964,1.0,1.012
146511,3303,35.2347,11.1848,31.8094,-10.2244,33.7185,-0.2988,1.2327,-1.0,61.9289,3.3803,-35.7307,50.4685,35.8903,1.1416,-1.4765,1.0,87.1416
146511,3304,1.5227,0.7451,-0.0475,1.3229,0.7466,1.3366,-0.0636,-1.0,1.9325,-1.8028,0.4465,-0.5235,1.8572,-0.2782,2.8988,1.0,3.1657
146511,3305,0.8345,0.6872,-0.0582,0.4579,0.6897,0.6228,-0.0845,1.0,1.3407,0.009,1.0659,0.8062,1.0659,0.6982,1.5623,-1.0,1.278
146511,3306,2.9352,1.8264,0.3863,-2.2626,1.8668,-1.0237,0.2084,-1.0,3.3546,2.7169,-0.5791,-1.8775,2.7779,-0.6328,-0.21,1.0,1.3199
146511,3307,40.9007,6.7435,-8.3253,39.4724,10.7138,2.0151,-0.89,-1.0,3.5989,0.2622,-0.7945,3.4987,0.8366,2.1379,-1.252,1.0,1.2032
146511,3308,4.1008,-3.2238,-0.1528,-2.5276,3.2274,-0.7195,-3.0942,-1.0,2.1353,-0.7331,1.8683,-0.7214,2.007,-0.3521,1.9447,1.0,3.1198
146511,3309,0.7791,0.0431,-0.7627,-0.111,0.7639,-0.1448,-1.5144,-1.0,1.3699,1.2882,-0.2952,0.345,1.3216,0.2582,-0.2253,1.0,1.2932
146511,3310,58.5713,37.8688,44.632,2.1244,58.5326,0.0363,0.8672,-1.0,46.4596,-20.8489,-20.0627,36.3497,28.9342,1.0515,-2.3754,1.0,93.0478
146511,3311,48.8475,-40.1602,16.7997,22.1583,43.5324,0.4893,2.7454,1.0,47.0438,35.1686,-14.4944,-27.6802,38.0384,-0.6752,-0.3909,-1.0,95.5741
146511,3312,1.6264,-1.1071,-0.2245,-1.1652,1.1297,-0.9035,-2.9415,-1.0,4.4909,-1.3037,-2.403,-3.5613,2.7339,-1.0801,-2.0679,1.0,1.5378
146511,3313,5.9301,0.4343,-3.3662,-4.8616,3.3941,-1.1566,-1.4425,1.0,2.2018,1.6639,-1.3234,-0.5627,2.1261,-0.2617,-0.6719,-1.0,3.2108
146511,3314,7.0041,-3.2633,4.6468,4.0993,5.6782,0.6705,2.183,1.0,7.0276,3.9173,-4.6529,-3.5185,6.0824,-0.5503,-0.871,-1.0,14.0044
146511,3315,10.9667,-4.9583,0.2373,9.7784,4.964,1.4301,3.0938,-1.0,6.6244,-3.5801,-1.0909,5.4648,3.7426,1.1725,-2.8458,1.0,1.8599
146511,3316,20.5382,3.7871,-3.9821,-19.7891,5.4954,-1.9931,-0.8105,1.0,3.7658,0.2712,0.5393,-3.7156,0.6036,-2.517,1.1048,-1.0,3.1451
146511,3317,0.8313,-0.026,0.7637,-0.3098,0.7641,-0.3951,1.6048,1.0,0.5139,-0.4493,-0.1876,-0.1258,0.4869,-0.2556,-2.7462,-1.0,1.0305
146511,3318,1.4897,-0.5829,-1.3604,0.1325,1.48,0.0894,-1.9756,-1.0,5.9966,-1.5091,-5.1692,-2.6362,5.385,-0.4718,-1.8548,1.0,1.6623
146511,3319,2.0878,0.5792,-0.5761,1.9185,0.8169,1.5894,-0.7827,-1.0,1.4551,0.9421,0.5276,0.9697,1.0798,0.8074,0.5105,1.0,1.3763
146511,3320,7.4108,5.1297,-1.3926,5.1628,5.3154,0.8609,-0.2651,-1.0,8.4134,-6.9634,-1.4886,-4.4799,7.1207,-0.5936,-2.931,1.0,15.4361
146511,3321,2.8197,1.0508,-1.1987,2.3234,1.5941,1.1709,-0.8511,-1.0,40.1436,6.2008,-17.3873,35.6473,18.4599,1.4124,-1.2282,1.0,2.4581
146511,3322,4.5247,1.874,-1.8042,-3.7006,2.6014,-1.151,-0.7664,-1.0,0.6721,0.1953,0.5484,0.3187,0.5822,0.5232,1.2286,1.0,3.1161
146511,3323,7.5034,3.8291,2.0138,6.1296,4.3264,1.1477,0.4842,1.0,5.241,-0.1991,4.7862,-2.1237,4.7903,-0.43,1.6124,-1.0,9.3251
146511,3324,5.991,-1.9852,1.4608,5.4595,2.4647,1.5359,2.5072,1.0,4.121,-1.2323,-1.5129,3.6283,1.9512,1.379,-2.2543,-1.0,3.0513
146511,3325,5.4906,0.845,5.4154,-0.3083,5.4809,-0.0562,1.416,-1.0,4.0901,-0.3259,-4.054,0.4201,4.0671,0.1031,-1.651,1.0,9.4686
146511,3326,1.7807,-1.4379,0.8952,-0.5393,1.6938,-0.3132,2.5847,-1.0,1.816,1.4179,-1.0209,0.4837,1.7472,0.2734,-0.624,1.0,3.594
146511,3327,4.2016,3.5478,2.1374,-0.6979,4.1419,-0.1677,0.5422,-1.0,5.3718,-4.4632,-2.9464,0.4932,5.3481,0.0921,-2.5581,1.0,9.4929
146511,3328,10.1641,0.796,3.1204,9.6398,3.2203,1.8164,1.321,1.0,10.1528,0.9037,1.9251,9.927,2.1267,2.2451,1.1319,-1.0,1.2519
146511,3329,4.6489,0.9075,-0.3369,-4.5457,0.968,-2.251,-0.3555,-1.0,3.1035,0.6497,0.5551,2.9816,0.8545,1.9627,0.707,1.0,7.4283
146511,3330,47.9246,-28.0739,-37.6517,-9.5372,46.9659,-0.2017,-2.2115,1.0,45.2805,22.8881,35.6292,16.0312,42.3475,0.3701,0.9998,-1.0,92.8118
146511,3331,35.95,-8.6832,15.0049,-31.4935,17.3363,-1.3585,2.0954,-1.0,10.8156,10.2207,-3.2502,-1.393,10.725,-0.1295,-0.3079,1.0,31.0638
146511,3332,6.4615,-3.1792,-1.1766,5.4998,3.39,1.2608,-2.7871,1.0,3.399,-0.8501,-1.827,2.7352,2.0151,1.1129,-2.0063,-1.0,2.0387
146511,3333,2.169,-1.0105,-1.8301,0.5685,2.0905,0.2687,-2.0753,-1.0,1.6042,-0.4622,-0.8374,1.2835,0.9565,1.1038,-2.0751,1.0,1.2341
146511,3334,12.3011,9.8621,5.2901,-5.105,11.1913,-0.4417,0.4924,-1.0,12.1664,-9.6728,-5.4857,4.9352,11.12,0.4304,-2.6257,1.0,24.4655
146511,3335,1.3736,-0.1669,-0.8923,1.0254,0.9078,0.9701,-1.7557,-1.0,2.9752,-1.2155,1.6403,2.1616,2.0416,0.9223,2.2085,1.0,2.5068
146511,3336,1.1886,-0.7243,0.6282,0.6945,0.9587,0.6726,2.4271,1.0,1.903,-0.6099,0.0011,-1.7995,0.6099,-1.8026,3.1398,-1.0,2.4821
146511,3337,57.9849,2.0181,30.4588,-49.2994,30.5256,-1.2569,1.5046,-1.0,38.5094,-1.0452,-20.1181,32.8197,20.1453,1.2643,-1.6227,1.0,94.5077
146511,3338,3.5714,-2.5589,-1.2956,2.1254,2.8682,0.686,-2.6729,-1.0,2.054,-1.8947,-0.4615,0.6364,1.9501,0.3208,-2.9027,1.0,1.047
146511,3339,1.0142,-0.343,0.7041,0.6356,0.7832,0.7417,2.0241,1.0,1.1183,1.0045,0.2917,0.3811,1.046,0.3568,0.2827,-1.0,1.4438
146511,3340,5.6192,-0.7342,-3.342,4.456,3.4217,1.0798,-1.7871,1.0,4.9178,1.0268,-2.8679,3.8594,3.0462,1.0582,-1.227,-1.0,1.7985
146511,3341,4.3616,-0.1739,2.7833,-3.3519,2.7887,-1.0172,1.6332,-1.0,5.0467,0.2904,-3.1588,3.9237,3.1721,1.0394,-1.4791,1.0,9.3827
146511,3342,9.0802,-1.1294,-8.8748,-1.5494,8.9464,-0.1723,-1.6974,-1.0,1.0554,-1.0245,-0.1221,0.1954,1.0318,0.1883,-3.023,1.0,3.9134
146511,3343,6.8168,5.0844,-3.5143,2.8735,6.1807,0.4496,-0.6048,-1.0,5.792,-4.9281,2.2084,-2.0911,5.4003,-0.3781,2.7203,1.0,12.5156
146511,3344,18.4166,-6.4063,10.3791,13.7983,12.197,0.9712,2.1238,1.0,26.1557,21.3038,-5.2918,-14.2215,21.9512,-0.6094,-0.2435,-1.0,41.6976
146511,3345,26.12,5.0877,-5.7243,24.9718,7.6585,1.8978,-0.8442,-1.0,7.8419,0.4203,-3.0122,7.2273,3.0414,1.6003,-1.4322,1.0,3.1564
146511,3346,79.8503,-18.4573,10.1513,77.0217,21.0647,2.0078,2.6388,-1.0,10.6521,-3.9918,-1.7425,9.7204,4.3555,1.5427,-2.73,1.0,9.5829
146511,3347,3.07,-0.9311,1.9709,2.1593,2.1798,0.8747,2.0121,-1.0,1.5829,-0.0857,1.1426,-1.087,1.1458,-0.8446,1.6457,1.0,3.126
146511,3348,5.1848,-3.2361,-2.7343,-2.9871,4.2366,-0.6568,-2.4401,-1.0,7.738,5.0229,2.0341,-5.5226,5.4191,-0.8948,0.3848,1.0,9.5343
146511,3349,1.5253,0.2878,-0.1748,-1.4839,0.3367,-2.1889,-0.5458,1.0,19.5558,-2.7347,-5.9279,-18.4337,6.5283,-1.7612,-2.003,-1.0,2.1151
146511,3350,1.193,-0.0025,-0.2862,-1.1534,0.2862,-2.1019,-1.5794,-1.0,3.591,0.4006,2.1005,-2.8829,2.1384,-1.1075,1.3823,1.0,1.7734
146511,3351,2.88,-1.185,2.1122,1.5549,2.422,0.6045,2.0821,-1.0,0.7029,0.5019,0.2293,-0.4225,0.5518,-0.7056,0.4285,1.0,2.3677
146511,3352,16.5551,-2.1889,2.6366,-16.1962,3.4268,-2.2573,2.2637,-1.0,10.4565,-1.7884,3.1966,-9.7934,3.6629,-1.7099,2.0809,1.0,2.0789
146511,3353,0.8859,-0.2107,0.171,0.8367,0.2713,1.8446,2.4599,1.0,1.2904,-0.6828,1.0898,-0.0017,1.286,-0.0013,2.1305,-1.0,1.2849
146511,3354,5.1718,0.9782,4.7965,-1.6653,4.8953,-0.3339,1.3696,1.0,4.7842,2.8776,2.9849,-2.3847,4.1461,-0.5474,0.8037,-1.0,2.7022
146511,3355,9.195,1.584,6.7001,6.094,6.8848,0.7978,1.3386,-1.0,4.2117,-0.5495,3.4997,2.2754,3.5426,0.6047,1.7265,1.0,2.1419
146511,3356,1.2229,-0.2405,0.3768,1.1333,0.4471,1.6602,2.1389,-1.0,4.2109,4.0836,0.2517,0.9906,4.0913,0.2398,0.0616,1.0,3.1386
146511,3357,1.4598,0.8775,0.7181,-0.9134,1.1339,-0.737,0.6858,-1.0,21.8411,0.2444,-7.2874,-20.5878,7.2915,-1.7611,-1.5373,1.0,6.0183
146511,3358,1.1259,-1.1091,0.159,0.0333,1.1205,0.0297,2.9992,-1.0,2.476,1.7882,-1.3715,1.0202,2.2536,0.4385,-0.6543,1.0,3.1517
146511,3359,12.4917,-2.5151,0.0508,12.2353,2.5156,2.2854,3.1214,-1.0,8.3869,-3.7766,-1.1772,7.3946,3.9558,1.3836,-2.8394,1.0,3.1188
146511,3360,11.3251,0.3998,3.7014,-10.6952,3.7229,-1.7774,1.4632,1.0,3.0665,-0.7242,-0.1278,-2.9751,0.7354,-2.1057,-2.967,-1.0,2.7138
146511,3361,0.2615,0.2062,-0.1025,-0.065,0.2302,-0.2785,-0.4613,-1.0,4.095,-2.1475,-3.2963,-1.1318,3.9341,-0.2839,-2.1482,1.0,1.4923
146511,3362,3.1241,-0.0998,-1.3445,2.8162,1.3482,1.4827,-1.6449,1.0,0.8634,-0.3981,0.4836,-0.5848,0.6264,-0.8336,2.2595,-1.0,3.1515
146511,3363,3.4271,0.8962,-1.391,2.9993,1.6547,1.3565,-0.9984,-1.0,1.011,-0.9187,0.4086,-0.0056,1.0055,-0.0056,2.7231,1.0,3.1256
146511,3364,2.5177,-0.5997,-2.3834,0.5361,2.4577,0.2164,-1.8173,1.0,2.6498,-1.3075,2.2288,-0.5769,2.5841,-0.2215,2.1013,-1.0,4.8
146511,3365,1.7991,-1.4313,-0.0748,-1.0822,1.4333,-0.6972,-3.0894,1.0,3.8067,-0.6974,-2.1486,-3.0622,2.259,-1.1119,-1.8846,-1.0,2.1849
146511,3366,2.0742,-1.9397,0.7007,0.1942,2.0624,0.094,2.7949,1.0,1.3498,1.0388,-0.0104,0.8554,1.0388,0.7509,-0.01,-1.0,3.0552
146511,3367,10.2526,-2.269,4.5413,8.9069,5.0766,1.3281,2.0341,-1.0,1.6197,-0.9903,-0.3357,1.2323,1.0457,1.0021,-2.8148,1.0,3.1362
146511,3368,4.1481,0.4535,-1.4739,-3.8493,1.5421,-1.6458,-1.2723,-1.0,4.1924,-0.4259,1.3755,3.936,1.4399,1.7306,1.8711,1.0,8.3394
146511,3369,3.0386,0.0776,-0.5224,2.9905,0.5282,2.4346,-1.4233,1.0,1.8888,0.9038,-1.575,0.5089,1.8159,0.2767,-1.0498,-1.0,2.5829
146511,3370,52.5039,1.8569,-11.6894,51.1523,11.836,2.1699,-1.4133,1.0,39.2399,5.371,7.2241,-38.1932,9.002,-2.152,0.9315,-1.0,90.4257
146511,3371,3.3046,-1.7026,2.2469,-1.7209,2.8191,-0.5777,2.2192,-1.0,1.6823,-0.6912,0.6616,-1.3797,0.9568,-1.1621,2.3781,1.0,1.0323
146511,3372,4.263,-2.3544,-3.3899,-1.0619,4.1273,-0.2545,-2.1778,1.0,5.2273,2.8686,3.5276,2.577,4.5467,0.5401,0.8881,-1.0,9.3534
146511,3373,1.7289,-0.4283,0.0086,-1.6716,0.4284,-2.0708,3.1215,-1.0,10.1412,-6.0545,0.7589,-8.0994,6.1019,-1.095,3.0169,1.0,1.6765
146511,3374,2.2144,1.4116,1.1919,-1.2162,1.8475,-0.6182,0.7012,-1.0,2.0853,0.4035,1.5591,-1.3205,1.6104,-0.7482,1.3175,1.0,1.0908
146511,3375,1.8709,0.7754,1.6431,0.4335,1.8169,0.2364,1.1298,-1.0,5.6618,3.6836,3.6808,2.2199,5.2074,0.4143,0.785,1.0,1.2141
146511,3376,3.0383,-0.413,-2.4517,-1.7433,2.4862,-0.6536,-1.7377,1.0,3.4182,-0.5091,-1.8741,-2.811,1.9421,-1.1652,-1.8361,-1.0,1.176
146511,3377,47.8126,-16.6095,-29.8005,33.4977,34.1166,0.8685,-2.0793,1.0,46.2505,14.6739,34.4275,-27.1757,37.4243,-0.674,1.1679,-1.0,93.7163
146511,3378,0.8823,-0.1678,-0.6066,-0.6093,0.6293,-0.8587,-1.8406,1.0,6.5814,-0.3125,-6.3902,-1.54,6.3978,-0.2384,-1.6197,-1.0,1.3794
146511,3379,48.2435,17.3031,28.0723,35.2132,32.9766,0.9285,1.0184,-1.0,47.101,-21.5876,-29.8123,-29.3887,36.8076,-0.7314,-2.1975,1.0,95.054
146511,3380,1.1934,0.8129,-0.753,-0.4305,1.1081,-0.3793,-0.7472,-1.0,1.6079,-0.0459,-1.4731,0.6342,1.4738,0.418,-1.602,1.0,1.5041
146511,3381,13.7762,-3.6888,0.726,13.2528,3.7596,1.9726,2.9473,-1.0,2.1302,0.8788,-1.7681,-0.7925,1.9745,-0.3913,-1.1095,1.0,9.4218
146511,3382,34.2412,9.5178,-28.8891,-15.725,30.4166,-0.4964,-1.2525,1.0,69.4051,-23.1233,64.019,13.5624,68.067,0.198,1.9174,-1.0,96.5332
146511,3383,5.0489,4.3349,1.1148,-2.3335,4.476,-0.5002,0.2517,-1.0,3.3593,2.1318,2.5936,0.0498,3.3573,0.0148,0.8828,1.0,3.1481
146511,3384,3.1989,-0.185,3.047,0.9506,3.0526,0.3066,1.6315,-1.0,3.2354,0.1001,-2.9514,-1.3175,2.9531,-0.4325,-1.5369,1.0,6.4226
146511,3385,4.2853,1.6964,1.617,3.5862,2.3436,1.2114,0.7614,1.0,1.1824,-0.9869,-0.1633,0.6215,1.0004,0.587,-2.9776,-1.0,3.0945
146511,3386,14.302,2.2861,7.5238,-11.9458,7.8634,-1.2053,1.2758,1.0,18.3488,-5.4013,-5.399,16.6836,7.637,1.5233,-2.3564,-1.0,32.0844
146511,3387,68.7151,12.0561,9.9422,66.9145,15.6268,2.1609,0.6896,-1.0,39.3754,-17.8871,-31.9103,-14.567,36.5816,-0.3884,-2.0817,1.0,91.7971
146511,3388,0.9521,0.0146,-0.0525,0.9447,0.0545,3.5462,-1.2994,-1.0,5.2715,-1.1626,-3.7721,3.4925,3.9472,0.7975,-1.8698,1.0,1.7606
146511,3389,44.7407,1.3234,10.7462,43.4107,10.8274,2.097,1.4483,-1.0,67.0572,6.4629,17.3848,64.4411,18.5473,1.9587,1.2149,1.0,3.8448
146511,3390,6.4509,1.5511,1.9919,5.9354,2.5245,1.5905,0.9092,1.0,10.9071,3.1972,1.431,10.3287,3.5028,1.8021,0.4208,-1.0,1.5851
146511,3391,5.4639,-4.2595,2.9781,-1.6826,5.1973,-0.3183,2.5314,-1.0,2.2481,-2.0007,-0.7447,-0.6965,2.1348,-0.3207,-2.7853,1.0,3.1042
146511,3392,54.0827,-10.2039,-52.7289,-6.3615,53.7072,-0.1182,-1.7619,-1.0,43.9948,12.2987,33.1311,26.2031,35.3402,0.6863,1.2154,1.0,94.0056
146511,3393,17.5045,-13.1701,-11.3827,1.8379,17.4074,0.1054,-2.4289,1.0,23.999,17.5112,14.4494,-7.7792,22.703,-0.3363,0.6899,-1.0,40.7307
146511,3394,8.7627,-0.224,3.3239,-8.104,3.3315,-1.6219,1.6381,1.0,0.9817,-0.1044,-0.6327,-0.7358,0.6413,-0.9818,-1.7344,-1.0,3.0759
146511,3395,62.3016,-53.167,3.8894,-32.2431,53.3091,-0.573,3.0686,1.0,90.4968,24.1151,-12.8049,-86.2796,27.3039,-1.8679,-0.4881,-1.0,91.5217
146511,3396,10.7765,-2.6121,4.5701,-9.4029,5.2639,-1.3438,2.0901,-1.0,1.939,0.8044,1.1379,-1.3442,1.3935,-0.8561,0.9555,1.0,3.2152
146511,3397,4.4392,0.9092,-4.1682,-1.2225,4.2662,-0.2828,-1.356,1.0,3.1051,1.4879,-1.4887,2.2804,2.1048,0.9392,-0.7857,-1.0,4.2485
146511,3398,2.5524,-1.526,-1.9256,-0.6834,2.4569,-0.2747,-2.2409,1.0,6.6079,0.6604,-5.4994,-3.6019,5.5389,-0.6115,-1.4513,-1.0,3.1093
146511,3399,1.6222,0.188,1.6035,0.1178,1.6144,0.0729,1.4541,1.0,1.4973,-0.4407,-1.4261,0.0532,1.4926,0.0356,-1.8705,-1.0,3.0995
146511,3400,2.113,0.9882,0.5514,1.7813,1.1316,1.2352,0.509,1.0,2.1274,-0.9706,-0.5066,-1.821,1.0948,-1.282,-2.6606,-1.0,4.24
146511,3401,8.6525,0.8814,5.857,-6.3065,5.923,-0.9264,1.4214,-1.0,3.094,-1.9631,-2.3461,0.4512,3.0591,0.147,-2.2675,1.0,9.4972
146511,3402,2.1018,-0.5741,1.3298,-1.5193,1.4485,-0.9155,1.9784,1.0,2.9381,0.7219,1.03,-2.6532,1.2578,-1.4915,0.9594,-1.0,1.5494
146511,3403,44.5637,33.0356,10.7734,27.9016,34.7479,0.735,0.3152,1.0,46.7594,-35.299,-9.4433,-29.1759,36.5404,-0.7315,-2.8802,-1.0,91.2765
146511,3404,42.767,-35.9438,-21.4426,8.79,41.8538,0.2085,-2.6037,-1.0,48.8106,42.0234,24.6259,-3.171,48.7074,-0.0651,0.5301,1.0,91.147
146511,3405,2.4364,-1.7265,-1.3036,1.1156,2.1634,0.4952,-2.4949,-1.0,9.3555,7.8377,4.6099,-2.1986,9.0929,-0.2395,0.5317,1.0,9.4657
146511,3406,9.2683,-2.1662,-0.9253,-8.9634,2.3556,-2.0463,-2.7379,1.0,0.4897,-0.31,-0.2443,-0.27,0.3947,-0.6395,-2.4741,-1.0,1.5701
146511,3407,2.0936,1.6651,-1.1575,0.5092,2.0279,0.2486,-0.6075,-1.0,2.9535,2.137,-1.9411,-0.6141,2.887,-0.2111,-0.7374,1.0,1.1848
146511,3408,1.3951,0.2171,-0.3739,1.3222,0.4324,1.8367,-1.0447,1.0,1.1231,1.0814,0.1212,0.2569,1.0882,0.234,0.1116,-1.0,1.4483
146511,3409,1.5032,-1.3681,-0.3268,0.5194,1.4066,0.3613,-2.9071,1.0,1.1009,-0.07,1.0935,0.0067,1.0958,0.0061,1.6347,-1.0,1.9617
146511,3410,2.9959,-2.3302,-1.8776,-0.0959,2.9925,-0.032,-2.4633,1.0,7.1677,-5.5434,-1.8799,-4.1354,5.8535,-0.658,-2.8146,-1.0,3.0468
146511,3411,1.3086,0.3622,-1.1971,0.3701,1.2507,0.2918,-1.277,1.0,0.8915,0.482,0.5963,-0.4423,0.7668,-0.5488,0.891,-1.0,1.9394
146511,3412,37.8534,10.5913,-4.6719,36.0398,11.5759,1.8537,-0.4154,1.0,8.2127,2.7224,-1.0868,7.6711,2.9313,1.6898,-0.3798,-1.0,1.0162
146511,3413,3.8716,-0.0422,-3.8662,-0.169,3.8664,-0.0437,-1.5817,1.0,2.568,0.48,2.5143,0.1778,2.5597,0.0694,1.3821,-1.0,6.2809
146511,3414,1.2232,0.3865,-0.6494,-0.956,0.7557,-1.057,-1.0339,-1.0,0.5511,0.4425,0.2681,0.1574,0.5174,0.2997,0.5447,1.0,1.2952
146511,3415,6.0581,5.5162,-1.4542,2.0364,5.7046,0.3498,-0.2578,1.0,1.09,0.9776,0.2961,-0.3655,1.0214,-0.3506,0.2942,-1.0,2.1895
146511,3416,1.731,0.3964,-1.4115,0.9143,1.4661,0.589,-1.297,-1.0,1.7128,-0.1245,1.6234,0.5211,1.6282,0.3148,1.6473,1.0,3.1114
146511,3417,16.7198,-2.6634,-0.9976,16.4758,2.8441,2.4572,-2.7832,-1.0,14.5821,-3.369,-9.0928,10.8903,9.6969,0.9658,-1.9256,1.0,9.6282
146511,3418,4.2808,4.087,-0.501,-1.166,4.1176,-0.2795,-0.122,-1.0,0.5754,0.5175,-0.0058,0.2282,0.5175,0.4278,-0.0112,1.0,1.1158
146511,3419,4.8782,2.0623,-0.0112,-4.4196,2.0623,-1.5058,-0.0054,-1.0,4.5661,-1.8425,0.1329,4.1744,1.8473,1.5541,3.0696,1.0,9.4377
146511,3420,6.3309,6.2974,0.3087,0.5629,6.305,0.0892,0.049,-1.0,3.6108,-3.3636,1.0071,-0.8361,3.5111,-0.236,2.8507,1.0,9.4034
146511,3421,3.4617,-0.805,1.3274,-3.0923,1.5524,-1.44,2.1159,1.0,2.5149,0.2109,0.13,-2.5005,0.2477,-3.0075,0.5523,-1.0,1.4016
146511,3422,3.3752,2.6983,-1.0543,-1.7288,2.8969,-0.5661,-0.3725,1.0,0.7302,-0.5184,0.2001,0.4617,0.5557,0.7566,2.7733,-1.0,3.1253
146511,3423,2.7115,-0.8483,0.8804,-2.4179,1.2226,-1.4336,2.3376,1.0,1.0661,-0.8878,-0.5533,-0.1766,1.0461,-0.168,-2.5843,-1.0,2.1019
146511,3424,17.1126,-1.8671,6.4883,-15.7241,6.7516,-1.5818,1.851,-1.0,4.7748,0.8071,1.4144,-4.4872,1.6285,-1.7381,1.0523,1.0,2.6428
146511,3425,10.7574,-3.4672,2.3608,9.9053,4.1946,1.5945,2.5438,1.0,4.094,-0.509,0.7358,3.9937,0.8947,2.2015,2.176,-1.0,1.4084
146511,3426,4.2786,-1.8073,-0.8235,-3.7882,1.986,-1.4014,-2.7141,-1.0,1.7364,0.106,-0.2178,-1.7162,0.2423,-2.6558,-1.1178,1.0,1.3795
146511,3427,32.687,-21.6544,6.5528,23.5919,22.6241,0.9113,2.8477,1.0,63.9059,35.886,5.6484,-52.5761,36.3278,-1.1652,0.1561,-1.0,90.2147
146511,3428,37.3066,-35.1621,9.0175,-8.607,36.3,-0.2349,2.8905,-1.0,78.5002,42.7657,-38.9925,-53.0372,57.8733,-0.821,-0.7393,1.0,93.0316
146511,3429,3.8267,-1.658,1.4964,3.1056,2.2334,1.1325,2.4074,1.0,11.0601,9.6691,4.9425,2.0962,10.8591,0.1919,0.4725,-1.0,9.4298
146511,3430,0.4491,-0.0467,0.193,-0.3887,0.1986,-1.4244,1.808,1.0,72.8249,18.4054,8.176,-69.9847,20.1396,-1.9588,0.418,-1.0,3.0966
146511,3431,2.7549,-0.5784,-0.3333,-2.6707,0.6675,-2.0949,-2.6187,-1.0,0.9923,-0.2289,0.6637,0.6933,0.7021,0.8725,1.903,1.0,3.0612
146511,3432,49.818,38.8401,30.4095,-6.9664,49.3284,-0.1408,0.6643,-1.0,48.3477,-35.6712,-32.3532,4.2807,48.1578,0.0888,-2.4049,1.0,98.0586
146511,3433,15.1559,10.9186,-8.5149,-6.162,13.8462,-0.4315,-0.6623,1.0,15.2755,-11.0447,8.4001,6.3862,13.8761,0.4454,2.4914,-1.0,30.4301
146511,3434,4.7493,-2.7432,3.8413,0.5132,4.7203,0.1085,2.1909,1.0,4.5736,-3.0026,-1.0659,-3.2794,3.1862,-0.9019,-2.8005,-1.0,6.2085
146511,3435,1.5257,0.764,1.2426,0.4344,1.4587,0.2936,1.0195,1.0,8.9577,8.6988,1.8761,-1.0199,8.8988,-0.1144,0.2124,-1.0,3.2073
146511,3436,8.4446,1.8368,-5.6698,5.9816,5.9599,0.8839,-1.2575,1.0,2.5704,-0.5838,-1.4734,2.0209,1.5848,1.0632,-1.948,-1.0,2.1667
146511,3437,4.1668,-2.3518,-0.0665,3.4374,2.3527,1.173,-3.1133,-1.0,18.309,-16.0405,5.475,6.9236,16.9491,0.3979,2.8127,1.0,5.5031
146511,3438,6.0629,0.5609,-1.6507,5.8059,1.7434,1.918,-1.2432,-1.0,8.7319,-6.3487,1.1717,5.8784,6.4559,0.8167,2.9591,1.0,6.9739
146511,3439,1.7514,0.2814,-0.7764,1.5409,0.8259,1.3819,-1.2231,-1.0,1.4805,0.3036,0.0896,-1.4424,0.3166,-2.2214,0.2871,1.0,3.1019
146511,3440,17.0162,15.1389,1.8709,7.5401,15.254,0.4761,0.123,-1.0,13.6903,-12.8188,-0.5354,-4.7754,12.8299,-0.3641,-3.0999,1.0,30.4643
146511,3441,1.5982,-1.2535,0.2617,-0.9504,1.2805,-0.6869,2.9358,1.0,3.232,1.7057,-1.1871,-2.473,2.0782,-1.0096,-0.608,-1.0,3.2481
146511,3442,1.6926,-0.26,0.0951,1.6664,0.2769,2.4948,2.7909,-1.0,1.982,0.0908,-0.0241,-1.9769,0.0939,-3.7409,-0.2592,1.0,3.6568
146511,3443,37.8858,-14.7632,-34.878,0.9432,37.8739,0.0249,-1.9712,1.0,39.1797,11.4146,37.1875,-4.6734,38.8999,-0.1199,1.273,-1.0,76.8676
146511,3444,48.178,-23.3514,38.7928,16.4604,45.2788,0.356,2.1126,1.0,47.0319,22.6293,-36.5002,-19.1739,42.9459,-0.4328,-1.0158,-1.0,95.1409
146511,3445,10.4304,-1.8422,1.4356,-10.165,2.3355,-2.1768,2.4796,1.0,20.6358,-1.9705,4.6514,-20.0077,5.0516,-2.0851,1.9715,-1.0,1.7693
146511,3446,7.0866,-7.0281,-0.7745,0.4628,7.0706,0.0654,-3.0318,-1.0,6.6081,-5.5734,-3.0934,1.739,6.3743,0.2695,-2.6349,1.0,2.9897
146511,3447,12.1908,-2.2216,-6.0325,10.3576,6.4285,1.2549,-1.9237,1.0,6.1875,-0.4014,3.6216,4.9997,3.6438,1.1217,1.6812,-1.0,9.4459
146511,3448,0.6973,-0.2588,-0.1655,0.617,0.3072,1.4473,-2.5726,-1.0,1.5536,-0.1623,0.2746,-1.5169,0.319,-2.2634,2.1047,1.0,2.0168
146511,3449,40.8439,9.0146,1.6751,39.8013,9.169,2.1742,0.1837,1.0,24.909,5.0993,-6.3919,23.5285,8.1768,1.779,-0.8974,-1.0,9.5571
146511,3450,6.4285,-0.3748,1.8202,6.1531,1.8584,1.9124,1.7739,-1.0,1.002,0.9242,-0.1145,0.3544,0.9312,0.372,-0.1233,1.0,3.1069
146511,3451,1.6332,1.3671,0.851,-0.2507,1.6103,-0.1551,0.5568,1.0,2.4516,-1.4688,0.5791,-1.8726,1.5788,-1.007,2.766,-1.0,3.1814
146511,3452,4.0996,0.7962,3.7792,-1.371,3.8622,-0.3479,1.3632,1.0,3.8306,-0.7034,-3.6384,0.9638,3.7058,0.2572,-1.7618,-1.0,7.9179
146511,3453,5.1274,0.7807,1.7612,-4.7505,1.9265,-1.6345,1.1536,1.0,5.1845,-3.4317,0.6708,3.8264,3.4967,0.9465,2.9486,-1.0,9.6197
146511,3454,117.4058,38.5408,80.2269,76.566,89.0042,0.779,1.123,1.0,101.751,7.968,-1.2375,101.4309,8.0635,3.2268,-0.1541,-1.0,89.1313
146511,3455,3.6527,-1.6079,3.0581,-1.1807,3.455,-0.3354,2.0549,1.0,6.6904,5.0638,-3.5029,2.6148,6.1573,0.4128,-0.6052,-1.0,9.6323
146511,3456,46.6053,31.8157,22.6211,-25.4575,39.0379,-0.613,0.6181,1.0,42.4963,-22.6794,-23.9812,26.767,33.0069,0.7412,-2.3283,-1.0,88.6119
146511,3457,57.3992,4.4349,-38.0578,42.7387,38.3153,0.9607,-1.4548,-1.0,39.6546,-19.6669,24.5589,-24.136,31.4631,-0.7068,2.246,1.0,93.0545
146511,3458,12.5618,-9.0178,-4.3109,7.6081,9.9953,0.7021,-2.6957,1.0,41.0279,-30.7314,-10.9015,24.9,32.6077,0.704,-2.8007,-1.0,1.9122
146511,3459,5.7932,3.1519,-4.6384,-1.4492,5.608,-0.2556,-0.9739,1.0,4.7627,-1.5784,1.5144,4.2294,2.1874,1.4135,2.3769,-1.0,9.5635
146511,3460,10.5176,8.4478,-3.4805,5.2085,9.1367,0.543,-0.3908,-1.0,2.8957,1.1573,-0.7881,2.5325,1.4002,1.3547,-0.5978,1.0,3.0844
146511,3461,15.4461,1.2371,8.1254,13.0774,8.219,1.2443,1.4197,1.0,8.6272,6.3683,5.0212,2.941,8.1097,0.3551,0.6677,-1.0,9.6051
146511,3462,1.6271,0.8675,0.6838,-1.1901,1.1046,-0.935,0.6675,-1.0,19.4782,8.4297,0.6943,-17.5456,8.4583,-1.4764,0.0822,1.0,2.4644
146511,3463,0.4504,-0.1306,-0.2729,0.3164,0.3026,0.9134,-2.017,-1.0,2.2635,-0.6765,1.222,1.7779,1.3968,1.0618,2.0764,1.0,1.1943
146511,3464,15.9972,8.4091,-2.5663,-13.3642,8.792,-1.2058,-0.2962,1.0,3.4804,-1.34,2.3861,-2.1478,2.7366,-0.7208,2.0825,-1.0,9.4208
146511,3465,5.1362,3.5865,-3.6732,0.1158,5.1338,0.0226,-0.7973,1.0,4.5856,-2.8405,2.8971,2.1344,4.0573,0.5044,2.3463,-1.0,9.3964
146511,3466,1.0298,-0.9921,-0.1516,-0.2052,1.0036,-0.2031,-2.99,1.0,5.6773,-0.2963,-5.6214,0.7298,5.6292,0.1293,-1.6235,-1.0,3.1182
146511,3467,27.3114,6.5296,-7.5082,25.4341,9.9503,1.6679,-0.855,1.0,4.0415,1.8498,-2.1344,2.8887,2.8244,0.8974,-0.8567,-1.0,4.1983
146511,3468,2.408,-0.7524,-1.43,-1.7823,1.6159,-0.9523,-2.0551,-1.0,17.2544,-3.0535,-1.5037,-16.915,3.4037,-2.3065,-2.684,1.0,3.7325
146511,3469,47.2018,10.4779,-29.1031,-35.6543,30.9318,-0.9853,-1.2252,1.0,46.5712,-8.9592,28.6925,35.5715,30.0587,1.0053,1.8735,-1.0,93.7597
146511,3470,0.137,-0.0793,0.0041,0.0361,0.0794,0.4405,3.0896,1.0,34.1111,-8.6631,10.2874,31.3477,13.4491,1.5825,2.2707,-1.0,2.3762
146511,3471,20.877,-0.6021,-6.4141,19.8579,6.4423,1.8442,-1.6644,-1.0,18.2151,0.3854,-6.003,17.1928,6.0154,1.7726,-1.5067,1.0,1.0979
146511,3472,0.4733,0.0206,-0.4442,-0.123,0.4446,-0.2732,-1.5244,-1.0,6.3517,-1.6065,2.4717,5.6252,2.9479,1.4018,2.1471,1.0,3.1114
146511,3473,1.8243,0.2093,-0.7206,1.6595,0.7504,1.5344,-1.2881,-1.0,2.0522,0.1221,0.9953,-1.7874,1.0028,-1.3419,1.4488,1.0,3.8504
146511,3474,6.1815,-2.3031,0.1331,5.7339,2.3069,1.6418,3.0839,1.0,21.0451,-3.9057,-3.6075,20.3621,5.3168,2.0526,-2.3959,-1.0,3.1085
146511,3475,4.7052,0.7814,-2.6524,3.8056,2.7651,1.1241,-1.2843,1.0,4.1905,-1.2151,2.3869,-3.2211,2.6784,-1.0176,2.0417,-1.0,8.8619
146511,3476,15.2134,14.731,2.1636,-3.1231,14.889,-0.2083,0.1458,1.0,13.5227,12.306,-1.8277,5.2985,12.441,0.414,-0.1474,-1.0,9.4827
146511,3477,42.037,30.1134,-8.1857,28.1652,31.2061,0.8108,-0.2654,-1.0,49.0573,-29.602,12.4656,-37.0801,32.1196,-0.9865,2.743,1.0,90.5545
146511,3478,54.0501,35.1385,29.4013,28.6749,45.8165,0.5909,0.6967,-1.0,43.2393,-36.639,-14.2398,-18.0123,39.3089,-0.4435,-2.7709,1.0,95.4956
146511,3479,5.1285,-2.587,-0.0039,4.4269,2.587,1.3065,-3.1401,1.0,4.911,0.4769,0.2656,4.8794,0.5459,2.8866,0.5082,-1.0,3.1084
146511,3480,3.0786,2.7997,-0.8228,0.9756,2.9181,0.3284,-0.2859,1.0,7.0983,-0.3789,3.3571,6.2419,3.3784,1.3733,1.6832,-1.0,6.2607
146511,3481,2.5447,-2.5242,-0.0052,0.3044,2.5242,0.1203,-3.1395,1.0,1.0752,0.7811,-0.5768,-0.4495,0.971,-0.4478,-0.6361,-1.0,3.1154
146511,3482,14.3994,-5.956,-13.0665,-1.0608,14.3599,-0.0738,-1.9985,-1.0,1.9611,-0.9973,1.669,0.2341,1.9443,0.1201,2.1094,1.0,9.4199
146511,3483,3.5041,3.3968,0.6742,-0.5244,3.4631,-0.1509,0.1959,-1.0,0.8887,-0.3224,-0.4855,0.6626,0.5828,0.9749,-2.157,1.0,3.1289
146511,3484,7.2711,3.9147,-0.5012,6.1058,3.9467,1.2206,-0.1273,1.0,1.8832,-0.5369,-0.032,1.8017,0.5378,1.9236,-3.0822,-1.0,3.0949
146511,3485,1.5361,1.407,0.5245,-0.3058,1.5016,-0.2023,0.3568,1.0,1.6825,-1.1638,-0.7124,0.9787,1.3645,0.6667,-2.5923,-1.0,3.1324
146511,3486,4.441,0.8961,-0.0801,-4.3477,0.8996,-2.2791,-0.0891,-1.0,31.7204,13.368,-3.7263,-28.5234,13.8776,-1.4681,-0.2718,1.0,3.0316
146511,3487,1.6036,0.5782,-1.1546,0.945,1.2912,0.6785,-1.1065,1.0,1.4681,-0.2126,1.1545,-0.8754,1.1739,-0.6897,1.7529,-1.0,3.0491
146511,3488,14.2387,1.9564,-4.9063,13.2223,5.282,1.6485,-1.1914,1.0,4.87,0.9206,-0.2385,4.775,0.951,2.3166,-0.2535,-1.0,2.5474
146511,3489,0.859,-0.5971,-0.3225,-0.5158,0.6787,-0.7012,-2.6464,-1.0,0.6144,-0.298,0.1128,0.5146,0.3186,1.2569,2.7798,1.0,1.1513
146511,3490,1.7021,-0.0266,-1.259,-1.1403,1.2593,-0.8129,-1.592,-1.0,1.4036,-0.1157,1.1117,0.8423,1.1177,0.696,1.6745,1.0,3.0846
146511,3491,3.0729,0.801,-0.8061,2.8531,1.1363,1.6512,-0.7886,1.0,8.2625,-3.0284,2.7266,7.187,4.075,1.3327,2.4086,-1.0,4.3633
146511,3492,7.9509,-7.0343,-3.205,-1.8578,7.7301,-0.2381,-2.7141,1.0,4.0216,3.0682,-2.5974,0.0431,4.02,0.0107,-0.7025,-1.0,9.521
146511,3493,3.962,3.3464,0.4913,-2.0607,3.3823,-0.5768,0.1458,-1.0,1.3742,-0.2165,1.309,-0.3422,1.3267,-0.2552,1.7347,1.0,3.1087
146511,3494,6.4852,-1.8696,1.1594,-6.0998,2.1999,-1.744,2.5865,1.0,12.364,4.7117,3.5832,-10.8544,5.9194,-1.3667,0.6502,-1.0,6.1057
146511,3495,6.0467,-1.715,-5.7027,1.044,5.955,0.1744,-1.8629,-1.0,3.95,-0.5063,3.8347,0.7937,3.868,0.2038,1.7021,1.0,9.3879
146511,3496,2.0685,-0.0818,1.5581,1.354,1.5603,0.7847,1.6232,1.0,2.1451,-1.7567,-0.9898,0.7243,2.0164,0.3519,-2.6285,-1.0,3.1197
146511,3497,4.7755,1.6226,-1.4058,-4.2644,2.1468,-1.4375,-0.7139,1.0,4.9086,-2.8194,2.2025,3.3591,3.5777,0.8375,2.4784,-1.0,9.5339
146511,3498,1.7322,0.1272,-1.4358,0.9549,1.4414,0.6217,-1.4824,1.0,2.4893,-1.8683,1.2901,1.0151,2.2705,0.4334,2.5373,-1.0,3.2996
146511,3499,4.5971,4.4867,0.8588,0.5035,4.5682,0.11,0.1891,1.0,4.8815,-4.4258,-1.6377,-1.2443,4.7191,-0.2607,-2.7872,-1.0,9.4173
146511,3500,7.1627,0.63,2.9274,-6.5058,2.9945,-1.5183,1.3588,-1.0,4.7862,-0.4715,1.5036,-4.5182,1.5757,-1.7756,1.8747,1.0,1.2604
146511,3501,5.7063,0.4936,-1.2206,-5.5514,1.3166,-2.1459,-1.1865,-1.0,3.2049,-0.377,-2.5344,-1.9221,2.5623,-0.6933,-1.7185,1.0,3.0729
146511,3502,1.3975,0.164,1.3217,-0.4099,1.3319,-0.3031,1.4474,-1.0,1.9331,0.1388,-1.9252,-0.0002,1.9302,-0.0001,-1.4988,1.0,3.2355
146511,3503,1.1361,0.1133,-0.2481,-1.0978,0.2727,-2.1009,-1.1425,-1.0,2.1994,-0.9441,0.4428,1.9336,1.0428,1.3764,2.703,1.0,3.1143
146511,3504,1.406,-0.6617,0.6753,1.0352,0.9455,0.9469,2.346,1.0,3.7689,0.5834,-2.5703,2.692,2.6357,0.8964,-1.3476,-1.0,3.048
146511,3505,1.9336,1.0106,1.0247,-1.2869,1.4392,-0.8045,0.7924,-1.0,1.2611,-0.9405,-0.5598,0.6174,1.0945,0.5378,-2.6047,1.0,3.0881
146511,3506,6.4155,0.7621,2.0515,-6.0297,2.1885,-1.7381,1.2151,1.0,2.3295,-0.2814,0.4168,-2.2721,0.5029,-2.2133,2.1647,-1.0,1.1092
146511,3507,3.8205,-1.801,-2.9063,-1.7015,3.4191,-0.4791,-2.1256,-1.0,6.337,2.7266,2.979,4.8824,4.0384,1.0217,0.8296,1.0,9.6019
146511,3508,1.7703,0.05,-1.742,0.2926,1.7428,0.1671,-1.5421,1.0,1.6376,1.1233,1.1619,-0.2424,1.6161,-0.1495,0.8023,-1.0,3.1462
146511,3509,19.9269,-3.1445,-3.778,19.3108,4.9154,2.0773,-2.2649,-1.0,1.5867,0.277,-0.5271,1.4669,0.5954,1.6336,-1.087,1.0,2.0885
146511,3510,47.5437,-32.6633,-3.9855,34.3164,32.9056,0.9114,-3.0202,-1.0,50.4954,49.1025,7.7397,-8.8781,49.7087,-0.1777,0.1563,1.0,93.1677
146511,3511,9.7673,-0.4358,5.7522,-7.881,5.7687,-1.1182,1.6464,1.0,0.3244,0.1781,0.0817,0.236,0.1959,1.0189,0.4298,-1.0,3.049
146511,3512,82.9151,-23.2533,16.1858,77.9243,28.3319,1.7364,2.5335,-1.0,68.4021,42.5187,-38.7191,37.0382,57.5066,0.6062,-0.7387,1.0,93.8168
146511,3513,43.1976,24.3192,34.9554,-7.261,42.5829,-0.1697,0.9629,1.0,47.3539,-25.5895,-38.7121,9.4304,46.4053,0.2018,-2.1549,-1.0,90.4387
146511,3514,35.823,-25.0289,-16.2348,19.8308,29.8332,0.6235,-2.5662,1.0,65.059,34.5642,17.2703,-52.3422,38.6387,-1.1113,0.4634,-1.0,95.0168
146511,3515,17.2564,-4.1154,-4.041,-16.2637,5.7677,-1.7599,-2.3653,1.0,4.4232,-2.947,-3.2703,-0.4177,4.4022,-0.0947,-2.3042,-1.0,9.4025
146511,3516,1.5827,1.4122,-0.6907,-0.1497,1.572,-0.0951,-0.4549,1.0,1.8071,-0.7149,1.6474,-0.1713,1.7958,-0.0952,1.9802,-1.0,3.16
146511,3517,1.4693,0.4652,-0.7836,-1.1476,0.9114,-1.0534,-1.035,1.0,1.1365,1.0294,-0.3673,-0.293,1.093,-0.2649,-0.3427,-1.0,1.0752
146511,3518,0.6052,-0.301,-0.0985,0.5047,0.3168,1.2454,-2.8253,1.0,0.9108,0.2769,0.6857,-0.5212,0.7395,-0.6566,1.187,-1.0,1.3974
146511,3519,5.0422,4.5395,-1.7131,-1.368,4.852,-0.2783,-0.3608,1.0,4.4078,-3.865,1.8677,0.9955,4.2927,0.2299,2.6914,-1.0,9.4174
146511,3520,2.8767,1.8129,2.1933,-0.4084,2.8456,-0.143,0.8801,-1.0,8.7935,-5.4458,-3.735,-5.8058,6.6036,-0.7933,-2.5404,1.0,9.0555
146511,3521,7.8155,6.8801,0.0743,-3.7054,6.8805,-0.5154,0.0108,1.0,5.3749,-2.4844,-2.5307,-4.0375,3.5464,-0.976,-2.3469,-1.0,9.4169
146511,3522,6.6527,1.2011,-0.5928,6.5156,1.3394,2.2855,-0.4585,-1.0,1.5733,0.6853,0.1863,1.3999,0.7102,1.4306,0.2654,1.0,1.1348
146511,3523,1.2698,-0.1215,1.0802,0.6479,1.087,0.5654,1.6828,1.0,1.8817,1.7529,-0.0522,0.6738,1.7537,0.3754,-0.0297,-1.0,2.1134
146511,3524,6.2711,-3.2743,-1.4053,5.1594,3.5631,1.1656,-2.7362,1.0,8.4374,-3.5625,-1.0274,7.5783,3.7077,1.4631,-2.8608,-1.0,1.1954
146511,3525,2.6583,-0.5924,-1.471,-2.1309,1.5858,-1.1049,-1.9536,1.0,3.4596,1.4032,-1.9585,-2.4805,2.4093,-0.9021,-0.9491,-1.0,1.9352
146511,3526,2.4582,-2.38,0.2411,-0.556,2.3922,-0.2304,3.0407,1.0,0.8361,-0.3773,-0.7329,-0.0918,0.8243,-0.1111,-2.0462,-1.0,1.6088
146511,3527,24.3546,2.4267,6.1496,23.4399,6.611,1.9782,1.1949,-1.0,40.101,4.3367,11.5604,38.1527,12.3471,1.8465,1.2119,1.0,1.2195
146511,3528,4.9072,-2.5373,4.1719,-0.4764,4.8829,-0.0974,2.1172,1.0,4.5524,2.0493,-4.017,0.6144,4.5095,0.1358,-1.099,-1.0,9.4448
146511,3529,1.413,0.031,1.3258,-0.4762,1.3262,-0.3517,1.5474,-1.0,1.3799,0.3586,-1.1547,-0.6566,1.2091,-0.5194,-1.2696,1.0,2.5172
146511,3530,1.0767,1.0207,0.2416,0.2188,1.0489,0.2071,0.2324,1.0,2.2369,0.9946,1.9888,-0.2189,2.2236,-0.0983,1.107,-1.0,1.3941
146511,3531,5.4888,-5.2678,-0.6802,-1.3797,5.3115,-0.2569,-3.0132,1.0,15.7739,2.4836,-10.039,-11.9103,10.3416,-0.9847,-1.3283,-1.0,12.3622
146511,3532,0.9864,-0.3218,0.5461,0.7484,0.6338,1.0036,2.1033,-1.0,0.8681,0.4227,-0.7311,-0.1709,0.8445,-0.201,-1.0466,1.0,1.7497
146511,3533,0.423,0.3859,0.1048,0.0886,0.3999,0.2197,0.2651,-1.0,10.1677,-4.3555,-6.2829,-6.7027,7.6449,-0.7915,-2.177,1.0,3.8066
146511,3534,1.57,-1.3174,-0.1006,0.8416,1.3212,0.6003,-3.0654,-1.0,1.5685,1.3186,0.2719,-0.7977,1.3463,-0.5624,0.2033,1.0,3.1335
146511,3535,4.5831,2.3522,-0.3472,3.9167,2.3777,1.2738,-0.1465,1.0,5.0978,-0.9111,-1.4519,-4.7998,1.7141,-1.7533,-2.1312,-1.0,9.3609
146511,3536,5.6323,0.5988,3.2088,-4.5887,3.2642,-1.1413,1.3863,1.0,3.3666,-1.7619,-0.9977,-2.6875,2.0248,-1.095,-2.6264,-1.0,4.6684
146511,3537,3.1204,-0.7197,2.3245,-1.9506,2.4334,-0.7339,1.8711,1.0,1.773,1.1401,1.1925,0.6407,1.6498,0.3792,0.8079,-1.0,3.1119
146511,3538,5.771,0.0039,-5.2976,-2.2865,5.2976,-0.4192,-1.5701,1.0,6.5343,3.3418,5.5743,0.6671,6.4993,0.1025,1.0307,-1.0,11.7272
146511,3539,0.6489,0.6321,0.0174,-0.1002,0.6323,-0.1578,0.0275,-1.0,1.5687,0.1195,1.0745,1.1317,1.0812,0.9141,1.4601,1.0,1.4479
146511,3540,62.5958,8.746,61.6597,-6.3106,62.2768,-0.1012,1.4299,-1.0,32.6054,0.0084,-31.1324,9.6888,31.1324,0.3064,-1.5705,1.0,89.6845
146511,3541,1.3032,0.372,-1.1164,-0.55,1.1767,-0.4519,-1.2492,1.0,1.0346,0.7058,0.09,-0.7437,0.7115,-0.913,0.1268,-1.0,1.2557
146511,3542,45.7579,5.4425,-1.9181,45.3924,5.7706,2.7597,-0.3388,-1.0,46.3297,-9.7631,1.9423,-45.2475,9.9544,-2.2192,2.9452,1.0,91.986
146511,3543,0.6105,-0.5084,0.3209,-0.0096,0.6012,-0.0159,2.5786,-1.0,1.0352,0.7296,-0.3653,0.6282,0.8159,0.709,-0.4642,1.0,1.5082
146511,3544,3.7711,-0.5857,3.4616,-1.3726,3.5108,-0.3816,1.7384,-1.0,2.9769,-1.2709,2.5874,-0.7354,2.8827,-0.2524,2.0274,1.0,1.0264
146511,3545,4.5229,-3.0865,-0.4883,3.2682,3.1249,0.9134,-2.9847,1.0,5.1989,-1.4954,-2.4205,4.35,2.8452,1.2107,-2.1242,-1.0,2.6501
146511,3546,4.979,4.9079,-0.7654,-0.3259,4.9672,-0.0656,-0.1547,1.0,2.5709,0.7216,-2.3894,-0.6069,2.496,-0.2408,-1.2775,-1.0,3.8061
146511,3547,47.248,46.0513,-10.5483,-0.6103,47.244,-0.0129,-0.2252,-1.0,42.7339,-42.0094,3.4966,-7.0115,42.1546,-0.1656,3.0586,1.0,89.2893
146511,3548,10.3625,-1.6362,-1.7015,10.0895,2.3606,2.1592,-2.3366,1.0,4.9479,-1.5652,-0.8056,4.623,1.7603,1.6931,-2.6662,-1.0,1.1906
146511,3549,4.2418,-3.1903,1.9525,1.9978,3.7404,0.5115,2.5924,-1.0,5.6087,3.729,-4.1791,0.2746,5.6009,0.049,-0.8423,1.0,9.307
146511,3550,6.1026,1.2125,5.4564,2.447,5.5895,0.4249,1.3521,1.0,20.5128,3.5296,5.2668,19.5081,6.3401,1.8425,0.9804,-1.0,9.4274
146511,3551,13.4709,1.3045,9.2229,-9.7309,9.3147,-0.9126,1.4303,-1.0,15.0079,0.3036,7.9832,-12.7045,7.9889,-1.2438,1.5328,1.0,3.0105
146511,3552,60.3693,-15.3768,-6.2162,-58.0461,16.5857,-1.9657,-2.7574,1.0,10.6788,-3.183,0.9747,-10.1461,3.3289,-1.8335,2.8444,-1.0,5.0701
146511,3553,7.2415,-2.5371,-2.2896,6.3835,3.4175,1.3829,-2.4074,-1.0,6.8817,2.211,3.3462,-5.5912,4.0107,-1.1345,0.9869,1.0,14.0576
146511,3554,5.7255,1.8633,-1.1628,5.2864,2.1963,1.6121,-0.5579,-1.0,7.5074,3.0157,-0.0775,6.8739,3.0167,1.5617,-0.0257,1.0,1.3767
146511,3555,4.9085,1.2232,3.895,-2.7231,4.0825,-0.6254,1.2665,1.0,4.6372,-1.4016,-3.6806,2.4456,3.9385,0.5867,-1.9347,-1.0,9.5376
146511,3556,3.0907,1.5061,-0.0498,-2.6964,1.5069,-1.3453,-0.0331,1.0,3.3384,0.1752,0.2023,-3.3259,0.2676,-3.2147,0.8572,-1.0,1.4881
146511,3557,55.2501,33.741,20.4614,38.671,39.4604,0.8672,0.5451,1.0,44.1875,-3.6973,-34.157,-27.7875,34.3566,-0.7395,-1.6786,-1.0,93.1622
146511,3558,26.5642,-6.3799,-2.2726,-25.6861,6.7726,-2.0432,-2.7994,1.0,2.2211,-0.3388,-1.0123,-1.9449,1.0675,-1.361,-1.8937,-1.0,3.0314
146511,3559,1.4981,-0.1596,-0.8703,-1.2043,0.8848,-1.1152,-1.7521,1.0,0.414,-0.1152,-0.3328,0.1903,0.3522,0.5169,-1.9039,-1.0,1.0512
146511,3560,1.7327,-0.6695,0.026,1.5944,0.67,1.6017,3.1028,1.0,2.8403,-2.5356,-0.8576,-0.944,2.6767,-0.3457,-2.8155,-1.0,3.0862
146511,3561,2.2724,0.0258,-1.0068,2.0343,1.0072,1.4525,-1.5451,-1.0,16.2243,-7.246,-6.2308,13.1107,9.5565,1.1215,-2.4314,1.0,2.8714
146511,3562,53.4576,29.6055,23.3121,37.918,37.6821,0.8858,0.667,-1.0,55.5951,-24.0451,36.1741,-34.6997,43.4365,-0.7318,2.1574,1.0,91.1736
146511,3563,5.9667,-1.9591,-5.0366,-2.5269,5.4042,-0.452,-1.9418,-1.0,5.4576,-0.9383,-4.5844,-2.8067,4.6794,-0.5687,-1.7727,1.0,1.0537
146511,3564,48.8207,0.9076,-46.2364,15.6469,46.2453,0.3322,-1.5512,-1.0,43.1551,-1.1099,39.6138,-17.084,39.6294,-0.4187,1.5988,1.0,91.7256
146511,3565,5.4425,-3.2267,3.9239,-1.9497,5.0802,-0.3749,2.259,-1.0,4.2821,1.9244,-3.6398,1.1718,4.1173,0.2809,-1.0844,1.0,9.6013
146511,3566,5.2868,4.0058,3.1696,1.3588,5.1081,0.263,0.6694,-1.0,4.7612,-1.1789,-3.1672,-3.3522,3.3795,-0.8756,-1.9271,1.0,9.4338
146511,3567,12.1921,3.2382,5.2559,-10.5131,6.1733,-1.3023,1.0186,-1.0,6.5483,2.7904,2.2982,-5.459,3.615,-1.2004,0.689,1.0,1.6384
146511,3568,5.6947,4.6338,0.1768,3.3037,4.6372,0.6628,0.0381,1.0,6.4725,-1.6254,6.2462,-0.4751,6.4542,-0.0735,1.8254,-1.0,9.4729
146511,3569,0.8539,-0.8006,-0.247,-0.1271,0.8378,-0.1511,-2.8423,1.0,0.7329,0.4859,-0.3464,-0.4121,0.5968,-0.6449,-0.6193,-1.0,1.3328
146511,3570,7.0504,-4.7595,-4.1803,3.0934,6.3346,0.4707,-2.4209,1.0,5.2337,2.3149,2.0274,4.2321,3.0772,1.1235,0.7193,-1.0,9.3072
146511,3571,1.8112,-0.2628,1.7682,0.2712,1.7876,0.1511,1.7184,1.0,6.9252,2.7819,3.561,5.2467,4.5188,0.9908,0.9076,-1.0,3.3363
146511,3572,4.144,-2.5566,-1.1072,3.0659,2.786,0.9506,-2.7329,-1.0,0.7797,-0.0817,-0.4375,0.6314,0.4451,1.1487,-1.7555,1.0,1.1073
146511,3573,16.1601,0.9377,-10.2739,-12.438,10.3166,-1.0196,-1.4798,-1.0,4.6662,0.6011,-2.5816,-3.8389,2.6506,-1.1657,-1.342,1.0,1.0805
146511,3574,15.3903,5.3432,-1.646,14.3384,5.591,1.671,-0.2988,-1.0,29.8641,9.2389,-0.1198,28.3986,9.2397,1.8414,-0.013,1.0,2.3974
146511,3575,0.4359,0.1728,0.0888,-0.3756,0.1943,-1.4134,0.4747,1.0,2.3182,1.9161,0.811,1.0168,2.0806,0.4711,0.4004,-1.0,1.4145
146511,3576,5.2041,-4.4631,1.3437,2.3124,4.661,0.4777,2.8491,-1.0,4.612,4.5843,-0.2615,0.4189,4.5917,0.0911,-0.057,1.0,9.3654
146511,3577,5.6515,-0.6167,-2.39,5.0829,2.4683,1.4698,-1.8233,-1.0,15.569,0.1946,-4.4947,14.9045,4.4989,1.913,-1.5275,1.0,1.7997
146511,3578,2.0158,-0.4197,-1.1985,1.5619,1.2699,1.035,-1.9077,1.0,2.3166,0.9809,1.6328,1.3142,1.9048,0.6444,1.0298,-1.0,3.1613
146511,3579,1.2782,-0.6379,0.282,1.0659,0.6975,1.2103,2.7254,1.0,0.2519,-0.047,0.0656,-0.214,0.0807,-1.7022,2.1932,-1.0,1.0127
146511,3580,10.417,-0.3545,-1.8203,-10.25,1.8545,-2.4109,-1.7631,1.0,4.8054,-0.1233,4.6247,-1.2951,4.6264,-0.2764,1.5975,-1.0,9.5046
146511,3581,7.5662,3.2019,4.9841,-4.7056,5.9239,-0.7282,0.9998,1.0,3.1041,-1.1776,-2.8222,0.522,3.058,0.1699,-1.9661,-1.0,9.3584
146511,3582,21.4286,-11.2854,-0.2807,-18.2136,11.2889,-1.2561,-3.1167,1.0,27.0814,-17.1809,1.7193,-20.8627,17.2667,-1.0212,3.0419,-1.0,3.7236
146511,3583,1.7245,-0.4547,-0.8955,-1.3979,1.0043,-1.1333,-2.0406,-1.0,7.6337,1.868,-7.1256,-1.9994,7.3664,-0.2682,-1.3144,1.0,3.1142
146511,3584,43.497,-35.9294,-18.2173,-16.407,40.2838,-0.3968,-2.6723,1.0,48.5261,37.0738,19.6577,24.3696,41.963,0.5522,0.4875,-1.0,91.6595
146511,3585,1.0963,-0.035,-0.5656,-0.9325,0.5667,-1.2729,-1.6325,-1.0,20.2093,-4.3396,12.3805,15.3719,13.119,0.9977,1.9079,1.0,9.3114
146511,3586,6.9241,-2.2537,4.8129,-4.4371,5.3144,-0.7597,2.0087,-1.0,0.1618,-0.122,-0.0041,-0.0103,0.1221,-0.0846,-3.1079,1.0,1.2886
146511,3587,17.7496,1.0034,-4.4394,-17.1558,4.5514,-2.0372,-1.3485,1.0,32.3638,3.0244,-9.6248,-30.7509,10.0888,-1.8335,-1.2663,-1.0,1.5067
146511,3588,7.7263,-1.2064,-5.6715,-5.1052,5.7984,-0.7943,-1.7804,1.0,10.3581,-2.329,2.8349,-9.686,3.6689,-1.698,2.2585,-1.0,9.366
146511,3589,3.7343,0.7064,3.4692,1.183,3.5404,0.3282,1.3699,-1.0,1.3302,-0.4347,1.2509,0.0673,1.3243,0.0508,1.9053,1.0,1.3164
146511,3590,20.7596,-9.2936,-1.9755,-18.4574,9.5013,-1.4177,-2.9321,-1.0,1.5573,0.5414,1.4221,0.3142,1.5216,0.2051,1.2071,1.0,9.5897
146511,3591,19.529,1.9213,4.1923,18.9764,4.6116,2.1222,1.1411,1.0,1.6408,0.1223,0.9179,1.3503,0.926,1.1713,1.4383,-1.0,2.1661
146511,3592,8.425,-1.3589,-2.0422,-8.0593,2.453,-1.905,-2.1579,-1.0,3.5505,1.6949,-2.362,2.0355,2.9072,0.6528,-0.9484,1.0,9.3604
146511,3593,0.707,0.394,-0.2733,-0.5088,0.4795,-0.924,-0.6064,-1.0,1.2071,-0.6777,0.8263,0.5512,1.0686,0.4953,2.2577,1.0,1.8099
146511,3594,16.2719,-2.0368,3.4227,15.7765,3.9829,2.0852,2.1076,-1.0,16.7291,-2.641,2.3063,16.3572,3.5062,2.2446,2.4237,1.0,1.3357
146511,3595,48.6645,20.3089,-9.8742,43.1077,22.5821,1.4022,-0.4525,-1.0,48.5706,-22.1901,4.9301,-42.923,22.7311,-1.3925,2.923,1.0,97.091
146511,3596,9.7661,6.9332,2.1937,-6.518,7.2719,-0.8061,0.3064,1.0,11.6776,-1.3717,4.4253,-10.7187,4.633,-1.5757,1.8714,-1.0,9.3802
146511,3597,44.2451,-14.8856,-37.8693,-17.3769,40.6898,-0.415,-1.9453,1.0,43.5728,17.0103,36.1884,17.3097,39.9868,0.4204,1.1314,-1.0,87.7761
146511,3598,43.8674,-31.8718,-29.7786,-4.6642,43.6186,-0.1067,-2.3901,-1.0,55.0038,19.2486,36.1515,-36.7147,40.9565,-0.8062,1.0815,1.0,88.6755
146511,3599,10.0434,9.1251,0.7084,4.134,9.1526,0.4376,0.0775,-1.0,15.1095,13.131,1.5685,7.3077,13.2244,0.5277,0.1189,1.0,1.1131
146511,3600,15.9814,-12.7475,-8.829,3.8657,15.5064,0.2468,-2.5358,-1.0,2.8349,-2.3635,-0.7421,1.3744,2.4772,0.5297,-2.8374,1.0,2.5784
146511,3601,0.5748,0.2669,0.0587,-0.4946,0.2733,-1.3552,0.2164,-1.0,3.6346,-0.6374,-3.4967,-0.7523,3.5543,-0.2101,-1.7511,1.0,2.0512
146511,3602,1.1706,-1.0477,-0.4915,0.1414,1.1572,0.1219,-2.703,-1.0,1.4317,0.4535,0.3808,1.2992,0.5922,1.5272,0.6986,1.0,2.0812
146511,3603,3.0816,-2.5573,1.1994,-1.2275,2.8246,-0.422,2.7031,1.0,2.1613,-1.0896,1.7808,-0.5494,2.0877,-0.2602,2.1199,-1.0,1.4662
146511,3604,45.6467,1.0951,-12.8362,-43.7909,12.8828,-1.9376,-1.4857,1.0,49.2006,2.6765,17.2567,45.9971,17.463,1.6959,1.4169,-1.0,94.6435
146511,3605,2.3176,0.0582,0.4603,2.2682,0.464,2.2903,1.445,-1.0,1.9743,1.4121,0.3177,1.3385,1.4474,0.8271,0.2213,1.0,1.6262
146511,3606,3.0426,1.199,0.8823,2.6515,1.4887,1.3412,0.6344,-1.0,5.9803,0.1932,2.2649,5.5304,2.2731,1.6221,1.4857,1.0,1.6206
146511,3607,0.7789,0.5701,0.4678,0.2274,0.7375,0.3036,0.6872,-1.0,1.1951,0.8603,-0.0524,-0.821,0.8619,-0.8474,-0.0609,1.0,1.1513
146511,3608,1.5488,0.2886,-1.0123,-1.1312,1.0526,-0.9332,-1.2931,1.0,1.5969,-1.3083,-0.1432,-0.8982,1.3161,-0.6382,-3.0326,-1.0,1.8445
146511,3609,11.2379,3.4997,-2.6561,10.343,4.3935,1.5917,-0.6492,-1.0,3.4301,1.101,0.0737,3.246,1.1035,1.7998,0.0669,1.0,1.6293
146511,3610,2.7636,0.0551,-1.2086,-2.4825,1.2099,-1.4666,-1.5252,1.0,0.9036,0.2264,0.3454,0.7967,0.413,1.4115,0.9907,-1.0,3.1276
146511,3611,4.0193,-2.5246,3.0948,-0.4382,3.9939,-0.1095,2.2551,1.0,3.3024,3.2207,0.2249,-0.6868,3.2285,-0.2111,0.0697,-1.0,6.3904
146511,3612,2.1563,2.1166,0.1314,0.3762,2.1206,0.1765,0.062,1.0,2.7448,0.0511,0.0853,2.741,0.0995,4.0099,1.0306,-1.0,3.0917
146511,3613,46.6642,27.1601,-24.867,28.6617,36.8244,0.7157,-0.7414,1.0,44.4664,-32.6422,22.0032,-20.6784,39.3656,-0.5037,2.5485,-1.0,90.5693
146511,3614,7.4275,-0.6954,7.1082,2.0362,7.1422,0.2814,1.6683,-1.0,4.9151,1.9825,4.3884,0.9793,4.8154,0.202,1.1465,1.0,3.0689
146511,3615,2.5531,1.8532,-1.7526,0.033,2.5507,0.0129,-0.7575,-1.0,0.9145,-0.3826,0.8046,0.1768,0.891,0.1971,2.0147,1.0,2.9864
146511,3616,0.5649,-0.1999,0.4741,0.2078,0.5145,0.3937,1.9698,-1.0,0.4937,0.1052,-0.4706,0.0042,0.4822,0.0087,-1.3508,1.0,1.0328
146511,3617,1.2998,0.1755,1.0315,0.7639,1.0463,0.6772,1.4023,-1.0,19.8733,7.4656,0.3864,18.4133,7.4756,1.6334,0.0517,1.0,4.4872
146511,3618,3.7967,1.618,0.2108,-3.4265,1.6317,-1.4875,0.1296,1.0,1.2471,-0.0158,-0.5245,-1.1264,0.5248,-1.5073,-1.6009,-1.0,1.4301
146511,3619,70.1534,20.8703,2.433,-66.9328,21.0116,-1.8755,0.1161,1.0,39.8179,-18.2836,-32.7142,13.4516,37.4768,0.3516,-2.0804,-1.0,91.1581
146511,3620,2.3122,-1.1352,-0.4558,1.9592,1.2233,1.2498,-2.7598,1.0,14.5376,-5.8844,4.7115,12.4301,7.5382,1.2746,2.4664,-1.0,3.0785
146511,3621,1.8534,-0.1126,-1.7868,-0.4676,1.7903,-0.2583,-1.6337,-1.0,1.0881,0.6298,-0.6371,0.6085,0.8959,0.6355,-0.7912,1.0,1.5779
146511,3622,1.653,-0.7742,-1.4146,0.3473,1.6126,0.2137,-2.0715,1.0,1.7549,0.1852,1.6378,-0.5933,1.6482,-0.3526,1.4582,-1.0,3.3402
146511,3623,43.4108,-7.0568,7.0994,-42.2408,10.01,-2.1467,2.3532,-1.0,6.394,1.7772,3.2025,-5.24,3.6625,-1.1557,1.0642,1.0,9.5961
146511,3624,10.5159,-2.7446,2.2282,-9.9033,3.5352,-1.7537,2.4597,-1.0,0.5244,0.4704,0.0884,-0.1864,0.4787,-0.3801,0.1857,1.0,3.0901
146511,3625,6.3431,-1.2667,-1.9512,-5.9002,2.3263,-1.6606,-2.1466,1.0,8.0177,-3.5995,0.356,-7.1547,3.6171,-1.4338,3.043,-1.0,3.0951
146511,3626,47.8721,-6.1414,-37.3753,-29.2762,37.8765,-0.7114,-1.7337,-1.0,43.3695,8.0724,36.681,21.6851,37.5588,0.5493,1.3542,1.0,90.9021
146511,3627,1.7083,-0.5569,-1.4552,-0.6924,1.5581,-0.4309,-1.9363,-1.0,1.4671,-0.1126,1.4237,0.3192,1.4281,0.2217,1.6497,1.0,3.0814
146511,3628,2.8674,-1.2294,-1.0371,2.3715,1.6084,1.1805,-2.4408,-1.0,5.8215,-4.6385,-3.2944,1.2288,5.6894,0.2143,-2.524,1.0,3.0564
146511,3629,6.9337,2.3065,1.7198,-6.3078,2.8771,-1.5265,0.6407,1.0,21.0191,6.1881,2.5398,-19.9261,6.689,-1.8118,0.3895,-1.0,1.6866
146511,3630,8.3908,0.6942,0.6387,8.3369,0.9434,2.8753,0.7438,1.0,22.0768,7.0613,-6.2604,19.958,9.4368,1.4939,-0.7253,-1.0,5.9936
146511,3631,46.6857,-37.6685,20.213,-18.7633,42.7491,-0.4259,2.6491,1.0,48.298,38.0502,-27.2881,-11.842,46.8237,-0.2503,-0.6222,-1.0,89.6383
146511,3632,1.5275,-1.3246,0.6961,0.2881,1.4964,0.1913,2.6577,1.0,1.5794,1.3819,-0.2232,-0.7237,1.3998,-0.4964,-0.1601,-1.0,3.0391
146511,3633,0.4626,-0.2882,-0.3285,-0.1091,0.437,-0.2472,-2.2909,-1.0,4.0164,-1.6516,0.4502,3.6318,1.7119,1.4967,2.8755,1.0,1.9685
146511,3634,12.7988,-9.1039,2.3198,-8.6911,9.3948,-0.8274,2.8921,1.0,0.4982,0.024,0.482,-0.0645,0.4826,-0.1333,1.521,-1.0,3.1392
146511,3635,6.7205,1.7561,-1.3168,-6.3511,2.1949,-1.7842,-0.6434,1.0,0.6994,-0.413,0.4339,-0.3452,0.5991,-0.5483,2.3315,-1.0,2.7626
146511,3636,6.5611,0.7118,5.1358,-4.0191,5.1849,-0.7132,1.4331,1.0,3.7939,0.5334,-3.7321,0.4123,3.77,0.1091,-1.4288,-1.0,9.5234
146511,3637,2.4775,-0.3235,0.842,2.3051,0.902,1.6676,1.9376,-1.0,8.0525,1.1164,-7.2382,3.3456,7.3238,0.4423,-1.4178,1.0,6.1164
146511,3638,6.252,5.5479,-1.265,2.588,5.6903,0.4404,-0.2242,1.0,6.103,-3.5805,0.2927,4.9325,3.5925,1.1222,3.06,-1.0,9.5537
146511,3639,35.1333,4.6801,-6.1134,34.2791,7.6992,2.199,-0.9174,1.0,52.5332,6.4958,-11.0009,50.956,12.7755,2.0919,-1.0374,-1.0,1.6089
146511,3640,8.0151,-1.2803,4.9212,6.1947,5.085,1.0276,1.8253,-1.0,7.2869,1.8136,-4.434,-5.4899,4.7905,-0.9809,-1.1825,1.0,15.2687
146511,3641,3.6555,1.0847,2.0608,-2.8157,2.3288,-1.0218,1.0863,-1.0,2.1492,-0.3413,1.053,-1.8392,1.1069,-1.2812,1.8842,1.0,1.3335
146511,3642,4.7757,1.726,-1.5719,4.1649,2.3345,1.3427,-0.7387,1.0,4.752,-0.9612,1.6924,-4.3338,1.9463,-1.5406,2.0873,-1.0,9.4947
146511,3643,31.9688,-12.0572,28.7259,-7.1724,31.1537,-0.2282,1.9682,1.0,19.8136,4.4718,-19.1853,2.12,19.6996,0.1074,-1.3418,-1.0,50.0733
146511,3644,0.9247,0.1656,-0.5324,-0.7301,0.5576,-1.0842,-1.2693,1.0,2.0435,1.9261,-0.6065,-0.2952,2.0193,-0.1457,-0.305,-1.0,1.4446
146511,3645,20.975,6.5471,-2.0529,-19.8207,6.8614,-1.7827,-0.3039,1.0,13.3024,-2.1272,-5.5902,-11.8814,5.9812,-1.4376,-1.9344,-1.0,9.5898
146511,3646,0.6829,0.1809,-0.6471,0.0608,0.6719,0.0903,-1.2982,-1.0,6.1701,-5.4051,-2.8815,0.736,6.1252,0.1199,-2.6518,1.0,2.5664
146511,3647,6.4923,2.2952,-4.4197,-4.1637,4.9802,-0.7606,-1.0918,-1.0,1.2027,0.7192,-0.4273,-0.8576,0.8366,-0.899,-0.5362,1.0,1.191
146511,3648,2.234,0.1614,2.1153,0.692,2.1214,0.3207,1.4947,-1.0,3.3465,-2.9339,0.3899,1.5582,2.9597,0.5048,3.0095,1.0,3.4806
146511,3649,4.7852,-1.3922,-3.5973,-2.8298,3.8573,-0.68,-1.94,1.0,4.7114,0.9563,3.6905,2.7662,3.8124,0.6735,1.3172,-1.0,9.4859
146511,3650,39.6987,27.1274,-25.2242,14.2765,37.0427,0.3765,-0.7491,1.0,41.1981,-30.5568,24.3289,-13.1018,39.0591,-0.3294,2.4692,-1.0,80.8106
146511,3651,1.1384,0.2713,-0.5044,-0.9782,0.5727,-1.3049,-1.0773,-1.0,0.8168,0.4717,0.6548,-0.0689,0.807,-0.0852,0.9465,1.0,1.4669
146511,3652,7.4677,4.1027,4.33,-4.4916,5.965,-0.6955,0.8123,-1.0,4.9725,-3.428,-3.4303,1.0938,4.8495,0.2237,-2.3559,1.0,11.9143
146511,3653,1.237,0.194,1.0837,-0.5541,1.1009,-0.4842,1.3937,-1.0,3.8499,-3.4891,0.471,-1.5539,3.5208,-0.4281,3.0074,1.0,2.8562
146511,3654,9.2058,-8.0167,0.8246,4.4484,8.059,0.5272,3.0391,-1.0,3.9316,-0.4124,0.3028,3.8968,0.5117,2.7277,2.5082,1.0,5.5344
146511,3655,14.4966,-6.53,-6.639,11.1096,9.3122,1.0115,-2.3479,-1.0,6.3158,2.2719,5.5026,2.1068,5.9532,0.3469,1.1792,1.0,15.4616
146511,3656,5.9593,-1.0827,-3.6344,-4.5958,3.7922,-1.0236,-1.8603,-1.0,6.3696,3.4217,4.0536,3.5243,5.3047,0.6232,0.8697,1.0,12.0502
146511,3657,5.1438,2.1419,-3.3815,-3.2289,4.0028,-0.7379,-1.0062,-1.0,4.1232,0.4438,-3.9182,-1.2,3.9433,-0.2998,-1.458,1.0,2.5081
146511,3658,46.2494,-40.4149,18.9196,-12.1525,44.6241,-0.2691,2.7038,-1.0,46.9912,44.9367,-13.6492,1.5965,46.9639,0.034,-0.2949,1.0,92.3805
146511,3659,5.2185,-2.6819,1.2749,-4.2899,2.9695,-1.1637,2.6978,-1.0,0.5607,-0.4538,0.2646,-0.1654,0.5253,-0.3099,2.6137,1.0,1.1607
146511,3660,3.3951,-0.5239,-2.1056,-2.6091,2.1698,-1.0176,-1.8147,-1.0,5.9649,-2.248,-2.3475,-5.0004,3.2503,-1.2159,-2.3346,1.0,1.48
146511,3661,39.1357,0.9493,29.4365,-25.7717,29.4518,-0.7902,1.5386,1.0,51.2364,5.9255,-37.1194,34.8166,37.5894,0.8282,-1.4125,-1.0,89.3253
146511,3662,44.9911,-36.1872,17.8085,-19.9383,40.3318,-0.4762,2.6843,-1.0,45.2431,30.8054,-17.9034,27.8823,35.6301,0.719,-0.5265,1.0,89.7225
146511,3663,8.7581,2.1928,-1.067,-8.4111,2.4386,-1.9517,-0.4529,1.0,20.6482,1.081,-5.1835,-19.9574,5.295,-2.0371,-1.3652,-1.0,3.1891
146511,3664,1.3305,-0.8031,-0.8583,-0.6145,1.1754,-0.5016,-2.323,-1.0,0.9802,0.4287,0.8023,-0.3496,0.9096,-0.3754,1.0801,1.0,2.0656
146511,3665,3.5242,-0.9322,0.8683,3.2842,1.274,1.6758,2.3917,-1.0,2.0229,-0.4589,1.2696,1.5029,1.35,0.9592,1.9176,1.0,1.1615
146511,3666,10.6549,0.0973,-2.4824,10.3607,2.4843,2.1353,-1.5316,-1.0,2.5479,-2.2373,1.0049,0.6819,2.4527,0.2746,2.7194,1.0,6.7537
146511,3667,0.5993,-0.2162,-0.1216,0.5352,0.2481,1.5118,-2.6293,1.0,1.3409,-0.8518,1.0289,-0.05,1.3358,-0.0375,2.2623,-1.0,1.251
146511,3668,0.1617,0.05,0.0652,-0.0907,0.0821,-0.9533,0.9169,-1.0,4.6347,1.7005,-3.1021,2.9925,3.5376,0.7681,-1.0694,1.0,1.5159
146511,3669,1.4487,1.0897,-0.8847,-0.3427,1.4036,-0.2418,-0.6819,1.0,1.829,-1.3989,1.1714,0.0698,1.8246,0.0383,2.4445,-1.0,3.239
146511,3670,2.4325,-0.8904,-2.1964,-0.5375,2.37,-0.2249,-1.9559,1.0,1.1994,-0.9316,0.7444,0.0739,1.1925,0.0619,2.4674,-1.0,2.7474
146511,3671,1.4814,-1.0606,0.0422,1.028,1.0614,0.8589,3.1018,-1.0,9.9119,0.2322,-2.5806,9.5666,2.591,2.0172,-1.4811,1.0,3.2297
146511,3672,2.2791,0.2389,-2.0534,-0.9536,2.0673,-0.4463,-1.455,1.0,1.7268,-1.0826,-1.3281,-0.1865,1.7134,-0.1086,-2.2547,-1.0,1.6126
146511,3673,10.2535,1.9967,-2.1547,9.8231,2.9377,1.9219,-0.8234,1.0,19.976,1.8245,-4.3389,19.4132,4.7069,2.1245,-1.1727,-1.0,1.513
146511,3674,60.2866,19.5073,-13.7061,-55.3721,23.841,-1.5792,-0.6125,1.0,7.3639,-0.2668,-3.5993,-6.4179,3.6092,-1.3398,-1.6448,-1.0,9.4291
146511,3675,46.8261,-45.6403,-0.5813,-10.4547,45.644,-0.2271,-3.1289,-1.0,47.2188,46.8243,-2.6617,5.4775,46.8999,0.1165,-0.0568,1.0,93.8497
146511,3676,7.5536,2.4563,0.6899,7.1089,2.5513,1.7486,0.2738,-1.0,0.8744,0.299,0.395,0.7128,0.4954,1.1603,0.9228,1.0,1.0414
146511,3677,1.5633,0.0561,1.3243,0.8221,1.3255,0.5861,1.5285,1.0,1.5546,-0.0833,-1.3519,-0.7556,1.3545,-0.5323,-1.6324,-1.0,3.117
146511,3678,1.0222,0.3694,0.4852,0.8136,0.6098,1.0991,0.9201,-1.0,0.9896,-0.3823,-0.5166,-0.7451,0.6427,-0.9897,-2.2078,1.0,2.0104
146511,3679,1.3575,0.6971,0.9678,-0.6395,1.1928,-0.5133,0.9466,-1.0,3.8615,0.5534,0.8386,-3.727,1.0047,-2.0217,0.9875,1.0,1.8288
146511,3680,1.128,-0.7242,0.8451,0.1497,1.113,0.1341,2.2793,-1.0,5.0463,0.2417,0.4136,5.0224,0.4791,3.0452,1.042,1.0,3.091
146511,3681,4.0914,3.5141,-1.0254,1.8242,3.6607,0.4797,-0.2839,1.0,3.2429,-1.9128,2.5441,0.6117,3.1829,0.191,2.2155,-1.0,6.5565
146511,3682,1.2194,1.0223,-0.1879,-0.6287,1.0394,-0.573,-0.1817,1.0,1.2152,-1.0187,0.1839,0.6277,1.0352,0.5742,2.963,-1.0,2.4346
146511,3683,20.1298,6.3374,-3.9711,18.6886,7.4788,1.6468,-0.5598,-1.0,9.6416,2.5358,-2.4873,8.9628,3.5521,1.6558,-0.7757,1.0,1.1347
146511,3684,9.5277,-3.799,8.4719,-2.1353,9.2847,-0.228,1.9923,-1.0,8.4564,-4.2843,4.8731,-5.4219,6.4887,-0.7602,2.292,1.0,4.7839
146511,3685,2.9485,-2.8706,0.6638,0.0325,2.9464,0.011,2.9143,-1.0,1.0334,-0.725,0.4945,0.5353,0.8776,0.5773,2.543,1.0,1.1235
146511,3686,19.4232,-3.4876,6.5753,17.9402,7.443,1.6134,2.0585,-1.0,24.2143,-3.5217,7.018,22.9055,7.8521,1.7919,2.0359,1.0,1.3936
146511,3687,49.4699,-29.59,21.677,33.1933,36.6806,0.8125,2.5093,-1.0,62.1149,-2.919,-62.0052,-2.2539,62.0739,-0.0363,-1.6178,1.0,93.8654
146511,3688,1.5914,-1.5275,-0.2838,0.3282,1.5536,0.2097,-2.9579,-1.0,1.9276,1.4654,-0.1526,1.2386,1.4733,0.7641,-0.1038,1.0,3.1201
146511,3689,9.3398,3.7432,-1.4174,8.438,4.0026,1.491,-0.362,-1.0,7.1238,0.0934,-1.224,7.0164,1.2275,2.444,-1.4946,1.0,3.2425
146511,3690,0.9078,0.7995,0.0926,0.4063,0.8049,0.4855,0.1153,-1.0,2.3011,1.8701,1.313,-0.2503,2.285,-0.1093,0.6121,1.0,1.0817
146511,3691,10.9434,9.4058,4.5528,3.2481,10.4497,0.306,0.4508,-1.0,1.2648,0.3647,1.2011,0.1136,1.2552,0.0904,1.276,1.0,3.028
146511,3692,0.7766,-0.4186,0.5817,0.2798,0.7167,0.3812,2.1945,-1.0,1.8608,-0.3855,-0.6406,-1.7007,0.7476,-1.5602,-2.1125,1.0,2.0705
146511,3693,0.8826,0.6633,0.0341,0.5716,0.6642,0.7793,0.0513,1.0,1.1242,-1.0053,-0.3431,-0.3524,1.0623,-0.3259,-2.8127,-1.0,1.9408
146511,3694,5.6087,-1.0845,4.9843,-2.3298,5.1009,-0.4422,1.785,1.0,9.6131,-1.1267,5.1561,8.034,5.2778,1.207,1.7859,-1.0,9.5629
146511,3695,3.8871,-3.2767,2.0372,0.4597,3.8583,0.1189,2.5854,-1.0,20.2089,-16.8107,11.1833,-0.8495,20.1908,-0.0421,2.5546,1.0,1.476
146511,3696,7.1702,-1.3894,5.8057,3.9705,5.9696,0.6239,1.8057,1.0,14.7767,-5.1828,11.3888,7.8596,12.5126,0.5928,1.9979,-1.0,1.6949
146511,3697,2.537,-0.6528,-2.3667,-0.6309,2.4551,-0.2542,-1.8399,1.0,3.959,1.8396,3.1828,1.4658,3.6762,0.3889,1.0467,-1.0,6.2791
146511,3698,2.5698,1.3389,-0.5795,2.1128,1.4589,1.1657,-0.4084,-1.0,3.5637,0.4924,-1.6265,3.1306,1.6994,1.3707,-1.2768,1.0,1.3804
146511,3699,17.2636,2.4083,-3.1305,-16.8053,3.9497,-2.1547,-0.9151,-1.0,1.4524,-0.1215,-0.3554,-1.399,0.3755,-2.0258,-1.9001,1.0,1.2278
146511,3700,39.7223,-30.8638,17.9296,17.43,35.6938,0.4707,2.6153,1.0,87.7171,21.4228,-55.3691,64.5725,59.3689,0.942,-1.2016,-1.0,89.5854
146511,3701,3.9438,0.8973,1.5447,-3.5144,1.7864,-1.4289,1.0446,1.0,0.1946,-0.1065,0.0514,0.1128,0.1182,0.8484,2.6917,-1.0,1.5434
146511,3702,8.4789,4.2636,1.0099,7.2583,4.3816,1.2786,0.2326,1.0,4.543,0.4983,-0.7024,4.4594,0.8612,2.3468,-0.9538,-1.0,3.0817
146511,3703,1.643,-0.5931,1.0435,1.117,1.2003,0.8314,2.0877,-1.0,1.4617,0.8584,-0.9566,-0.688,1.2853,-0.5126,-0.8395,1.0,3.0623
146511,3704,1.9421,0.3207,-1.8013,-0.6427,1.8296,-0.3444,-1.3946,-1.0,1.8269,-1.0967,0.5972,-1.3293,1.2487,-0.9263,2.6429,1.0,2.8748
146511,3705,1.8104,1.0648,-0.6553,1.305,1.2503,0.912,-0.5517,-1.0,9.8217,3.348,-3.4765,8.5533,4.8265,1.3368,-0.8042,1.0,1.2544
146511,3706,3.576,0.228,0.0091,3.5671,0.2281,3.4438,0.0398,-1.0,1.8239,0.4502,-0.9677,1.4752,1.0673,1.1276,-1.1353,1.0,1.5344
146511,3707,3.847,-0.4851,0.954,-3.6936,1.0703,-1.9522,2.0412,1.0,1.8374,-1.3258,1.2583,-0.1544,1.8279,-0.0844,2.3823,-1.0,3.0548
146511,3708,5.9028,-2.6834,1.6228,-4.9998,3.1359,-1.246,2.5977,1.0,2.9028,0.5092,1.0216,-2.6669,1.1414,-1.5847,1.1084,-1.0,2.6535
146511,3709,1.4578,0.3375,-0.6661,1.2476,0.7467,1.2859,-1.1018,-1.0,2.3049,-0.2482,2.2883,0.0566,2.3018,0.0246,1.6788,1.0,3.1333
146511,3710,22.5423,7.6899,-2.3796,-21.0558,8.0496,-1.6894,-0.3001,1.0,1.4875,-0.6435,1.3289,0.1462,1.4765,0.0988,2.0217,-1.0,9.4585
146511,3711,3.4208,2.3893,-2.3424,-0.7038,3.346,-0.2088,-0.7755,-1.0,15.4889,1.5527,2.8896,-15.1372,3.2803,-2.2339,1.0777,1.0,9.5291
146511,3712,44.1138,12.7358,-1.9753,-42.189,12.8881,-1.9016,-0.1539,1.0,45.8826,-8.0081,2.2976,45.1198,8.3312,2.3909,2.8622,-1.0,89.8238
146511,3713,11.1496,3.2155,0.6285,-10.6568,3.2764,-1.8954,0.193,-1.0,3.881,3.4285,-1.4308,1.1174,3.7151,0.2964,-0.3954,1.0,9.4937
146511,3714,8.8224,3.6326,-6.5382,-4.6775,7.4796,-0.5905,-1.0637,1.0,4.0743,-0.8284,2.9367,-2.6977,3.0513,-0.797,1.8457,-1.0,9.5443
146511,3715,8.867,-0.4706,-1.0512,8.7912,1.1517,2.7299,-1.9917,1.0,3.4297,2.3274,-1.7783,-1.7812,2.929,-0.5758,-0.6524,-1.0,9.5191
146511,3716,1.9543,-1.291,-1.4024,-0.4181,1.9061,-0.2176,-2.3149,1.0,1.3127,1.2014,0.3245,0.4042,1.2444,0.3194,0.2638,-1.0,3.0827
146511,3717,4.8253,4.531,0.7769,-1.4626,4.5971,-0.313,0.1698,1.0,4.8843,-4.8703,-0.1732,-0.3085,4.8734,-0.0633,-3.106,-1.0,9.5216
146511,3718,44.7156,-22.7846,-34.7293,-16.5594,41.5363,-0.3888,-2.1514,-1.0,45.692,15.3848,35.6014,24.1576,38.7834,0.5883,1.1629,1.0,89.7791
146511,3719,2.9864,2.7188,-0.1699,1.2194,2.7241,0.4339,-0.0624,-1.0,4.9433,2.023,-3.5231,2.8142,4.0626,0.6467,-1.0496,1.0,3.2384
146511,3720,3.4438,0.368,-1.4051,3.1207,1.4525,1.5081,-1.3146,1.0,1.6554,1.6303,-0.2664,-0.0145,1.6519,-0.0088,-0.162,-1.0,3.0929
146511,3721,0.8223,-0.3751,-0.4995,-0.5243,0.6247,-0.763,-2.215,1.0,4.5541,-0.9023,-0.3712,-4.4471,0.9757,-2.2218,-2.7513,-1.0,1.3422
146511,3722,15.2271,-12.7713,-5.6746,-6.0455,13.9752,-0.4201,-2.7235,1.0,4.1168,-2.9856,0.2157,2.8242,2.9934,0.8408,3.0695,-1.0,9.2592
146511,3723,4.959,-2.5837,0.3099,4.2201,2.6022,1.2604,3.0222,1.0,4.6693,0.9895,1.8301,4.1788,2.0805,1.4475,1.0752,-1.0,3.8783
146511,3724,2.2975,-0.1997,2.0094,1.0907,2.0193,0.5168,1.6699,-1.0,10.2657,5.8402,-7.3879,-4.0848,9.4175,-0.4212,-0.9019,1.0,9.3876
146511,3725,3.1761,-2.5036,-1.9499,0.0783,3.1733,0.0247,-2.4799,-1.0,9.7952,4.4818,1.5632,8.5676,4.7466,1.3529,0.3356,1.0,9.4572
146511,3726,159.1098,68.09,-36.6803,139.0475,77.3414,1.3494,-0.4941,1.0,21.9208,-19.9412,1.6206,8.9574,20.0069,0.434,3.0605,-1.0,85.5519
146511,3727,3.1831,2.646,-1.2148,1.2821,2.9116,0.4272,-0.4304,-1.0,2.8603,-2.5583,1.0977,-0.648,2.7839,-0.2307,2.7363,1.0,6.0082
146511,3728,4.4041,-0.7403,-2.0771,-3.8109,2.2051,-1.315,-1.9132,1.0,2.8951,1.1774,0.5482,-2.5853,1.2988,-1.4394,0.4357,-1.0,3.1368
146511,3729,9.5868,3.9753,-7.8583,-3.7869,8.8066,-0.4178,-1.1025,1.0,9.0608,-0.1327,-1.1022,-8.9919,1.1101,-2.7888,-1.6906,-1.0,9.4541
146511,3730,49.3583,21.3374,-40.9035,17.5457,46.1344,0.3717,-1.09,1.0,46.9122,-8.7402,42.2715,18.3704,43.1656,0.4137,1.7747,-1.0,88.4165
146511,3731,45.3434,25.7271,30.7415,-21.1919,40.0864,-0.5067,0.874,1.0,47.4119,-11.6776,-40.8143,21.1116,42.452,0.4788,-1.8495,-1.0,91.1301
146511,3732,3.894,2.408,-0.0168,3.0583,2.408,1.0601,-0.007,-1.0,1.934,1.8568,-0.1013,-0.5209,1.8596,-0.2766,-0.0545,1.0,3.0537
146511,3733,4.4806,0.6688,3.0118,-3.2475,3.0851,-0.9181,1.3523,-1.0,3.4917,-0.872,0.1753,-3.3748,0.8894,-2.0436,2.9432,1.0,3.0826
146511,3734,43.5544,-0.5277,-12.2211,41.8012,12.2325,1.9427,-1.6139,-1.0,23.0964,-0.57,-5.2287,22.4893,5.2597,2.1595,-1.6794,1.0,1.8331
146511,3735,43.116,-43.0356,2.4508,0.9508,43.1054,0.0221,3.0847,1.0,61.473,37.169,9.9259,47.9465,38.4716,1.0453,0.261,-1.0,91.4348
146511,3736,1.3552,-0.7807,-0.8532,0.6986,1.1564,0.5723,-2.3119,-1.0,9.8018,-2.7347,-0.306,-9.4071,2.7517,-1.9431,-3.0301,1.0,5.9111
146511,3737,9.2671,0.5238,3.2049,8.6788,3.2474,1.7095,1.4088,-1.0,1.2907,0.0415,-0.6988,1.0792,0.7,1.2177,-1.5114,1.0,3.1059
146511,3738,3.6067,-2.9407,0.8002,-1.926,3.0476,-0.596,2.8759,1.0,7.441,7.1592,0.4661,-1.9713,7.1743,-0.2714,0.065,-1.0,9.3522
146511,3739,1.3994,0.2453,-0.3326,1.3328,0.4132,1.8873,-0.9354,-1.0,0.3304,0.0808,-0.0006,-0.3024,0.0808,-2.0302,-0.0077,1.0,1.3089
146511,3740,3.9601,-1.5282,-0.6563,-3.5924,1.6632,-1.5129,-2.7359,1.0,21.6855,-5.3852,-4.1342,-20.5952,6.7891,-1.829,-2.4869,-1.0,1.3856
146511,3741,1.4875,-0.6296,0.2622,-1.3177,0.682,-1.4128,2.7469,-1.0,0.5307,0.1441,-0.4896,0.1003,0.5103,0.1953,-1.2846,1.0,1.5178
146511,3742,15.4564,-8.6344,-3.3398,-12.3766,9.2578,-1.1007,-2.7725,1.0,18.037,-0.7049,-7.6341,-16.3263,7.6666,-1.5001,-1.6629,-1.0,9.5028
146511,3743,4.4942,-0.0186,4.4499,-0.62,4.45,-0.1389,1.575,-1.0,1.1541,-1.1126,0.0516,0.2831,1.1138,0.2515,3.0953,1.0,3.201
146511,3744,0.4722,-0.3565,0.2309,-0.1773,0.4247,-0.4061,2.5667,1.0,2.2733,0.7306,0.1847,-2.1421,0.7536,-1.7675,0.2477,-1.0,1.3584
146511,3745,1.5567,-0.7472,0.4406,1.2883,0.8674,1.1866,2.6088,1.0,1.7286,0.0774,-1.3664,-1.0507,1.3686,-0.7073,-1.5142,-1.0,3.071
146511,3746,2.2228,0.3785,0.1757,2.1807,0.4173,2.3557,0.4345,1.0,0.5463,0.4278,0.29,0.1418,0.5169,0.271,0.5958,-1.0,1.186
146511,3747,63.3378,-6.2297,-29.3761,-55.7665,30.0294,-1.3778,-1.7798,-1.0,47.2874,11.4784,45.8267,-2.0618,47.2423,-0.0436,1.3254,1.0,92.7128
146511,3748,4.9348,3.1616,-1.3378,3.5434,3.433,0.904,-0.4003,1.0,7.6139,3.167,1.0275,6.8466,3.3295,1.4685,0.3137,-1.0,3.0613
146511,3749,0.695,0.0868,0.0348,0.6805,0.0935,2.6826,0.3812,1.0,31.8579,13.0493,1.6966,29.0129,13.1591,1.5316,0.1293,-1.0,1.5599
146511,3750,11.8397,-2.5834,5.1731,10.3311,5.7823,1.3439,2.034,-1.0,1.6187,0.3737,-1.5686,0.0947,1.6125,0.0587,-1.3369,1.0,7.3861
146511,3751,0.8004,0.7348,-0.0211,-0.2985,0.7351,-0.3956,-0.0287,-1.0,0.6233,-0.2267,0.3523,-0.4493,0.4189,-0.9317,2.1425,1.0,1.0488
146511,3752,1.5983,-1.1954,0.1024,1.0507,1.1997,0.7908,3.0562,1.0,1.324,-1.2732,0.347,0.0244,1.3196,0.0185,2.8755,-1.0,1.0434
146511,3753,10.5785,5.1984,-0.643,9.19,5.238,1.3281,-0.1231,-1.0,2.8019,-2.7992,0.0619,0.0029,2.7999,0.001,3.1195,1.0,9.4037
146511,3754,13.9838,-8.301,-11.2515,-0.1806,13.9823,-0.0129,-2.2064,-1.0,29.7517,13.5469,6.1134,25.7732,14.8624,1.318,0.4239,1.0,34.6972
146511,3755,1.8851,-0.8807,-1.0634,-1.2791,1.3808,-0.8283,-2.2625,1.0,1.3655,1.3524,-0.1563,0.0012,1.3614,0.0009,-0.1151,-1.0,2.6877
146511,3756,1.2439,0.2155,0.0422,1.2198,0.2196,2.4158,0.1933,1.0,1.6028,0.7171,-1.3995,-0.292,1.5725,-0.1846,-1.0973,-1.0,2.1287
146511,3757,3.6883,-1.4728,2.323,-2.455,2.7505,-0.8033,2.1358,1.0,3.7425,-0.2002,-3.3178,-1.7168,3.3238,-0.4959,-1.6311,-1.0,5.8331
146511,3758,43.4857,40.4651,2.0803,-15.7876,40.5185,-0.3804,0.0514,1.0,44.2364,-38.0446,1.8051,22.4988,38.0874,0.5608,3.0942,-1.0,87.3451
146511,3759,2.4111,1.9776,-0.3409,1.3324,2.0068,0.6229,-0.1707,-1.0,5.0605,1.1135,4.378,2.2785,4.5174,0.4851,1.3217,1.0,4.1152
146511,3760,57.568,8.6453,34.7104,-45.1056,35.7708,-1.0544,1.3267,-1.0,44.7136,-7.2419,-43.917,4.2598,44.5101,0.0956,-1.7342,1.0,93.3081
146511,3761,1.4054,0.9644,0.6335,0.7954,1.1539,0.6439,0.5812,1.0,1.4201,-0.9108,-0.7178,-0.8129,1.1597,-0.6535,-2.4741,-1.0,2.8238
146511,3762,2.7882,-2.6207,-0.8894,0.3226,2.7675,0.1163,-2.8144,1.0,2.7504,-0.8639,2.4298,-0.9506,2.5788,-0.3607,1.9124,-1.0,3.9708
146511,3763,6.7714,-4.6872,4.7676,-1.0681,6.6858,-0.1591,2.3477,-1.0,0.7244,-0.6122,0.0763,0.3647,0.6169,0.5612,3.0176,1.0,2.0359
146511,3764,3.0929,1.1856,0.8254,2.7327,1.4446,1.3941,0.6082,1.0,0.7379,0.5867,0.429,-0.0711,0.7268,-0.0977,0.6314,-1.0,1.6958
146511,3765,50.0572,-6.2736,-10.4818,48.5437,12.2158,2.0883,-2.1101,1.0,5.7286,-1.4311,-3.8819,3.9608,4.1373,0.8509,-1.924,-1.0,9.4686
146511,3766,24.6964,-5.5072,-2.0932,-23.9831,5.8916,-2.1117,-2.7784,-1.0,14.3563,-3.5764,-0.2753,-13.9006,3.5869,-2.064,-3.0648,1.0,1.3482
146511,3767,5.5688,-0.0805,-3.6662,4.1895,3.6671,0.9786,-1.5927,-1.0,2.1707,-1.986,-0.3735,0.7855,2.0208,0.3795,-2.9557,1.0,3.8155
146511,3768,7.8354,1.458,-4.8621,5.9679,5.076,1.0003,-1.2795,1.0,1.6231,-0.8201,-0.2062,1.3814,0.8457,1.2666,-2.8952,-1.0,3.0587
146511,3769,4.3967,-1.3384,1.9171,-3.722,2.3381,-1.2447,2.1803,1.0,12.2463,1.4154,5.7926,-10.6959,5.963,-1.3474,1.3311,-1.0,3.1093
146511,3770,47.8336,29.543,35.4223,-12.6695,46.1251,-0.2713,0.8757,1.0,47.7464,-26.9033,-39.4017,1.8492,47.7104,0.0387,-2.1699,-1.0,94.8454
146511,3771,45.3795,40.5056,4.5325,-19.9509,40.7584,-0.4718,0.1114,1.0,44.5196,-40.2028,-4.4707,18.5941,40.4506,0.4449,-3.0308,-1.0,89.8883
146511,3772,1.1824,-1.0169,-0.4612,0.3742,1.1167,0.3292,-2.7158,1.0,2.2963,1.5212,-0.3484,-1.6811,1.5606,-0.9349,-0.2252,-1.0,3.0795
146511,3773,13.8774,-6.1056,1.0225,12.4197,6.1906,1.4464,2.9757,1.0,6.5144,2.8991,3.1667,4.8983,4.2934,0.9776,0.8295,-1.0,9.3854
146511,3774,4.8148,3.1719,-1.0643,3.4608,3.3457,0.9055,-0.3237,-1.0,6.0846,-5.9168,0.8408,1.1383,5.9762,0.1893,3.0004,1.0,9.49
146511,3775,1.0122,-0.358,0.9408,-0.0026,1.0066,-0.0026,1.9344,1.0,1.5302,0.0799,-1.4407,0.4982,1.4429,0.3388,-1.5154,-1.0,2.427
146511,3776,1.5082,-1.0935,1.0305,-0.0772,1.5025,-0.0513,2.3858,1.0,1.5774,1.3614,-0.7803,0.1215,1.5692,0.0774,-0.5204,-1.0,3.0635
146511,3777,0.9232,0.808,0.1329,-0.4131,0.8188,-0.4853,0.163,-1.0,4.0926,2.6051,-2.3814,-2.0689,3.5295,-0.5569,-0.7406,1.0,1.5141
146511,3778,4.4418,0.8546,2.0164,3.863,2.19,1.3328,1.1699,1.0,5.1257,-1.9873,-1.6803,-4.4146,2.6025,-1.299,-2.4397,-1.0,9.4782
146511,3779,42.7054,-6.038,11.2378,40.7553,12.7571,1.8783,2.0638,1.0,54.2175,30.0931,-16.7777,-41.8621,34.4541,-1.0255,-0.5086,-1.0,93.7202
146511,3780,1.3336,0.8299,-0.8471,0.6008,1.1859,0.4871,-0.7957,1.0,12.6597,-3.9003,-0.7803,-12.0181,3.9776,-1.8252,-2.9441,-1.0,7.3062
146511,3781,10.9396,7.2993,2.4951,7.7561,7.714,0.8852,0.3294,1.0,17.102,3.341,-3.7565,16.3461,5.0273,1.8951,-0.8439,-1.0,9.5188
146511,3782,46.3601,39.1424,23.3864,8.3786,45.5966,0.1827,0.5386,1.0,46.6146,-39.2303,-23.8395,-8.0971,45.9058,-0.1755,-2.5955,-1.0,92.9731
146511,3783,1.3021,0.1372,-0.2265,-1.2705,0.2648,-2.272,-1.0264,-1.0,1.1258,-0.2791,0.86,-0.6624,0.9042,-0.6791,1.8846,1.0,1.3181
146511,3784,1.5764,-0.6515,-0.2227,-1.4142,0.6885,-1.4675,-2.8122,1.0,4.3729,-2.7294,1.6643,-2.9819,3.1968,-0.833,2.594,-1.0,1.6001
146511,3785,48.2764,27.3878,12.5967,37.7072,30.1458,1.0481,0.4311,-1.0,40.7035,-24.5326,-19.3341,-26.0981,31.2355,-0.7602,-2.4742,1.0,87.9154
146511,3786,53.3992,-32.7568,30.1796,-29.4559,44.54,-0.6207,2.3971,1.0,39.9807,33.9052,-9.8061,18.7808,35.2948,0.5097,-0.2815,-1.0,90.4955
146511,3787,1.5819,-1.3895,0.7031,0.2575,1.5573,0.1646,2.6732,-1.0,3.0543,-2.13,1.7226,-1.3466,2.7393,-0.4737,2.4615,1.0,1.4274
146511,3788,4.5919,-2.8865,2.6094,2.436,3.8911,0.591,2.4066,1.0,4.808,-1.5827,2.9016,3.4902,3.3052,0.9204,2.0701,-1.0,1.7013
146511,3789,0.4314,-0.1085,-0.3716,-0.1586,0.3871,-0.399,-1.8548,-1.0,5.514,-0.8833,4.5682,2.957,4.6528,0.599,1.7618,1.0,2.9868
146511,3790,1.2624,-0.7819,-0.3028,0.9378,0.8384,0.9627,-2.7721,1.0,8.9713,-5.2423,0.3017,7.2732,5.251,1.1293,3.0841,-1.0,1.0082
146511,3791,0.6461,0.1869,-0.6073,0.0501,0.6354,0.0787,-1.2722,-1.0,0.6309,-0.3032,0.4837,0.247,0.5709,0.4202,2.1307,1.0,1.2304
146511,3792,29.9708,-2.0595,-19.0738,23.0257,19.1847,1.0161,-1.6784,-1.0,27.0378,5.0338,20.3164,-17.1154,20.9307,-0.7464,1.3279,1.0,56.6097
146511,3793,2.9168,-2.0523,0.5958,1.9824,2.137,0.8293,2.8591,1.0,1.6392,0.7106,-1.0539,-1.0297,1.271,-0.7406,-0.9776,-1.0,4.2237
146511,3794,0.9885,-0.2901,-0.8266,-0.4456,0.876,-0.4889,-1.9083,1.0,2.8157,1.1462,0.3774,2.5418,1.2067,1.4902,0.3181,-1.0,3.0237
146511,3795,3.216,2.0196,1.2649,-2.157,2.383,-0.8127,0.5595,-1.0,1.2376,-1.112,0.3903,-0.3629,1.1785,-0.3032,2.804,1.0,3.1498
146511,3796,4.9111,1.4874,-0.4088,4.6614,1.5425,1.8253,-0.2682,-1.0,2.0621,0.3482,-1.8288,0.8806,1.8616,0.457,-1.3826,1.0,3.088
146511,3797,4.2341,-1.9243,-0.7918,-3.6859,2.0809,-1.3364,-2.7512,-1.0,5.9306,-1.6148,1.6683,5.4562,2.3218,1.59,2.3399,1.0,9.3216
146511,3798,4.4046,2.0752,0.026,3.8836,2.0754,1.3845,0.0125,1.0,3.0156,0.6178,-0.2867,2.9357,0.6811,2.1673,-0.4345,-1.0,1.1115
146511,3799,2.154,-1.3569,-0.8589,1.4316,1.6059,0.8025,-2.5773,1.0,15.3309,-10.8404,-2.9828,10.4218,11.2433,0.8288,-2.8731,-1.0,1.2978
146511,3800,77.2255,2.9992,16.5817,-75.3646,16.8507,-2.2034,1.3919,1.0,10.7792,0.6501,2.7767,-10.3946,2.8517,-2.0048,1.3408,-1.0,1.4593
146511,3801,0.1663,0.0157,0.0244,-0.1251,0.029,-2.1678,0.9989,-1.0,15.1693,5.6757,-6.6382,12.4023,8.7338,1.1496,-0.8634,1.0,2.8842
146511,3802,1.8082,-1.5614,0.5299,-0.7346,1.6488,-0.432,2.8144,-1.0,1.1403,-0.2512,-0.0872,-1.1038,0.2659,-2.1308,-2.8076,1.0,1.3536
146511,3803,6.3732,-1.3462,1.8143,-5.9584,2.2592,-1.6971,2.2092,1.0,23.0616,-4.157,9.2153,-20.7273,10.1095,-1.4659,1.9946,-1.0,1.5296
146511,3804,0.69,-0.0019,0.4375,0.523,0.4375,1.0129,1.575,-1.0,1.1433,-0.0774,-0.5701,-0.9823,0.5753,-1.3047,-1.7057,1.0,1.7681
146511,3805,1.2205,-0.4149,-0.8278,-0.7881,0.926,-0.772,-2.0354,-1.0,0.7106,-0.2064,0.5141,0.4323,0.5539,0.7173,1.9526,1.0,1.7658
146511,3806,1.6094,-0.0695,-0.035,1.604,0.0778,3.7199,-2.6744,-1.0,10.5387,-7.1582,-2.4327,7.3413,7.5603,0.8607,-2.814,1.0,3.0377
146511,3807,2.6761,0.9773,-2.2732,-1.0139,2.4743,-0.3991,-1.1648,1.0,2.1316,0.8375,-0.7941,1.789,1.1542,1.2222,-0.7588,-1.0,3.1323
146511,3808,44.358,10.4948,-32.8559,27.8922,34.4913,0.7394,-1.2616,-1.0,44.4107,-10.5125,32.8157,-28.0163,34.4584,-0.7428,1.8808,1.0,88.7686
146511,3809,21.894,12.073,-4.3443,-17.7399,12.8309,-1.1278,-0.3454,1.0,3.3633,-1.7071,-1.7751,-2.2881,2.4627,-0.8303,-2.3367,-1.0,9.5869
146511,3810,13.002,3.633,-0.9996,-12.4436,3.768,-1.91,-0.2685,1.0,39.0103,8.2319,1.7014,-38.0938,8.4059,-2.2162,0.2038,-1.0,3.1604
146511,3811,0.4,-0.1296,-0.3174,-0.1767,0.3429,-0.495,-1.9585,1.0,3.1824,-0.8571,0.1644,3.0586,0.8727,1.967,2.9521,-1.0,1.8792
146511,3812,14.4354,3.3246,7.2961,-12.0035,8.0179,-1.1931,1.1432,1.0,2.6061,0.395,2.2575,-1.2362,2.2918,-0.5162,1.3976,-1.0,3.1648
146511,3813,7.0892,-5.9633,0.9905,3.7018,6.045,0.5794,2.977,-1.0,6.8024,6.3856,0.8323,-2.1895,6.4396,-0.3338,0.1296,1.0,13.6817
146511,3814,5.2346,2.3064,2.29,4.1019,3.2502,1.0551,0.7818,1.0,1.8097,0.3876,-0.5752,1.6681,0.6936,1.6113,-0.9778,-1.0,2.4758
146511,3815,2.0433,0.4325,0.9162,-1.7712,1.0132,-1.325,1.1298,-1.0,2.439,-1.6958,0.9017,1.4996,1.9206,0.7176,2.6529,1.0,3.888
146511,3816,4.6853,0.5164,3.7983,-2.6921,3.8332,-0.6545,1.4357,-1.0,6.7328,-4.0846,0.2501,-5.3454,4.0922,-1.0822,3.0804,1.0,6.054
146511,3817,0.4433,0.0706,-0.0424,0.4225,0.0824,2.3372,-0.5409,1.0,1.1679,0.7154,-0.2446,-0.8838,0.7561,-0.9959,-0.3294,-1.0,1.2972
146511,3818,1.6999,1.0573,0.3398,-1.2826,1.1106,-0.9868,0.3109,1.0,3.8906,-2.1695,1.2507,-2.9757,2.5042,-1.0084,2.6186,-1.0,3.0585
146511,3819,5.7346,-2.9557,0.6084,-4.8753,3.0177,-1.2572,2.9386,-1.0,3.9784,2.5119,-1.6309,2.6166,2.9949,0.7892,-0.5759,1.0,9.3808
146511,3820,9.4521,-1.5456,2.5512,8.9685,2.9829,1.8205,2.1155,-1.0,6.7661,6.0015,0.7213,3.0382,6.0447,0.4836,0.1196,1.0,9.3971
146511,3821,1.972,-1.1684,-0.9112,-1.297,1.4817,-0.7904,-2.4793,1.0,1.5103,0.1754,-0.523,1.402,0.5516,1.6626,-1.2472,-1.0,3.0121
146511,3822,3.5449,0.4453,0.1371,3.5126,0.466,2.7175,0.2987,-1.0,1.5293,-0.5395,-0.6304,-1.2802,0.8298,-1.2183,-2.2787,1.0,4.529
146511,3823,36.2041,-24.3078,0.229,26.8292,24.3089,0.9528,3.1322,1.0,7.7902,-5.7816,1.066,5.11,5.879,0.7858,2.9593,-1.0,2.887
146511,3824,2.3877,-1.1496,-0.2211,2.0783,1.1706,1.3384,-2.9516,1.0,4.8621,0.83,-3.3466,3.4264,3.448,0.8769,-1.3277,-1.0,3.0703
146511,3825,14.1116,6.4757,-1.0914,-12.49,6.5671,-1.3989,-0.167,1.0,2.6541,-2.1468,0.1862,1.5458,2.1548,0.6668,3.0551,-1.0,11.906
146511,3826,9.3822,2.5603,-8.2791,3.5938,8.666,0.4036,-1.2709,1.0,2.3031,-1.7289,1.288,0.8032,2.1559,0.3644,2.5013,-1.0,8.2247
146511,3827,2.4776,-1.522,1.2742,-1.4789,1.985,-0.6892,2.4446,1.0,7.3185,-4.8673,-2.6205,-4.795,5.5278,-0.7845,-2.6477,-1.0,3.7371
146511,3828,48.2708,-16.6439,-37.1915,-25.8812,40.7459,-0.5988,-1.9916,1.0,44.1571,14.9209,40.206,10.5205,42.8854,0.2429,1.2154,-1.0,91.0764
146511,3829,4.0406,0.9285,0.6327,-3.8798,1.1236,-1.9528,0.5981,1.0,0.6877,0.2333,0.2324,0.5944,0.3293,1.3529,0.7834,-1.0,3.0764
146511,3830,1.8929,1.2878,1.2118,0.667,1.7683,0.3688,0.755,-1.0,8.566,2.6035,5.7516,5.7885,6.3134,0.8213,1.1457,1.0,2.0209
146511,3831,12.6986,1.2893,4.4538,-11.8214,4.6367,-1.6655,1.289,-1.0,22.0352,3.376,3.8757,-21.4271,5.1399,-2.1349,0.8542,1.0,3.1355
146511,3832,0.5912,-0.3686,-0.2841,0.349,0.4654,0.6931,-2.4851,-1.0,1.327,0.9338,0.8517,0.3906,1.2638,0.3043,0.7395,1.0,1.5783
146511,3833,7.3431,-1.8009,-1.9381,-6.8492,2.6456,-1.6797,-2.3195,-1.0,7.7593,-0.0808,-3.2339,-7.052,3.2349,-1.5213,-1.5958,1.0,2.1333
146511,3834,10.4467,-0.8229,3.0477,9.9577,3.1568,1.8661,1.8345,-1.0,11.0148,-1.9611,4.2944,9.9512,4.721,1.4909,1.9992,1.0,1.6036
146511,3835,11.5447,1.8688,1.9919,11.2164,2.7313,2.1202,0.8173,-1.0,1.0727,0.4505,0.2619,0.9317,0.5211,1.3446,0.5266,1.0,1.0785
146511,3836,4.5171,1.2211,0.6185,-4.3034,1.3689,-1.863,0.4689,-1.0,0.6699,0.372,0.0216,0.5466,0.3726,1.1764,0.058,1.0,3.1376
146511,3837,62.0291,5.8645,16.931,59.3848,17.9179,1.9134,1.2374,1.0,4.1317,0.3805,1.3584,3.8819,1.4107,1.7369,1.2977,-1.0,1.0355
146511,3838,2.7514,-2.0281,-1.7373,0.654,2.6704,0.2425,-2.4333,-1.0,10.9237,-1.2298,10.6736,1.9691,10.7442,0.1823,1.6855,1.0,9.4686
146511,3839,3.9402,-3.6955,0.0863,-1.36,3.6966,-0.3601,3.1183,-1.0,0.8989,-0.6285,0.5965,-0.2143,0.8665,-0.2448,2.3823,1.0,1.3321
146511,3840,32.3031,3.9436,-6.4823,31.3992,7.5876,2.1277,-1.0242,-1.0,3.7553,1.3892,-1.0864,3.3138,1.7636,1.3882,-0.6637,1.0,3.0818
146511,3841,4.942,-0.8858,2.054,-4.4056,2.2369,-1.4299,1.978,1.0,9.363,2.4393,4.7737,-7.6757,5.3608,-1.1563,1.0984,-1.0,3.1059
146511,3842,11.5402,2.9529,1.202,-11.0906,3.1881,-1.9599,0.3866,-1.0,4.6594,2.7193,1.3183,-3.5448,3.022,-0.9986,0.4514,1.0,3.1152
146511,3843,8.4718,-1.4428,2.6546,-7.914,3.0214,-1.6907,2.0686,1.0,0.5275,0.0715,0.472,0.198,0.4774,0.4036,1.4204,-1.0,3.1294
146511,3844,45.6527,-23.2771,-34.1991,19.307,41.3691,0.4512,-2.1684,1.0,45.7773,23.424,34.094,-19.6079,41.3652,-0.4579,0.9688,-1.0,91.4294
146511,3845,1.5784,1.4143,-0.2781,-0.6346,1.4413,-0.4272,-0.1942,1.0,2.357,0.3282,2.2623,0.5645,2.286,0.2445,1.4267,-1.0,2.9171
146511,3846,7.3241,-1.4354,1.0992,7.0967,1.808,2.0764,2.4881,1.0,13.7431,1.0374,4.2008,13.0438,4.327,1.823,1.3287,-1.0,3.1533
146511,3847,1.8387,1.6021,-0.1461,0.8841,1.6088,0.5251,-0.0909,-1.0,1.3476,-1.2277,0.4889,-0.2419,1.3215,-0.1821,2.7626,1.0,3.0794
146511,3848,4.1199,0.9725,-2.9324,2.7236,3.0894,0.7951,-1.2506,1.0,5.5373,0.3567,-3.4219,4.3375,3.4405,1.0543,-1.4669,-1.0,1.1222
146511,3849,10.2993,-0.3914,3.0187,-9.8386,3.044,-1.8894,1.6997,-1.0,17.9602,-6.7232,6.1054,-15.4945,9.0817,-1.3039,2.4043,1.0,4.7921
146511,3850,5.3689,-3.0626,-2.1445,3.8518,3.7387,0.9026,-2.5307,-1.0,2.6763,-1.3901,-0.2059,2.2752,1.4053,1.2591,-2.9945,1.0,1.3547
146511,3851,2.7961,2.7564,-0.1571,0.4293,2.7609,0.1549,-0.0569,-1.0,9.1304,8.9787,1.5426,-0.5972,9.1102,-0.0655,0.1701,1.0,1.6062
146511,3852,3.5385,0.433,-2.9116,1.9609,2.9436,0.6247,-1.4232,-1.0,2.7701,-0.9992,2.5012,0.6387,2.6934,0.2349,1.9509,1.0,5.7055
146511,3853,0.5454,-0.413,0.3177,0.1219,0.521,0.2318,2.486,1.0,1.1766,0.9429,-0.6492,-0.2503,1.1448,-0.2169,-0.603,-1.0,1.5994
146511,3854,2.8247,2.1035,-0.5583,-1.7977,2.1763,-0.7529,-0.2594,-1.0,1.8201,-0.9496,0.3471,-1.5098,1.0111,-1.191,2.7912,1.0,3.0429
146511,3855,3.6624,0.7434,-2.7426,-2.3081,2.8416,-0.7422,-1.3061,1.0,1.4443,0.1361,-1.4287,0.1232,1.4352,0.0858,-1.4758,-1.0,1.7696
146511,3856,4.8702,-4.8648,-0.0832,-0.1868,4.8655,-0.0384,-3.1245,1.0,4.6211,4.6196,0.0204,0.0473,4.6197,0.0102,0.0044,-1.0,9.4869
146511,3857,4.3368,1.9893,-0.1706,3.8485,1.9966,1.4108,-0.0855,1.0,1.4592,-0.5866,-0.3859,1.2748,0.7022,1.3579,-2.5597,-1.0,2.2515
146511,3858,1.0269,-0.5868,0.1537,0.8218,0.6066,1.1114,2.8854,1.0,2.2613,2.0023,-0.4219,-0.9566,2.0463,-0.4519,-0.2077,-1.0,2.9528
146511,3859,0.9122,0.3955,-0.7889,-0.2053,0.8825,-0.2306,-1.1061,-1.0,1.0257,-0.6297,0.5901,0.5441,0.863,0.5948,2.3887,1.0,1.8831
146511,3860,3.9476,0.1555,3.9308,0.3111,3.9339,0.079,1.5313,1.0,4.2201,-0.6956,-4.1531,-0.2578,4.2109,-0.0612,-1.7367,-1.0,8.1467
146511,3861,4.4095,0.6261,0.2358,4.3572,0.669,2.5728,0.3602,-1.0,4.1464,2.2737,0.6992,3.3946,2.3788,1.1536,0.2983,1.0,1.9575
146511,3862,2.2289,-0.4165,-0.1045,-2.1846,0.4294,-2.3295,-2.8958,-1.0,1.5204,1.4559,0.2097,0.3699,1.471,0.2489,0.143,1.0,3.1101
146511,3863,6.6463,-2.5037,-0.5272,-6.1331,2.5586,-1.6083,-2.9341,-1.0,14.0513,-7.7107,-0.3777,-11.7401,7.7199,-1.2062,-3.0927,1.0,1.9451
146511,3864,27.5478,20.6321,-13.7302,-12.0278,24.7831,-0.468,-0.5872,1.0,82.2323,-59.0158,-0.599,57.2619,59.0188,0.8602,-3.1314,-1.0,91.252
146511,3865,1.093,0.2981,-0.6384,0.8288,0.7046,1.0007,-1.1339,1.0,1.7111,-0.0994,0.83,-1.4893,0.8359,-1.3415,1.69,-1.0,2.7112
146511,3866,8.7316,2.679,2.1284,8.0325,3.4216,1.5891,0.6714,-1.0,3.4522,-0.8761,0.9502,3.1993,1.2925,1.638,2.3156,1.0,3.0919
146511,3867,5.031,1.5926,0.2607,-4.764,1.6138,-1.8032,0.1623,-1.0,4.6214,0.8267,0.9968,-4.4349,1.295,-1.9448,0.8784,1.0,1.0552
146511,3868,1.5507,-1.3071,-0.6358,0.5298,1.4535,0.3569,-2.6889,1.0,1.6519,1.4551,-0.0772,-0.771,1.4572,-0.5071,-0.053,-1.0,3.1094
146511,3869,6.9126,-3.9762,0.1706,5.651,3.9798,1.1495,3.0987,-1.0,4.9448,4.7784,-1.1898,-0.4375,4.9243,-0.0887,-0.244,1.0,10.5705
146511,3870,0.4248,0.0119,0.1453,0.3847,0.1458,1.6977,1.4891,1.0,3.4794,-2.3951,2.3129,1.0047,3.3295,0.2974,2.3737,-1.0,1.261
146511,3871,0.5504,0.1179,0.526,0.0352,0.539,0.0652,1.3503,-1.0,2.4709,-1.4715,1.5851,-1.1902,2.1628,-0.5258,2.319,1.0,1.227
146511,3872,7.1678,-7.078,1.0237,0.4701,7.1516,0.0657,2.998,-1.0,5.6343,-4.0986,-3.6753,-1.195,5.5051,-0.2154,-2.4106,1.0,5.6056
146511,3873,13.1961,-3.5846,12.5226,2.1125,13.0255,0.1615,1.8496,-1.0,21.0322,0.1939,-10.7935,-18.0501,10.7953,-1.2866,-1.5528,1.0,30.0514
146511,3874,43.4392,-32.6897,-27.7007,7.1422,42.8479,0.1659,-2.4386,1.0,59.4552,52.2291,11.3788,26.0299,53.4543,0.4695,0.2145,-1.0,94.0143
146511,3875,0.9656,0.4093,-0.1237,-0.8592,0.4276,-1.4478,-0.2936,1.0,1.3832,-0.7013,0.8617,-0.8172,1.111,-0.6816,2.2539,-1.0,1.441
146511,3876,5.4424,1.8643,-2.1967,-4.616,2.8812,-1.2501,-0.8671,1.0,0.1356,-0.0058,-0.0254,0.0809,0.026,1.8524,-1.7956,-1.0,1.468
146511,3877,44.1032,-4.6328,-3.3038,43.7345,5.6902,2.7367,-2.5221,1.0,58.7631,-39.7307,13.6083,-41.102,41.9966,-0.8662,2.8116,-1.0,92.1968
146511,3878,11.191,3.2395,5.2934,9.312,6.206,1.195,1.0216,-1.0,4.5456,-2.7137,-1.6729,3.2386,3.1879,0.8926,-2.5892,1.0,8.7601
146511,3879,2.2517,-1.239,-0.9955,-1.5915,1.5894,-0.8823,-2.4648,-1.0,1.9053,1.3633,0.6222,1.1719,1.4986,0.7186,0.4282,1.0,4.117
146511,3880,9.4949,2.4676,-1.3004,-9.0753,2.7893,-1.8957,-0.485,-1.0,26.0681,2.9254,-6.9668,-24.9487,7.5561,-1.9098,-1.1732,1.0,3.1075
146511,3881,46.7321,40.7244,13.0883,-18.8175,42.7759,-0.4268,0.311,1.0,45.8524,-40.5752,-17.1779,12.6887,44.0616,0.2841,-2.7411,-1.0,92.2907
146511,3882,4.5597,-1.3025,0.9624,-4.2611,1.6195,-1.6949,2.5053,-1.0,2.5944,-2.3651,-0.3232,-1.0108,2.3871,-0.4117,-3.0058,1.0,3.0869
146511,3883,0.5178,-0.3134,0.2917,0.2715,0.4281,0.598,2.3921,1.0,4.5904,-1.6823,-0.491,4.2414,1.7525,1.6172,-2.8576,-1.0,1.3059
146511,3884,46.6951,-38.1512,-25.5088,8.6149,45.8934,0.1866,-2.5522,-1.0,46.0836,37.4033,25.6507,-8.1681,45.3538,-0.1791,0.6011,1.0,92.7745
146511,3885,8.6196,-2.4157,-2.0049,8.0269,3.1393,1.6682,-2.4488,-1.0,16.0541,-3.8098,-0.7476,15.5772,3.8825,2.0977,-2.9478,1.0,2.3031
146511,3886,47.7458,33.3457,-19.1957,28.2708,38.4761,0.6809,-0.5223,-1.0,42.8993,-32.5637,21.6906,-17.5915,39.1264,-0.4357,2.554,1.0,89.9758
146511,3887,11.1778,-9.6962,4.8159,2.7791,10.8263,0.254,2.6806,1.0,16.4668,-13.0253,-2.644,9.721,13.2909,0.6782,-2.9413,-1.0,9.327
146511,3888,43.7865,-29.1077,8.7747,31.5118,30.4015,0.907,2.8488,-1.0,48.5632,29.3001,-5.9623,-38.2665,29.9006,-1.0661,-0.2007,1.0,92.0591
146511,3889,0.6393,-0.6257,-0.0361,-0.0695,0.6267,-0.1106,-3.0839,1.0,0.578,0.5448,-0.0761,0.1425,0.5501,0.2563,-0.1388,-1.0,1.2072
146511,3890,0.576,-0.1256,0.2619,0.486,0.2905,1.2872,2.0179,1.0,6.3032,-1.7319,-0.8229,6.0036,1.9174,1.8591,-2.698,-1.0,1.2016
146511,3891,1.6319,1.314,-0.5613,0.7812,1.4289,0.5226,-0.4037,-1.0,2.9332,-1.6795,-1.2002,2.0812,2.0643,0.8872,-2.5211,1.0,3.0677
146511,3892,1.9254,-0.9572,-1.0262,-1.314,1.4033,-0.8356,-2.3214,1.0,2.0115,0.6189,1.8751,0.3685,1.9746,0.1856,1.252,-1.0,3.7108
146511,3893,1.4767,0.4174,-0.7095,1.2214,0.8231,1.1858,-1.039,-1.0,8.9326,4.7173,-3.893,6.5094,6.1162,0.9261,-0.69,1.0,1.02
146511,3894,43.092,-22.0625,37.0019,-1.0058,43.0801,-0.0233,2.1085,-1.0,44.9618,20.2556,-39.6819,6.0507,44.5527,0.1354,-1.0988,1.0,87.8497
146511,3895,1.5764,0.0966,1.484,0.512,1.4871,0.3378,1.5058,-1.0,1.5523,0.1339,-1.3788,-0.6923,1.3853,-0.481,-1.474,1.0,3.1131
146511,3896,2.5625,-2.0938,-0.5888,1.3507,2.175,0.5867,-2.8675,-1.0,3.5263,-1.0605,3.2981,-0.6495,3.4644,-0.1864,1.8819,1.0,4.3923
146511,3897,1.14,0.274,0.2666,1.0688,0.3823,1.7518,0.7716,1.0,2.1109,0.0409,1.7138,1.2271,1.7143,0.6655,1.5469,-1.0,1.1296
146511,3898,3.5792,0.0419,-0.0773,3.5766,0.0879,4.3993,-1.0742,1.0,1.6058,0.7095,0.946,1.0812,1.1825,0.8195,0.9273,-1.0,1.9672
146511,3899,65.007,15.2738,-1.3227,63.1732,15.331,2.1236,-0.0864,1.0,11.0778,2.5671,-0.7783,10.7476,2.6825,2.0963,-0.2944,-1.0,1.376
146511,3900,3.2225,1.9813,1.2474,-2.2117,2.3413,-0.8417,0.5619,1.0,3.6982,1.5202,1.0368,-3.2061,1.8401,-1.3221,0.5986,-1.0,1.0316
146511,3901,4.2912,-2.2562,-3.6213,0.4453,4.2667,0.1042,-2.128,1.0,9.157,-6.674,6.0555,1.6216,9.0117,0.179,2.4047,-1.0,9.5346
146511,3902,1.1015,-0.1296,-1.0408,0.3196,1.0488,0.3002,-1.6947,1.0,2.4895,-1.4122,1.9523,-0.6171,2.4095,-0.2534,2.197,-1.0,3.0983
146511,3903,13.956,-3.5436,0.229,-13.4963,3.551,-2.0452,3.0771,1.0,49.638,-10.9723,1.9578,-48.3704,11.1456,-2.174,2.965,-1.0,1.1041
146511,3904,2.3191,-0.6718,-1.9352,-1.0819,2.0485,-0.5063,-1.9049,1.0,2.2885,0.2362,1.8325,1.3461,1.8477,0.6759,1.4426,-1.0,4.5781
146511,3905,1.4514,0.6788,-1.1401,0.5787,1.3268,0.4234,-1.0338,-1.0,2.5016,0.7505,0.281,-2.3674,0.8014,-1.8038,0.3582,1.0,3.1058
146511,3906,4.9528,-3.1078,3.8423,-0.3121,4.9419,-0.0631,2.2509,1.0,5.082,1.1134,-4.1441,2.7208,4.291,0.5978,-1.3083,-1.0,9.5303
146511,3907,46.7115,-45.6812,-6.1312,7.5887,46.0909,0.1639,-3.0082,-1.0,43.3436,37.6337,-1.4244,-21.4553,37.6607,-0.5427,-0.0378,1.0,88.2938
146511,3908,0.567,-0.0912,0.0899,-0.5421,0.128,-2.1501,2.3632,-1.0,1.7635,0.889,-0.8828,-1.2365,1.2529,-0.8721,-0.7819,1.0,1.0011
146511,3909,40.2492,-10.8301,-1.621,-38.7307,10.9508,-1.9758,-2.993,1.0,2.7536,0.5419,1.866,-1.9481,1.9431,-0.8832,1.2882,-1.0,9.4108
146511,3910,20.3907,6.105,-7.7319,17.8526,9.8516,1.3563,-0.9024,1.0,3.8476,0.0551,-3.3791,1.8363,3.3795,0.5197,-1.5545,-1.0,6.2002
146511,3911,3.3053,2.1156,-0.0854,-2.536,2.1173,-1.0145,-0.0403,-1.0,8.7965,5.9961,1.3916,-6.2831,6.1555,-0.896,0.228,1.0,1.0829
146511,3912,3.2785,-0.3859,3.2301,0.3935,3.2531,0.1207,1.6897,-1.0,15.5438,7.315,4.2701,-13.0328,8.4702,-1.216,0.5284,1.0,9.5005
146511,3913,3.2213,0.3974,0.2393,-3.186,0.4639,-2.6253,0.5419,1.0,2.7454,-2.7147,-0.1342,-0.3722,2.718,-0.1365,-3.0922,-1.0,4.1905
146511,3914,4.3295,-1.7468,3.2728,2.2295,3.7098,0.5697,2.0611,-1.0,4.9376,-4.1061,1.6347,2.1993,4.4195,0.4791,2.7627,1.0,2.8152
146511,3915,7.5947,-5.9375,4.3349,-1.9037,7.3515,-0.2561,2.511,1.0,0.5842,-0.4041,0.1148,-0.3919,0.4201,-0.8332,2.8647,-1.0,1.2685
146511,3916,1.0639,1.006,-0.0514,-0.3258,1.0073,-0.3181,-0.051,-1.0,1.182,-0.8682,0.0945,0.7895,0.8733,0.8118,3.0332,1.0,2.1928
146511,3917,0.6394,0.3414,-0.0985,0.521,0.3553,1.176,-0.2809,1.0,0.6204,-0.3353,0.0738,-0.5058,0.3433,-1.1799,2.925,-1.0,1.2594
146511,3918,3.3808,-2.4357,-2.0643,-1.1068,3.1928,-0.3401,-2.4385,1.0,2.3422,0.4183,-0.6833,-2.1983,0.8011,-1.7342,-1.0215,-1.0,3.1952
146511,3919,0.8803,0.5897,0.6052,0.2232,0.845,0.2612,0.7984,1.0,0.6923,-0.5468,0.2646,0.3149,0.6074,0.4977,2.6909,-1.0,1.1938
146511,3920,6.3653,2.705,1.2772,-5.6177,2.9913,-1.3877,0.4411,1.0,8.5484,3.6994,2.8684,-7.152,4.6811,-1.2101,0.6595,-1.0,1.0741
146511,3921,16.5856,-1.9667,-1.0471,-16.4349,2.2281,-2.696,-2.6524,-1.0,8.3513,-1.6138,5.7638,-5.8231,5.9855,-0.8621,1.8438,1.0,9.5586
146511,3922,2.2178,2.0946,0.6749,0.2539,2.2007,0.1151,0.3117,-1.0,7.4883,6.6855,2.842,-1.8143,7.2645,-0.2472,0.402,1.0,1.5217
146511,3923,45.046,0.3292,41.6689,-17.1092,41.6702,-0.3998,1.5629,-1.0,45.3049,-0.3068,-43.8866,11.2422,43.8877,0.2534,-1.5778,1.0,90.1329
146511,3924,14.5185,3.7142,3.4078,-13.615,5.0406,-1.7194,0.7424,1.0,17.8049,3.3998,6.502,-16.2224,7.3372,-1.5342,1.089,-1.0,2.3909
146511,3925,8.0808,-7.9051,-0.5582,1.5767,7.9248,0.1977,-3.0711,-1.0,3.8636,-3.3534,-1.8286,-0.5716,3.8196,-0.1491,-2.6424,1.0,3.0342
146511,3926,0.9095,0.4482,0.5469,0.5622,0.7071,0.7288,0.8843,1.0,1.7676,-0.9855,-0.1741,1.4532,1.0008,1.1679,-2.9668,-1.0,1.6363
146511,3927,4.4839,-2.2842,2.2773,-3.113,3.2254,-0.8565,2.3577,1.0,5.2215,0.3817,-2.2749,4.6832,2.3067,1.4571,-1.4046,-1.0,9.3866
146511,3928,5.9206,-0.4141,-5.5821,1.9264,5.5974,0.3377,-1.6448,-1.0,5.9932,0.5055,5.2654,-2.8156,5.2896,-0.5099,1.4751,1.0,11.8759
146511,3929,41.9418,-24.4176,-26.9876,20.8459,36.3944,0.5453,-2.3062,-1.0,52.4533,21.5094,42.4154,-22.1272,47.5576,-0.4499,1.1015,1.0,93.0716
146511,3930,1.1149,-1.0664,0.1325,-0.2777,1.0746,-0.2556,3.018,-1.0,1.2538,1.2264,-0.0124,0.2381,1.2264,0.1929,-0.0101,1.0,2.3599
146511,3931,19.7287,-4.2251,3.8181,-18.8887,5.6947,-1.9142,2.4068,-1.0,19.7095,-2.7832,6.5071,-18.3947,7.0773,-1.6834,1.975,1.0,3.0981
146511,3932,2.5591,1.442,1.7004,1.2519,2.2295,0.5355,0.8674,-1.0,2.7637,-1.5787,-1.5488,-1.6541,2.2116,-0.6915,-2.3658,1.0,5.3037
146511,3933,5.865,-5.8247,0.6646,-0.1324,5.8625,-0.0226,3.028,-1.0,10.1099,-10.1067,-0.2309,-0.0,10.1094,-0.0,-3.1188,1.0,1.0862
146511,3934,1.0582,0.4187,0.5313,-0.8068,0.6765,-1.0113,0.9035,1.0,1.0647,-0.4747,-0.5625,0.762,0.736,0.9061,-2.2717,-1.0,2.1214
146511,3935,3.1475,2.1946,2.2465,0.1807,3.1405,0.0575,0.7971,1.0,3.3082,-1.3329,1.5674,2.5884,2.0575,1.0526,2.2755,-1.0,4.3267
146511,3936,10.3896,4.5407,-2.448,-9.0179,5.1586,-1.325,-0.4945,-1.0,2.6333,1.1758,-1.1077,-2.077,1.6154,-1.0697,-0.7556,1.0,1.0864
146511,3937,1.696,0.3511,0.7765,1.4625,0.8522,1.309,1.1462,-1.0,2.7744,-1.0999,-2.1544,1.3547,2.4189,0.5343,-2.0428,1.0,3.0966
146511,3938,19.0316,-18.2486,-1.048,5.2991,18.2787,0.286,-3.0842,1.0,16.0744,13.5905,5.0535,6.9379,14.4997,0.4619,0.356,-1.0,32.3256
146511,3939,58.5094,-13.041,6.5279,56.6627,14.5836,2.0665,2.6775,1.0,6.115,-0.6755,2.106,5.7,2.2117,1.6755,1.8812,-1.0,4.9518
146511,3940,0.6691,-0.5507,-0.2619,-0.2542,0.6098,-0.4057,-2.6977,1.0,0.7617,0.6002,0.2468,0.3845,0.649,0.5624,0.3901,-1.0,1.4239
146511,3941,0.5523,-0.3099,0.3679,0.25,0.4811,0.4987,2.2708,1.0,1.9332,-1.8672,-0.1795,-0.4557,1.8758,-0.2406,-3.0457,-1.0,1.1664
146511,3942,1.6415,0.7687,-1.273,0.6869,1.4871,0.4469,-1.0275,-1.0,0.6435,-0.2899,-0.512,-0.2381,0.5884,-0.3943,-2.086,1.0,1.2665
146511,3943,3.6071,-0.483,0.7884,3.485,0.9246,2.0372,2.1204,1.0,1.5376,-0.6896,1.3579,-0.1835,1.523,-0.1202,2.0407,-1.0,3.0962
146511,3944,5.7024,0.1152,-3.145,4.7541,3.1471,1.2006,-1.5342,1.0,1.3684,-0.6296,-1.1068,0.4897,1.2734,0.3757,-2.088,-1.0,2.0385
146511,3945,55.3955,26.546,2.6721,48.5472,26.6801,1.3599,0.1003,-1.0,40.5263,-35.0602,-1.8068,-20.2456,35.1067,-0.5487,-3.0901,1.0,91.2512
146511,3946,6.5986,-2.2332,-4.3147,4.464,4.8583,0.8228,-2.0484,1.0,3.8493,-2.7231,2.5873,0.835,3.7562,0.2205,2.3818,-1.0,7.3166
146511,3947,16.7614,-0.7294,9.7036,13.6471,9.7309,1.1394,1.6458,-1.0,5.7786,-0.8982,3.4176,4.5711,3.5336,1.0745,1.8278,1.0,1.157
146511,3948,43.0541,10.2499,22.7013,-35.1174,24.908,-1.1437,1.1467,1.0,46.2832,-11.368,-24.2693,37.7345,26.7998,1.1426,-2.0089,-1.0,89.2782
146511,3949,1.37,0.1194,0.8773,1.0402,0.8854,0.9998,1.4355,1.0,3.4802,-2.3204,-1.2905,2.2474,2.6551,0.7685,-2.634,-1.0,2.7751
146511,3950,0.5855,0.2033,0.4283,0.3269,0.4741,0.644,1.1277,-1.0,1.7902,-1.7146,0.3161,-0.3923,1.7434,-0.2232,2.9593,1.0,1.6737
146511,3951,48.9745,-43.5729,1.9237,-22.2754,43.6153,-0.4908,3.0975,1.0,43.0319,40.8075,-8.2277,10.899,41.6287,0.2589,-0.199,-1.0,91.0404
146511,3952,48.0183,-37.0402,28.4496,11.1529,46.705,0.2366,2.4866,1.0,48.7649,30.764,-37.8356,0.2025,48.7643,0.0042,-0.8881,-1.0,95.4492
146511,3953,1.7987,-0.4892,1.1058,1.3275,1.2092,0.9489,1.9873,1.0,8.1911,3.0581,1.3379,7.4794,3.3379,1.5464,0.4124,-1.0,3.1089
146511,3954,9.3921,3.509,-2.6395,-8.3019,4.3909,-1.3937,-0.6449,1.0,7.8456,-0.5277,-0.2129,-7.8242,0.569,-3.3155,-2.7582,-1.0,4.4793
146511,3955,2.3896,1.9431,0.9618,0.9993,2.1681,0.446,0.4596,1.0,2.5338,-0.89,0.7339,2.2535,1.1536,1.4227,2.4521,-1.0,3.1105
146511,3956,43.5591,-7.6981,26.3896,33.7892,27.4895,1.0345,1.8546,-1.0,52.9632,7.5234,-36.8642,-37.2762,37.6241,-0.8748,-1.3695,1.0,95.8887
146511,3957,76.4122,-16.4227,14.7539,-73.1535,22.0767,-1.9132,2.4097,1.0,30.412,-13.8896,3.4915,26.8285,14.3217,1.3855,2.8953,-1.0,89.5191
146511,3958,8.2152,1.9654,-1.3881,-7.8543,2.4061,-1.8989,-0.6149,-1.0,6.2625,1.9226,1.2593,-5.8245,2.2983,-1.6599,0.5799,1.0,2.7132
146511,3959,2.5949,2.5101,0.5751,0.302,2.5751,0.117,0.2252,1.0,3.4814,1.9443,1.1761,-2.6354,2.2723,-0.99,0.544,-1.0,2.9273
146511,3960,4.2158,-1.8331,-0.2148,3.7888,1.8456,1.467,-3.0249,1.0,2.5526,-1.0716,-0.8824,2.1395,1.3882,1.2174,-2.4527,-1.0,1.0121
146511,3961,2.3101,1.6883,-0.9156,1.2794,1.9206,0.6247,-0.4969,-1.0,5.5644,4.7005,-0.2538,2.9652,4.7073,0.5943,-0.0539,1.0,1.3445
146511,3962,2.5167,-1.7156,-0.5203,-1.7631,1.7928,-0.8696,-2.8471,1.0,1.1223,1.105,0.1429,-0.0838,1.1142,-0.0751,0.1287,-1.0,3.0522
146511,3963,1.8668,1.1073,1.4032,0.5278,1.7875,0.2912,0.9027,-1.0,1.8479,-1.5953,0.7454,0.5502,1.7609,0.3076,2.7045,1.0,2.7896
146511,3964,6.518,1.7856,-1.9659,5.9514,2.6558,1.5465,-0.8334,-1.0,0.7348,0.0103,0.0686,0.7238,0.0694,3.0405,1.4219,1.0,1.1037
146511,3965,2.427,0.6256,0.6122,2.2612,0.8753,1.6777,0.7745,-1.0,13.1385,8.0527,6.9667,7.6959,10.6481,0.6712,0.7132,1.0,3.2229
146511,3966,3.0904,1.6277,-0.654,2.5421,1.7542,1.1662,-0.382,1.0,5.3988,-0.4284,5.0571,1.8379,5.0752,0.3547,1.6553,-1.0,5.6618
146511,3967,7.6913,-3.0536,-1.002,6.9869,3.2138,1.5189,-2.8245,-1.0,1.761,-0.3589,0.9106,1.4601,0.9788,1.1902,1.9462,1.0,2.5182
146511,3968,1.5789,1.0675,0.6481,-0.9602,1.2488,-0.7082,0.5456,1.0,1.8439,-1.5266,-0.3711,0.9595,1.5711,0.578,-2.9031,-1.0,3.3805
146511,3969,10.8231,-3.2504,-0.6978,-10.2994,3.3245,-1.849,-2.9301,-1.0,0.8681,-0.3393,0.298,-0.7338,0.4516,-1.2622,2.421,1.0,1.3811
146511,3970,46.9666,-34.4396,27.1097,16.8767,43.8295,0.3761,2.4747,-1.0,47.7767,26.7183,-26.4487,-29.4821,37.5952,-0.7203,-0.7803,1.0,93.5806
146511,3971,3.0164,-1.9163,-2.2115,-0.7242,2.9263,-0.245,-2.2848,-1.0,7.0315,3.3732,-4.8915,3.7584,5.9418,0.5965,-0.9671,1.0,6.2592
146511,3972,12.6067,0.7354,-8.4215,9.3518,8.4535,0.9546,-1.4837,1.0,2.5917,0.5888,-1.8716,1.6901,1.962,0.7799,-1.266,-1.0,1.1701
146511,3973,13.5162,11.3763,4.8863,-5.4203,12.3813,-0.4249,0.4057,1.0,2.5088,1.779,1.3234,-1.1689,2.2173,-0.5054,0.6396,-1.0,1.3257
146511,3974,3.6649,-0.8271,-0.6368,-3.5115,1.0439,-1.9276,-2.4854,-1.0,2.659,-1.3316,-1.5029,1.74,2.0079,0.7838,-2.2958,1.0,5.255
146511,3975,3.5362,2.0499,-0.6564,-2.8037,2.1524,-1.08,-0.3099,-1.0,18.514,11.127,0.4378,-14.7904,11.1356,-1.0955,0.0393,1.0,1.7268
146511,3976,0.9903,0.0621,-0.5379,0.8223,0.5415,1.2051,-1.4559,1.0,16.334,2.8492,-5.4578,15.1289,6.1567,1.6313,-1.0897,-1.0,1.1244
146511,3977,6.752,1.1548,2.5814,-6.1303,2.8279,-1.5162,1.1501,1.0,0.9762,-0.1999,0.4281,-0.8477,0.4725,-1.3475,2.0076,-1.0,1.0311
146511,3978,29.2166,15.8893,-4.9545,24.0122,16.6438,1.1626,-0.3023,1.0,3.8219,-2.7892,-1.6885,1.9912,3.2605,0.578,-2.5972,-1.0,14.129
146511,3979,2.4046,-0.4258,-1.6854,-1.6581,1.7383,-0.8484,-1.8182,-1.0,7.7731,-0.7163,-0.4968,-7.7234,0.8717,-2.8779,-2.5352,1.0,3.0836
146511,3980,0.5403,-0.2861,-0.1815,-0.4074,0.3388,-1.0175,-2.5763,1.0,2.0368,1.2281,-0.4894,-1.5459,1.322,-0.9962,-0.3792,-1.0,1.2202
146511,3981,22.4192,0.3516,4.9446,-21.864,4.9571,-2.1898,1.4998,-1.0,11.1669,0.356,3.238,-10.6807,3.2575,-1.9031,1.4613,1.0,1.1875
146511,3982,9.0607,9.0543,-0.2175,0.2421,9.0569,0.0267,-0.024,-1.0,14.3274,13.8343,-2.4371,-2.8167,14.0474,-0.1992,-0.1744,1.0,3.0724
146511,3983,4.4614,-2.3584,3.6993,-0.8038,4.3871,-0.1822,2.1383,1.0,9.2692,1.893,-8.984,1.2692,9.1813,0.1378,-1.3631,-1.0,12.6558
146511,3984,2.7905,0.5359,0.8654,2.596,1.0179,1.6658,1.0163,-1.0,3.0081,1.833,1.1939,2.0621,2.1875,0.8402,0.5773,1.0,1.4397
146511,3985,3.1221,-2.9592,-0.8399,-0.5233,3.0761,-0.1693,-2.8651,-1.0,1.0483,0.0756,0.1705,-1.0262,0.1865,-2.4064,1.1533,1.0,2.4956
146511,3986,11.4616,3.3498,5.8995,9.2376,6.7842,1.1155,1.0544,1.0,8.3963,1.8854,5.2511,6.2736,5.5793,0.9667,1.2261,-1.0,1.4137
146511,3987,1.3146,0.3676,1.2471,0.1633,1.3001,0.1253,1.2842,1.0,4.9555,1.102,1.9894,-4.4016,2.2742,-1.4144,1.0649,-1.0,2.9524
146511,3988,44.8229,39.8409,13.2009,15.7328,41.9709,0.3666,0.32,-1.0,47.5896,-30.341,-9.218,-35.4853,31.7104,-0.9631,-2.8466,1.0,89.6872
146511,3989,42.6965,31.7572,-25.3938,13.0238,40.6616,0.3151,-0.6745,1.0,54.232,-45.3245,23.1874,-18.685,50.9114,-0.3592,2.6687,-1.0,95.7818
146511,3990,79.0499,47.8106,26.6053,57.0542,54.7146,0.9113,0.5078,1.0,46.8202,-27.0531,-26.0324,27.9744,37.5441,0.6892,-2.3754,-1.0,90.4556
146511,3991,19.9341,-7.937,-4.0033,-17.8419,8.8894,-1.4468,-2.6744,-1.0,16.2455,-7.7652,-3.188,-13.9084,8.3942,-1.2788,-2.752,1.0,1.6143
146511,3992,3.7235,1.2727,-3.4972,-0.0578,3.7215,-0.0155,-1.2218,1.0,4.3164,-1.4332,4.0678,0.1397,4.3129,0.0324,1.9095,-1.0,8.0176
146511,3993,2.3417,0.8711,0.7042,-2.0537,1.1201,-1.3666,0.6799,-1.0,2.1557,-0.1769,0.5616,-2.071,0.5888,-1.9705,1.876,1.0,1.0626
146511,3994,4.2701,0.8521,-3.6313,-2.0761,3.7299,-0.5313,-1.3403,-1.0,4.3955,-1.7106,4.0282,-0.3961,4.3764,-0.0904,1.9724,1.0,8.2515
146511,3995,3.0653,1.5549,0.451,-2.6008,1.619,-1.2524,0.2823,-1.0,1.7121,0.405,0.2446,1.642,0.4732,1.9576,0.5432,1.0,4.1928
146511,3996,3.1157,-1.5076,2.7205,-0.15,3.1103,-0.0482,2.0768,-1.0,1.8248,-1.8167,-0.051,0.1259,1.8174,0.0692,-3.1136,1.0,2.4962
146511,3997,7.3162,0.0351,6.1552,3.9534,6.1553,0.6047,1.5651,1.0,11.5678,1.6162,-7.8172,-8.3715,7.9826,-0.9154,-1.3669,-1.0,18.2099
146511,3998,19.2002,0.775,-11.3048,-15.4995,11.3314,-1.1191,-1.5023,1.0,3.9806,0.2029,-2.9618,-2.6497,2.9688,-0.8033,-1.5024,-1.0,1.8608
146511,3999,1.6444,-0.2765,-1.1264,1.1609,1.1598,0.882,-1.8115,-1.0,1.5926,-0.5597,-1.4007,-0.4999,1.5084,-0.3257,-1.951,1.0,1.7192
146511,4000,9.4874,-3.1017,-2.0189,-8.7351,3.7009,-1.594,-2.5646,1.0,17.0941,-3.8913,-0.0042,-16.6449,3.8913,-2.1599,-3.1405,-1.0,3.0709
146511,4001,6.8129,-1.5098,1.5604,6.4567,2.1713,1.8101,2.3397,1.0,7.3776,-0.185,1.5639,7.2068,1.5748,2.2258,1.6885,-1.0,1.4295
146511,4002,3.9645,-3.7062,1.3592,-0.3501,3.9476,-0.0886,2.7901,1.0,5.8527,4.4653,-3.7059,0.7559,5.8028,0.1299,-0.6927,-1.0,9.4937
146511,4003,8.1439,2.1654,2.1477,-7.5505,3.0499,-1.6382,0.7813,-1.0,2.7989,0.1246,0.7816,-2.6825,0.7915,-1.9348,1.4127,1.0,1.097
146511,4004,4.4995,-0.9703,-1.4685,4.1397,1.7601,1.5908,-2.1547,-1.0,4.3866,0.9205,1.4478,-4.0358,1.7156,-1.591,1.0045,1.0,8.8854
146511,4005,1.6857,0.0032,-0.1527,1.6754,0.1528,3.0901,-1.5501,1.0,1.3569,-0.7643,0.4319,1.0292,0.8779,0.9981,2.6272,-1.0,1.1335
146511,4006,4.568,-0.1976,4.4236,-1.1172,4.428,-0.2497,1.6154,-1.0,0.2107,-0.0269,0.1028,0.1481,0.1063,1.134,1.8271,1.0,1.1653
146511,4007,11.0094,8.5098,-4.8346,5.0404,9.7873,0.4946,-0.5167,-1.0,2.8594,1.113,0.6861,-2.5408,1.3075,-1.418,0.5524,1.0,8.7343
146511,4008,5.2856,-4.1718,2.3621,2.2233,4.7941,0.4486,2.6264,-1.0,3.0527,-2.6461,-0.0971,1.5156,2.6478,0.545,-3.1049,1.0,1.9837
146511,4009,1.677,-0.0173,1.2919,1.0639,1.292,0.7508,1.5842,1.0,3.2643,-0.8046,-1.6089,2.7219,1.7989,1.202,-2.0345,-1.0,3.051
146511,4010,4.2099,-0.2666,3.949,-1.4306,3.958,-0.354,1.6382,1.0,0.7598,-0.5806,-0.3046,-0.369,0.6557,-0.5366,-2.6584,-1.0,2.7313
146511,4011,1.0623,-0.8794,-0.5068,-0.2953,1.015,-0.287,-2.6188,1.0,1.0202,-0.5599,0.6198,-0.5762,0.8352,-0.6444,2.3055,-1.0,1.2219
146511,4012,40.5709,-12.0894,38.4277,-4.8114,40.2845,-0.1192,1.8756,1.0,46.3141,12.1744,-44.4579,4.5016,46.0947,0.0975,-1.3035,-1.0,86.6749
146511,4013,0.7896,0.4695,-0.6131,0.1267,0.7722,0.1633,-0.9173,-1.0,2.5678,2.4879,-0.4111,0.4727,2.5217,0.1864,-0.1638,1.0,1.0571
146511,4014,2.9381,-0.9304,-1.8864,2.0486,2.1034,0.8628,-2.029,1.0,1.7678,1.4477,0.0855,1.0054,1.4502,0.6472,0.059,-1.0,3.0508
146511,4015,15.0346,-0.6214,-4.3075,14.3905,4.3521,1.9112,-1.7141,-1.0,19.0363,-0.1957,-6.7116,17.8126,6.7144,1.7026,-1.5999,1.0,1.3045
146511,4016,4.2035,3.2742,-2.5417,0.6912,4.145,0.166,-0.6601,1.0,1.0543,-0.6233,0.027,-0.8433,0.6238,-1.1097,3.0982,-1.0,3.7777
146511,4017,3.3222,0.4685,2.8055,1.7132,2.8444,0.5708,1.4053,-1.0,8.7475,-0.0895,4.8087,7.3059,4.8096,1.2053,1.5894,1.0,2.4924
146511,4018,2.7632,0.1987,2.1917,-1.6677,2.2007,-0.6994,1.4804,1.0,2.7196,0.2105,-2.3587,1.333,2.3681,0.5368,-1.4818,-1.0,5.4547
146511,4019,2.1499,1.3473,-1.633,-0.3593,2.1171,-0.1689,-0.881,1.0,1.6408,-0.6891,-0.0402,1.4848,0.6903,1.5092,-3.0834,-1.0,3.1417
146511,4020,20.3257,-4.1387,9.0932,17.7004,9.9907,1.3366,1.9979,-1.0,10.5802,-2.8674,2.9676,9.7417,4.1266,1.5942,2.339,1.0,2.7481
146511,4021,9.8527,-2.5069,3.2394,8.9602,4.0962,1.5245,2.2294,-1.0,2.7692,2.3871,-0.7268,1.1963,2.4953,0.4628,-0.2955,1.0,7.059
146511,4022,3.3944,-3.0083,1.5166,0.4011,3.369,0.1188,2.6746,1.0,5.7166,-4.7253,3.158,-0.6058,5.6834,-0.1064,2.5525,-1.0,1.1437
146511,4023,30.9064,-19.7454,16.7307,-16.8936,25.8805,-0.6135,2.4387,1.0,140.0256,92.8147,7.001,-104.6116,93.0783,-0.9663,0.0753,-1.0,92.4766
146511,4024,4.0821,-4.0657,-0.0783,0.3421,4.0664,0.084,-3.1223,-1.0,6.5118,4.2521,3.802,-3.1396,5.704,-0.5259,0.7296,1.0,9.5135
146511,4025,43.3593,33.0986,-23.7523,14.8436,40.7393,0.3567,-0.6225,-1.0,49.2721,-30.6016,17.8839,-34.2263,35.4442,-0.8569,2.6127,1.0,90.3561
146511,4026,1.0598,0.7642,-0.6935,0.2174,1.0319,0.2091,-0.7369,-1.0,2.9585,-2.3646,-0.9567,-1.4951,2.5508,-0.5569,-2.7571,1.0,3.0381
146511,4027,3.2936,-0.408,-1.1706,-3.0496,1.2397,-1.6322,-1.9062,-1.0,0.7176,-0.061,0.2316,0.6681,0.2395,1.7497,1.8283,1.0,3.0523
146511,4028,10.5035,4.4134,9.1476,-2.675,10.1566,-0.2604,1.1213,-1.0,0.4989,0.0253,0.4868,-0.0102,0.4875,-0.021,1.5189,1.0,1.1482
146511,4029,37.4071,13.8937,34.4814,-4.1569,37.1753,-0.1116,1.1878,-1.0,70.3113,6.4646,-41.827,56.1461,42.3236,1.0946,-1.4175,1.0,91.8258
146511,4030,14.636,1.7364,5.1614,13.5848,5.4457,1.6452,1.2463,-1.0,3.992,-0.1209,0.9078,3.8841,0.9158,2.1517,1.7032,1.0,1.5479
146511,4031,5.7321,-3.4719,-4.5518,-0.2706,5.7248,-0.0473,-2.2224,1.0,2.8358,-2.0282,0.1717,-1.9716,2.0355,-0.859,3.0571,-1.0,4.3525
146511,4032,2.7879,-0.447,1.8805,2.0063,1.9329,0.908,1.8042,-1.0,5.9588,3.3733,3.4543,3.4907,4.8282,0.6714,0.7973,1.0,3.0438
146511,4033,5.4881,0.2656,-2.2761,-4.9857,2.2915,-1.5196,-1.4546,1.0,5.6198,-3.0729,2.987,-3.634,4.2854,-0.7697,2.3704,-1.0,6.3796
146511,4034,27.4628,0.7073,-8.1827,-26.2057,8.2132,-1.8771,-1.4846,-1.0,6.6779,2.688,-2.8017,-5.4321,3.8826,-1.1375,-0.8061,1.0,5.6965
146511,4035,2.4134,2.3414,0.5566,0.1471,2.4066,0.0611,0.2334,-1.0,0.709,0.2305,-0.5008,0.4331,0.5513,0.7213,-1.1395,1.0,1.6719
146511,4036,0.4499,0.1192,0.1323,-0.3994,0.1781,-1.5474,0.8374,1.0,2.4374,0.8125,-1.4824,-1.7527,1.6905,-0.9071,-1.0694,-1.0,1.0069
146511,4037,8.7235,6.244,-4.6482,-3.9364,7.7842,-0.4863,-0.6399,1.0,3.0323,-1.5748,-0.4054,2.5572,1.6261,1.2344,-2.8896,-1.0,9.4317
146511,4038,5.802,-0.7353,0.5507,-5.7278,0.9186,-2.5297,2.4987,1.0,12.7446,-3.5124,1.564,-12.1503,3.8448,-1.8679,2.7227,-1.0,1.3537
146511,4039,7.4792,6.24,-2.979,2.8487,6.9147,0.4011,-0.4454,1.0,3.1874,-1.8799,1.5079,-2.0834,2.4099,-0.7822,2.4656,-1.0,9.5925
146511,4040,4.2099,-1.9084,2.4057,-2.878,3.0708,-0.8363,2.2414,1.0,5.5708,2.8757,0.6015,4.7319,2.938,1.2546,0.2062,-1.0,9.069
146511,4041,21.8035,-4.5913,-7.1924,20.0642,8.5329,1.5906,-2.1389,-1.0,9.2184,3.0513,0.5159,8.6828,3.0946,1.7552,0.1675,1.0,9.4352
146511,4042,1.5785,-0.8328,0.1791,-1.3247,0.8518,-1.2249,2.9298,-1.0,1.3641,0.0041,-0.5328,-1.2513,0.5328,-1.5894,-1.563,1.0,1.1006
146511,4043,54.2705,47.6462,-25.0953,6.7343,53.851,0.1247,-0.4848,-1.0,47.9104,-40.2142,4.1563,25.7088,40.4284,0.5994,3.0386,1.0,94.3119
146511,4044,14.4377,2.2311,1.0203,-14.2273,2.4534,-2.4582,0.4289,-1.0,2.0809,-0.3722,2.0114,0.3671,2.0456,0.1785,1.7538,1.0,8.253
146511,4045,9.2393,6.2579,-1.6125,-6.6025,6.4623,-0.8966,-0.2522,-1.0,14.7454,9.9569,-0.9164,-10.8367,9.999,-0.9394,-0.0918,1.0,1.3507
146511,4046,1.0602,-1.0529,-0.0647,0.008,1.0549,0.0075,-3.0802,-1.0,2.8825,-0.0172,-2.1903,-1.8708,2.1903,-0.7744,-1.5787,1.0,2.4175
146511,4047,5.1043,-3.9304,-2.8787,1.5191,4.8719,0.307,-2.5094,1.0,4.2644,-3.1291,-2.8951,0.0328,4.263,0.0077,-2.395,-1.0,1.4801
146511,4048,9.3309,3.5604,-8.6212,-0.23,9.3275,-0.0247,-1.1792,1.0,3.0104,2.3715,-1.1728,1.4325,2.6456,0.518,-0.4593,-1.0,4.4443
146511,4049,1.3396,-0.7166,0.3222,1.0798,0.7857,1.1229,2.7191,1.0,1.8289,1.2538,-1.1013,-0.7409,1.6688,-0.4305,-0.7208,-1.0,3.0048
146511,4050,47.5606,-38.4156,-15.2544,-23.5274,41.3335,-0.5422,-2.7636,1.0,45.5858,36.7259,17.9714,20.1567,40.8872,0.4749,0.4551,-1.0,93.0303
146511,4051,4.426,-3.719,1.8527,1.5216,4.1549,0.3585,2.6794,-1.0,3.2898,-0.703,3.0222,1.088,3.1029,0.3438,1.7993,1.0,3.0669
146511,4052,1.392,-0.4613,-1.2702,-0.3167,1.3513,-0.2323,-1.9191,1.0,1.5926,0.292,-1.0992,-1.1098,1.1373,-0.8642,-1.3112,-1.0,1.1091
146511,4053,1.4159,0.8447,0.6553,0.9224,1.069,0.781,0.6598,-1.0,13.6322,8.4466,3.5828,10.0819,9.1751,0.9496,0.4012,1.0,1.0309
146511,4054,23.3792,-3.1719,-1.4065,-23.12,3.4698,-2.5953,-2.7242,1.0,25.1206,-8.4035,-9.336,-21.7544,12.5611,-1.3169,-2.3037,-1.0,9.4406
146511,4055,21.9968,-8.4929,6.6802,-19.1597,10.8053,-1.3373,2.4751,1.0,3.7808,-3.6671,-0.6841,-0.6062,3.7303,-0.1618,-2.9572,-1.0,9.4854
146511,4056,17.2906,5.4337,0.126,16.4138,5.4352,1.8247,0.0232,1.0,4.88,0.0683,-3.5572,3.3385,3.5578,0.8371,-1.5516,-1.0,7.7032
146511,4057,96.2936,-63.4514,-16.4045,-70.5497,65.5376,-0.9344,-2.8886,1.0,39.3154,28.3865,17.3384,-20.9588,33.2628,-0.5945,0.5483,-1.0,93.7313
146511,4058,24.55,5.1654,1.9733,23.9189,5.5295,2.1708,0.3649,1.0,59.4833,13.347,6.3827,57.614,14.7947,2.0687,0.4461,-1.0,1.2024
146511,4059,3.9865,1.562,3.4294,1.2963,3.7684,0.3376,1.1434,-1.0,6.4226,-5.3819,-3.4395,0.6664,6.3871,0.1042,-2.5729,1.0,9.4819
146511,4060,79.6462,48.2724,11.1333,62.3645,49.5396,1.0531,0.2267,1.0,39.3933,-37.7695,5.2497,9.8859,38.1325,0.2564,3.0035,-1.0,92.5828
146511,4061,1.9691,0.2832,1.3466,-1.4044,1.3761,-0.8959,1.3635,-1.0,3.476,1.8109,-1.54,-2.5339,2.3772,-0.9272,-0.7047,1.0,3.117
146511,4062,4.7943,2.1402,0.3491,-4.2746,2.1685,-1.4307,0.1617,1.0,3.0265,0.3408,2.2161,-2.0301,2.2422,-0.8129,1.4182,-1.0,2.9464
146511,4063,19.8646,6.3562,-2.692,-18.6264,6.9027,-1.7185,-0.4006,1.0,18.4915,4.6296,0.1363,-17.9017,4.6316,-2.0615,0.0294,-1.0,3.1088
146511,4064,1.2671,0.3176,1.0518,0.6224,1.0987,0.5399,1.2775,-1.0,2.1299,-0.9653,-1.4899,-1.1721,1.7753,-0.6198,-2.1457,1.0,3.2598
146511,4065,4.9234,-4.7789,-1.1792,-0.0191,4.9223,-0.0039,-2.8997,-1.0,4.81,4.0438,2.152,1.4634,4.5808,0.3143,0.489,1.0,9.5481
146511,4066,4.1519,2.5714,3.1698,0.7531,4.0816,0.1835,0.8893,-1.0,1.4604,-0.3528,1.0381,0.9589,1.0964,0.7899,1.8984,1.0,2.4369
146511,4067,1.5103,-1.5016,-0.0039,-0.1223,1.5016,-0.0813,-3.139,1.0,2.048,1.0606,-1.1561,1.312,1.5689,0.7607,-0.8284,-1.0,3.1154
146511,4068,42.2501,15.3776,-15.0822,-36.3471,21.5394,-1.2945,-0.7757,1.0,46.3273,-11.3865,16.9031,41.6034,20.3806,1.462,2.1636,-1.0,88.3124
146511,4069,11.6451,-2.7856,0.7662,11.2806,2.8891,2.0713,2.8732,-1.0,9.2107,-2.6036,-1.1779,8.7556,2.8576,1.8385,-2.7167,1.0,2.0753
146511,4070,3.0653,-0.3313,-0.6708,-2.9707,0.7482,-2.0875,-2.0296,-1.0,6.0308,-1.7742,0.1304,-5.7615,1.779,-1.8913,3.0682,1.0,1.3276
146511,4071,11.3298,2.9006,-6.4131,-8.8776,7.0385,-1.0546,-1.146,-1.0,9.278,2.3645,-2.815,-8.5179,3.6763,-1.577,-0.8721,1.0,3.0328
146511,4072,0.7011,0.6304,-0.0027,-0.288,0.6304,-0.4423,-0.0043,1.0,2.6876,-0.2602,-0.6347,-2.5964,0.6859,-2.0413,-1.9598,-1.0,1.6185
146511,4073,5.1135,3.2157,1.0116,3.8436,3.371,0.9771,0.3048,-1.0,5.1399,-3.178,-0.8325,-3.9515,3.2852,-1.0178,-2.8854,1.0,10.2512
146511,4074,3.6656,-0.0461,-1.6959,3.2477,1.6965,1.4047,-1.598,1.0,0.6494,-0.1681,0.571,-0.2373,0.5952,-0.3888,1.8572,-1.0,2.8715
146511,4075,45.3363,-4.1531,-13.0014,-43.2329,13.6486,-1.8701,-1.88,-1.0,15.1494,0.5617,-2.1602,-14.9837,2.232,-2.6027,-1.3164,1.0,5.155
146511,4076,1.5465,0.3157,1.2889,-0.7872,1.327,-0.563,1.3306,-1.0,11.6199,0.833,3.1633,-11.1494,3.2712,-1.9402,1.3133,1.0,3.1192
146511,4077,2.8506,-0.8213,1.2363,2.4314,1.4843,1.269,2.1572,-1.0,1.5694,-0.0782,-1.4646,0.5485,1.4667,0.3657,-1.6242,1.0,3.1298
146511,4078,6.3237,1.9043,5.053,3.2894,5.3999,0.5767,1.2104,-1.0,2.5497,-1.4764,-0.8667,1.8865,1.712,0.9516,-2.6108,1.0,5.8515
146511,4079,7.6804,2.1775,6.3067,-3.8028,6.672,-0.5429,1.2383,-1.0,2.9735,-1.3057,2.5513,-0.7854,2.866,-0.2707,2.0438,1.0,3.6375
146511,4080,1.8169,-0.6705,0.5823,-1.5815,0.8881,-1.3411,2.4265,1.0,0.7372,-0.4351,-0.4759,0.3412,0.6448,0.5071,-2.3115,-1.0,1.9367
146511,4081,2.6008,-0.3049,-0.4417,-2.5426,0.5367,-2.2596,-2.1749,1.0,1.924,-0.0564,-0.217,1.908,0.2242,2.8377,-1.8253,-1.0,4.4166
146511,4082,1.4549,1.3097,-0.3527,-0.5156,1.3564,-0.3715,-0.2631,-1.0,1.7944,-1.7712,0.266,-0.0285,1.791,-0.0159,2.9925,1.0,3.1688
146511,4083,3.4805,3.1013,-1.5322,-0.37,3.4592,-0.1068,-0.4589,1.0,8.1382,5.7089,-3.5082,4.6174,6.7006,0.6437,-0.551,-1.0,3.7321
146511,4084,27.8676,-5.9646,-0.406,-27.2186,5.9784,-2.2207,-3.0736,1.0,24.3137,-1.4385,3.6398,23.9964,3.9137,2.5132,1.9472,-1.0,51.4513
146511,4085,47.1606,-0.6693,3.7596,47.0056,3.8187,3.2051,1.747,1.0,45.3717,-0.2605,-5.7449,-45.0056,5.7508,-2.7547,-1.6161,-1.0,92.4847
146511,4086,2.339,1.6715,-1.571,-0.4446,2.2939,-0.1926,-0.7544,-1.0,4.5099,3.936,-1.6998,-1.3953,4.2873,-0.32,-0.4077,1.0,1.1748
146511,4087,4.7579,-2.7248,0.73,-3.83,2.8209,-1.1132,2.8798,-1.0,6.3242,-4.7102,3.2908,-2.6397,5.746,-0.4446,2.5318,1.0,3.0836
146511,4088,0.572,0.5542,-0.0672,-0.0663,0.5583,-0.1185,-0.1207,1.0,1.5386,-0.5537,-1.1388,-0.8676,1.2663,-0.6405,-2.0234,-1.0,1.4588
146511,4089,1.5188,1.0625,0.7574,-0.77,1.3049,-0.5603,0.6193,1.0,10.0832,9.2855,2.9811,-2.5598,9.7523,-0.2596,0.3107,-1.0,1.5687
146511,4090,16.5117,0.671,16.3798,1.9692,16.3936,0.1198,1.5299,-1.0,15.2889,-0.3496,-15.2304,1.2845,15.2344,0.0842,-1.5937,1.0,31.6112
146511,4091,5.7173,-0.6499,-4.9382,2.8051,4.9808,0.537,-1.7017,1.0,4.7464,-2.4127,1.9172,-3.6085,3.0816,-0.9972,2.4701,-1.0,9.5047
146511,4092,6.283,3.3481,4.9062,2.0454,5.9398,0.3379,0.972,-1.0,3.4777,-1.6288,-2.7999,-1.261,3.2393,-0.3801,-2.0977,1.0,9.3414
146511,4093,2.1849,0.3696,-1.1388,1.8246,1.1973,1.208,-1.257,1.0,4.5018,1.6152,1.2798,4.001,2.0608,1.4172,0.67,-1.0,2.6105
146511,4094,2.0821,-0.2792,1.5508,1.3569,1.5757,0.7797,1.7489,1.0,5.0469,2.6315,-4.1461,1.1598,4.9107,0.234,-1.0053,-1.0,5.6764
146511,4095,1.0526,0.2828,-0.441,0.9068,0.5239,1.3165,-1.0007,-1.0,1.0027,-0.0126,0.4274,-0.9008,0.4276,-1.4903,1.6003,1.0,2.0374
146511,4096,5.5874,2.0818,2.6429,4.4597,3.3643,1.094,0.9036,-1.0,5.9722,0.9324,5.0535,3.0412,5.1388,0.5618,1.3883,1.0,3.0068
146511,4097,12.3667,-4.2732,-0.2747,-11.6013,4.282,-1.7223,-3.0774,-1.0,5.199,0.0581,0.5019,-5.1733,0.5053,-3.0217,1.4556,1.0,3.0577
146511,4098,11.1117,3.9247,-0.1743,-10.3935,3.9285,-1.7,-0.0444,1.0,4.6309,-0.0476,-1.0909,-4.499,1.092,-2.1234,-1.6144,-1.0,3.0672
146511,4099,32.035,-26.9683,-16.117,6.2596,31.4173,0.1979,-2.6029,1.0,67.4602,44.3592,50.7714,-2.3225,67.4202,-0.0344,0.8527,-1.0,91.5447
146511,4100,10.5977,4.3078,3.855,8.8816,5.7808,1.2148,0.73,-1.0,6.7012,2.1853,0.113,6.333,2.1882,1.7844,0.0517,1.0,3.1407
146511,4101,1.0433,-0.8487,0.1516,-0.5779,0.8622,-0.6282,2.9648,1.0,2.4043,1.4921,-0.7068,1.7446,1.651,0.9209,-0.4424,-1.0,3.1309
146511,4102,1.2454,-0.6988,-0.8406,-0.5872,1.0931,-0.5142,-2.2643,1.0,1.9269,1.2511,0.8709,1.1739,1.5244,0.7091,0.6082,-1.0,3.0681
146511,4103,3.8647,3.0798,-1.624,-1.674,3.4818,-0.464,-0.4853,-1.0,9.8762,-6.191,1.5049,-7.5456,6.3713,-1.0059,2.9031,1.0,9.7015
146511,4104,45.5817,-5.7553,18.7958,-41.1251,19.6572,-1.4841,1.8679,1.0,42.1011,4.7465,-23.7934,34.407,24.2622,1.1485,-1.3739,-1.0,87.2763
146511,4105,15.773,2.143,3.5659,-15.2141,4.1603,-2.008,1.0297,1.0,5.5239,0.7767,0.3447,-5.4571,0.8497,-2.5589,0.4177,-1.0,1.5626
146511,4106,3.2298,-1.6743,-2.5512,1.053,3.0515,0.3386,-2.1516,-1.0,0.7618,0.2742,0.7027,0.0066,0.7544,0.0088,1.1987,1.0,3.0713
146511,4107,1.3122,-0.3011,-0.704,1.0604,0.7657,1.1291,-1.9749,-1.0,10.511,5.3421,-2.4438,8.7155,5.8745,1.1856,-0.429,1.0,2.9834
146511,4108,46.3435,-26.4218,30.2746,-23.0878,40.1829,-0.5469,2.2883,-1.0,46.0037,33.8783,-28.8565,11.6571,44.5021,0.259,-0.7055,1.0,91.3221
146511,4109,0.7238,-0.3859,0.6032,-0.0075,0.716,-0.0104,2.1399,-1.0,1.5393,0.6229,-1.3979,-0.1272,1.5304,-0.083,-1.1516,1.0,2.1014
146511,4110,1.2696,0.7183,0.5197,0.9025,0.8866,0.894,0.6263,1.0,5.1099,-0.9192,1.2518,4.867,1.553,1.8599,2.2041,-1.0,2.057
146511,4111,12.1726,-2.5963,0.2526,11.8894,2.6085,2.2218,3.0446,-1.0,9.2936,0.8395,7.258,5.7426,7.3064,0.7217,1.4556,1.0,9.5089
146511,4112,4.0009,3.6023,-1.346,1.0991,3.8456,0.2821,-0.3576,-1.0,8.5484,-0.4705,8.0965,2.7001,8.1101,0.3271,1.6288,1.0,9.3635
146511,4113,2.9075,-1.3852,2.5487,-0.1652,2.9008,-0.0569,2.0686,1.0,6.858,0.752,6.5664,1.8271,6.6093,0.273,1.4568,-1.0,3.0193
146511,4114,4.0498,3.8876,1.1177,0.1639,4.0451,0.0405,0.28,-1.0,5.7981,-5.5825,-0.7064,1.3943,5.627,0.2453,-3.0157,1.0,9.5662
146511,4115,3.8925,-0.2796,-3.3059,-2.033,3.3177,-0.5797,-1.6552,1.0,9.4866,-1.1597,-6.7007,-6.6136,6.8003,-0.8618,-1.7422,-1.0,1.4255
146511,4116,1.7947,-1.7368,0.4237,-0.117,1.7878,-0.0654,2.9023,-1.0,1.3124,1.2544,-0.3479,0.1293,1.3017,0.0992,-0.2706,1.0,3.0684
146511,4117,7.6909,5.8741,1.8654,-4.5994,6.1632,-0.6902,0.3075,1.0,3.5734,-2.7509,-2.1151,-0.847,3.47,-0.2417,-2.4861,-1.0,9.3491
146511,4118,9.8742,-1.6867,9.6415,-1.2987,9.7879,-0.1323,1.744,-1.0,10.5684,3.6767,-9.7611,1.698,10.4306,0.1621,-1.2106,1.0,20.3413
146511,4119,6.8138,-3.1561,-2.0376,5.6837,3.7567,1.2019,-2.5683,1.0,4.4426,-2.405,-2.8003,2.4698,3.6913,0.6272,-2.2804,-1.0,2.4284
146511,4120,46.6281,10.4294,-38.8735,23.5425,40.2483,0.5559,-1.3087,1.0,47.7272,-9.2976,42.162,-20.3422,43.1749,-0.4553,1.7878,-1.0,94.237
146511,4121,2.6119,-0.9498,-1.4853,1.9242,1.7631,0.9445,-2.1397,-1.0,11.8339,1.6877,-4.4389,-10.8388,4.7489,-1.5632,-1.2075,1.0,9.6732
146511,4122,47.3789,-14.0573,40.474,20.2236,42.8457,0.456,1.9051,1.0,49.3113,17.1356,-37.3531,-27.2528,41.096,-0.6222,-1.1407,-1.0,96.3347
146511,4123,2.0699,-1.1891,0.2748,1.6685,1.2204,1.1188,2.9145,-1.0,0.9534,-0.721,-0.609,0.0838,0.9438,0.0886,-2.4403,1.0,1.5197
146511,4124,32.4799,8.4577,-8.1656,30.2774,11.7562,1.6749,-0.7678,1.0,59.1178,-28.3565,3.5218,-51.7533,28.5744,-1.3559,3.018,-1.0,86.6683
146511,4125,1.0338,0.5268,-0.4404,-0.7657,0.6866,-0.9605,-0.6963,-1.0,20.06,9.3384,-0.0349,-17.7535,9.3384,-1.3985,-0.0037,1.0,2.1082
146511,4126,0.5229,-0.4178,0.1222,0.2698,0.4354,0.5856,2.857,-1.0,1.2017,0.7065,0.701,-0.665,0.9953,-0.6264,0.7815,1.0,1.4342
146511,4127,3.6938,-1.2628,0.4337,3.4424,1.3352,1.6759,2.8108,-1.0,16.4455,6.1109,-0.5995,15.2559,6.1403,1.6415,-0.0978,1.0,5.6952
146511,4128,5.382,4.1681,-0.6371,3.3429,4.2166,0.727,-0.1517,1.0,7.3251,3.6104,3.7345,-5.1639,5.1943,-0.8772,0.8023,-1.0,9.3839
146511,4129,43.826,37.7777,16.6284,-14.7325,41.2754,-0.3498,0.4146,-1.0,45.08,-40.0562,-13.557,15.6174,42.2882,0.3614,-2.8152,1.0,88.8192
146511,4130,3.1534,-1.8823,-0.9071,-2.3594,2.0895,-0.9698,-2.6925,1.0,1.4303,1.0349,-0.909,-0.3705,1.3774,-0.2659,-0.7207,-1.0,3.0889
146511,4131,3.3942,-0.0071,-0.604,3.3384,0.604,2.4109,-1.5825,1.0,1.8697,-1.8032,-0.0144,0.4826,1.8032,0.2645,-3.1336,-1.0,3.074
146511,4132,5.7591,-4.6108,1.851,-2.9105,4.9684,-0.5566,2.7598,-1.0,6.9637,4.8458,-1.3873,4.8038,5.0404,0.8478,-0.2788,1.0,12.5705
146511,4133,0.5671,-0.0711,0.206,-0.5128,0.2179,-1.5911,1.9033,1.0,0.4469,-0.0143,-0.2053,0.3823,0.2058,1.3784,-1.6404,-1.0,1.0019
146511,4134,5.2414,-2.5482,-0.0694,-4.5786,2.5491,-1.3486,-3.1144,1.0,1.3379,-0.5458,1.032,-0.6449,1.1675,-0.5276,2.0572,-1.0,2.3461
146511,4135,4.4517,1.479,-3.9187,-1.5041,4.1886,-0.3518,-1.2099,-1.0,2.5387,1.5741,-1.9571,-0.3548,2.5116,-0.1408,-0.8934,1.0,1.2502
146511,4136,1.2002,0.5883,0.6313,0.8274,0.8629,0.852,0.8207,-1.0,1.0376,0.58,-0.3743,0.7674,0.6903,0.9583,-0.5731,1.0,1.0164
146511,4137,9.7516,2.6051,0.8072,9.3619,2.7272,1.9471,0.3005,1.0,4.4189,-1.7581,-3.985,0.7375,4.3556,0.1685,-1.9863,-1.0,9.3802
146511,4138,1.8027,-0.3885,-1.5156,-0.8891,1.5646,-0.5414,-1.8217,1.0,1.945,1.1101,1.1935,-1.056,1.6299,-0.6094,0.8216,-1.0,3.1044
146511,4139,11.3203,3.3448,8.6703,-6.4634,9.2931,-0.649,1.2026,1.0,3.8455,1.3402,-2.6079,-2.4857,2.9322,-0.7695,-1.0961,-1.0,9.5505
146511,4140,2.8581,1.4348,0.7407,-2.3559,1.6147,-1.1718,0.4766,-1.0,5.2574,-2.3327,-3.7601,2.8371,4.4249,0.6038,-2.1261,1.0,7.4636
146511,4141,0.6169,-0.3007,-0.2252,-0.4778,0.3757,-1.0611,-2.4987,1.0,2.3583,1.2242,1.4079,-1.4385,1.8657,-0.7099,0.8551,-1.0,1.711
146511,4142,0.5209,-0.0966,0.4687,0.1763,0.4786,0.3606,1.7741,1.0,1.0055,-0.2762,-0.4733,0.8364,0.548,1.2093,-2.099,-1.0,1.0795
146511,4143,1.6629,0.7081,0.2755,1.4754,0.7598,1.4174,0.3711,1.0,13.7688,6.3486,-1.0084,12.1757,6.4282,1.3952,-0.1575,-1.0,1.2049
146511,4144,11.1063,-10.7201,2.7766,0.842,11.0739,0.076,2.8882,-1.0,0.3281,-0.2498,0.1511,-0.106,0.2919,-0.3557,2.5975,1.0,1.1375
146511,4145,1.4995,-0.4376,0.7573,-1.2134,0.8746,-1.1306,2.0948,-1.0,1.7154,0.2426,-0.9264,1.4193,0.9577,1.1848,-1.3146,1.0,3.1979
146511,4146,2.4067,1.8734,1.504,0.0972,2.4025,0.0404,0.6764,-1.0,13.7207,12.7276,4.9884,1.171,13.6702,0.0856,0.3735,1.0,1.7735
146511,4147,1.3704,0.2275,0.7424,1.1242,0.7765,1.1655,1.2734,1.0,1.8993,0.5102,-1.485,-1.0633,1.5702,-0.6339,-1.2398,-1.0,3.097
146511,4148,2.0745,-0.762,-0.6623,1.8092,1.0096,1.3465,-2.4261,-1.0,6.246,-3.6798,-3.1037,3.9785,4.8139,0.7532,-2.4409,1.0,1.35
146511,4149,6.6684,-0.6147,0.462,-6.623,0.769,-2.8497,2.4971,-1.0,6.831,-5.219,3.9976,-1.8525,6.5741,-0.2782,2.4879,1.0,7.5151
146511,4150,0.863,-0.8222,-0.2399,-0.0098,0.8565,-0.0114,-2.8577,-1.0,2.6912,-0.1147,-2.6867,-0.008,2.6891,-0.003,-1.6135,1.0,1.7859
146511,4151,2.6273,-0.1582,-0.641,-2.5408,0.6602,-2.0573,-1.8127,-1.0,3.9718,0.3922,-2.812,-2.7754,2.8392,-0.8654,-1.4322,1.0,1.8189
146511,4152,0.4988,0.3368,-0.0478,-0.3492,0.3402,-0.8999,-0.1409,1.0,0.5297,-0.434,0.1293,0.2536,0.4529,0.5342,2.8522,-1.0,1.0162
146511,4153,8.8513,0.5871,6.1028,6.3832,6.1309,0.9102,1.4749,1.0,5.5686,1.6794,4.699,2.4691,4.9901,0.4766,1.2276,-1.0,2.7843
146511,4154,1.495,0.5547,-1.3546,-0.285,1.4638,-0.1935,-1.1822,-1.0,4.3483,0.2034,-0.2955,-4.3321,0.3587,-3.1861,-0.9681,1.0,3.0868
146511,4155,2.002,0.3718,-0.8117,1.7888,0.8928,1.4452,-1.1412,-1.0,8.8007,4.8257,-3.2264,6.6139,5.8049,0.9766,-0.5893,1.0,1.665
146511,4156,48.4898,6.2784,47.5761,6.9528,47.9886,0.1444,1.4396,-1.0,45.7075,-4.6298,-42.0961,-17.1944,42.3499,-0.3956,-1.6803,1.0,93.4638
146511,4157,8.7773,-2.0739,-2.7271,-8.0804,3.4261,-1.5933,-2.221,-1.0,23.7697,-2.5981,-6.1549,-22.8113,6.6808,-1.942,-1.9702,1.0,2.0732
146511,4158,4.5342,0.4911,-2.7301,-3.5851,2.7739,-1.0738,-1.3928,1.0,2.7148,1.23,-0.2561,-2.4043,1.2564,-1.4043,-0.2053,-1.0,2.19
146511,4159,0.515,0.3666,-0.3096,0.1545,0.4798,0.3167,-0.7012,1.0,7.0545,-3.6422,-2.0882,5.6682,4.1984,1.1086,-2.621,-1.0,2.6297
146511,4160,4.9167,2.4148,2.7738,-3.2615,3.6777,-0.799,0.8545,1.0,3.6687,-0.5323,-2.1496,2.9231,2.2145,1.0906,-1.8135,-1.0,8.3464
146511,4161,1.3424,0.6201,0.5415,-1.055,0.8233,-1.0671,0.7179,1.0,8.9471,1.038,1.4408,-8.7684,1.7758,-2.3002,0.9465,-1.0,1.6412
146511,4162,2.668,-0.2192,-0.0201,-2.6568,0.2201,-3.1857,-3.0499,1.0,8.5444,0.2213,1.5848,8.3926,1.6002,2.3593,1.432,-1.0,9.5064
146511,4163,1.8729,-0.6782,-0.7102,-1.5914,0.982,-1.2598,-2.3332,-1.0,0.2589,0.0226,-0.0137,0.2349,0.0265,2.8793,-0.546,1.0,1.3233
146511,4164,1.5036,-0.406,-1.38,-0.4246,1.4385,-0.291,-1.8569,1.0,2.0484,1.7268,0.2327,1.0718,1.7424,0.5817,0.134,-1.0,3.0227
146511,4165,1.0421,-0.6064,0.1785,-0.8217,0.6321,-1.0784,2.8553,1.0,5.1603,-3.0334,-1.8019,-3.7642,3.5282,-0.9279,-2.6056,-1.0,1.2472
146511,4166,6.6265,2.5605,-1.3992,-5.9486,2.9178,-1.4608,-0.5001,1.0,6.6568,-2.5265,1.3432,6.0095,2.8614,1.4876,2.653,-1.0,13.283
146511,4167,12.8398,2.2902,-4.9233,11.6347,5.4299,1.5057,-1.1354,1.0,7.1152,1.3503,-1.7366,6.7657,2.1998,1.8421,-0.9099,-1.0,1.4205
146511,4168,2.5454,1.0165,1.2911,-1.9411,1.6432,-1.0039,0.9039,-1.0,4.6291,3.542,0.3353,-2.9597,3.5578,-0.7574,0.0944,1.0,2.008
146511,4169,0.4855,0.0874,0.2226,-0.4091,0.2391,-1.3063,1.1966,-1.0,7.7162,-2.2738,0.0385,-7.3727,2.2741,-1.8923,3.1246,1.0,1.3648
146511,4170,45.6649,-21.5466,-3.9112,-40.0715,21.8987,-1.3648,-2.962,-1.0,42.5799,19.7155,3.242,37.6008,19.9803,1.3895,0.163,1.0,88.1886
146511,4171,1.5706,0.2491,-0.967,-1.2077,0.9985,-1.0221,-1.3187,-1.0,1.5311,-0.3086,0.9083,1.1887,0.9593,1.0408,1.8983,1.0,3.1006
146511,4172,36.9758,14.1576,-31.697,-12.7303,34.7151,-0.359,-1.1507,-1.0,92.6467,-48.4064,22.7883,-75.6367,53.5022,-1.1459,2.7016,1.0,87.9825
146511,4173,1.4726,0.6228,1.1091,-0.7346,1.272,-0.5494,1.0591,-1.0,1.2969,-0.3632,1.1791,0.3855,1.2338,0.3076,1.8696,1.0,1.4984
146511,4174,17.7861,6.6659,4.046,15.9853,7.7977,1.4658,0.5455,1.0,64.2586,14.8507,-0.0583,62.5189,14.8508,2.1444,-0.0039,-1.0,9.4637
146511,4175,2.492,-2.4367,0.2134,0.4646,2.4461,0.1888,3.0542,-1.0,2.7229,-0.3103,1.0659,2.4841,1.1101,1.5451,1.8541,1.0,3.0526
146511,4176,7.0556,2.0281,-0.3894,6.7458,2.0651,1.8995,-0.1897,1.0,10.5374,6.0449,1.1541,8.5529,6.1541,1.132,0.1887,-1.0,3.1154
146511,4177,178.8514,-53.5067,-19.2356,-169.5725,56.8593,-1.8128,-2.7965,1.0,20.1011,-13.1494,-12.3439,8.875,18.0355,0.4741,-2.3878,-1.0,91.2037
146511,4178,3.6215,-0.5608,-0.2905,3.5645,0.6315,2.4315,-2.6636,1.0,1.708,1.3626,-0.859,0.5582,1.6108,0.3399,-0.5624,-1.0,3.0731
146511,4179,47.069,19.438,42.7568,-3.0816,46.9679,-0.0656,1.1441,-1.0,44.926,-11.1079,-43.5124,-1.2728,44.9078,-0.0283,-1.8207,1.0,91.5104
146511,4180,0.2685,-0.1949,0.0531,0.1419,0.202,0.6545,2.8758,-1.0,10.4527,2.3905,-4.1098,-9.3082,4.7544,-1.4246,-1.044,1.0,3.1056
146511,4181,0.668,-0.3373,0.479,-0.303,0.5859,-0.4965,2.1843,-1.0,0.5772,0.3409,-0.393,0.2267,0.5202,0.423,-0.8563,1.0,1.2398
146511,4182,1.5668,-1.2626,0.356,0.8501,1.3119,0.6096,2.8668,1.0,1.5935,1.276,-0.3484,-0.8824,1.3227,-0.6255,-0.2666,-1.0,3.1601
146511,4183,1.8272,0.2863,0.1039,-1.7985,0.3045,-2.4761,0.3483,-1.0,1.4223,-1.2982,0.2872,0.494,1.3296,0.3635,2.9239,1.0,2.7714
146511,4184,40.4892,-13.2968,10.2184,-36.853,16.7696,-1.5287,2.4864,-1.0,55.2752,24.2901,-27.1263,41.5872,36.4121,0.9784,-0.8405,1.0,93.4969
146511,4185,12.7221,4.9119,3.9677,11.0441,6.3142,1.3254,0.6795,-1.0,4.8272,-3.766,0.9334,2.8699,3.88,0.6849,2.8987,1.0,9.4364
146511,4186,0.5949,0.519,0.271,0.0048,0.5855,0.0082,0.4813,-1.0,11.5964,5.6525,-1.8256,-9.959,5.94,-1.2889,-0.3124,1.0,3.0065
146511,4187,22.0718,1.0005,-6.6368,-21.0262,6.7118,-1.8596,-1.4212,1.0,13.2254,-0.5128,-3.7038,-12.6854,3.7391,-1.9358,-1.7084,-1.0,1.4997
146511,4188,4.9241,0.2706,1.3436,4.7284,1.3706,1.9518,1.3721,-1.0,2.029,-0.8777,0.7588,1.6612,1.1602,1.1564,2.4287,1.0,1.6525
146511,4189,50.1074,6.8255,14.1352,-47.5852,15.6969,-1.8284,1.1209,-1.0,0.5149,0.0682,0.216,-0.4501,0.2266,-1.4377,1.265,1.0,1.3205
146511,4190,3.3604,-1.7259,1.8228,2.2316,2.5102,0.8007,2.3289,-1.0,8.7816,-7.968,2.2523,2.9229,8.2803,0.3461,2.8661,1.0,3.2066
146511,4191,1.5856,0.4293,0.1362,1.5167,0.4504,1.9287,0.3071,1.0,1.5053,-0.3792,-0.171,-1.4429,0.416,-1.957,-2.718,-1.0,3.0895
146511,4192,2.8538,1.7134,0.523,-2.219,1.7914,-1.0405,0.2963,1.0,0.9659,-0.9258,-0.2053,0.15,0.9483,0.1575,-2.9233,-1.0,3.0964
146511,4193,6.0542,-1.5402,-4.9463,-3.1312,5.1806,-0.5726,-1.8727,-1.0,4.4209,0.8477,4.1211,-1.3535,4.2073,-0.3164,1.3679,1.0,9.4051
146511,4194,1.3263,-1.1138,-0.7047,0.1044,1.318,0.0791,-2.5775,-1.0,1.0042,-0.7898,0.5936,0.1458,0.988,0.147,2.4971,1.0,1.3165
146511,4195,2.2885,-0.5161,-2.2119,0.2592,2.2713,0.1139,-1.8,1.0,0.5345,-0.4545,-0.103,0.2396,0.466,0.4938,-2.9188,-1.0,1.1916
146511,4196,6.1525,2.8516,-5.4506,0.042,6.1515,0.0068,-1.0888,-1.0,5.7334,-2.1414,5.2712,-0.6996,5.6896,-0.1227,1.9567,1.0,11.8451
146511,4197,74.5136,-28.0024,42.7288,-54.2437,51.0871,-0.9244,2.1509,1.0,31.64,13.0779,-28.7765,1.3992,31.6088,0.0443,-1.1442,-1.0,89.7699
146511,4198,9.9575,1.3497,7.3381,6.5933,7.4612,0.7967,1.3889,1.0,12.2158,-2.6854,-9.8414,-6.7194,10.2012,-0.6185,-1.8372,-1.0,21.9907
146511,4199,6.5862,0.7225,-2.3435,-6.1117,2.4523,-1.6443,-1.2718,1.0,1.0938,-0.1604,-0.107,-1.0714,0.1929,-2.4159,-2.5532,-1.0,1.0312
146511,4200,14.4496,2.5342,-7.7121,-11.9533,8.1178,-1.1794,-1.2533,-1.0,10.712,1.3123,0.0513,-10.6307,1.3133,-2.7881,0.0391,1.0,7.0419
146511,4201,20.614,5.9112,-17.5531,9.0483,18.5217,0.4709,-1.246,1.0,2.5274,1.2377,-0.9692,-1.9761,1.572,-1.052,-0.6643,-1.0,9.5563
146511,4202,2.2466,1.2356,0.3483,1.8407,1.2837,1.1575,0.2747,-1.0,5.9708,2.8838,-0.6217,5.19,2.9501,1.3305,-0.2123,1.0,1.025
146511,4203,2.1047,0.8393,-1.0518,1.615,1.3456,1.0161,-0.8973,-1.0,3.5305,-1.9376,0.5604,2.8956,2.017,1.1585,2.86,1.0,3.1563
146511,4204,1.8716,1.6128,-0.6289,0.7036,1.731,0.396,-0.3718,-1.0,1.9191,0.1547,0.9738,-1.643,0.986,-1.2836,1.4132,1.0,3.2005
146511,4205,4.7675,-0.0411,2.5453,-4.0296,2.5456,-1.2399,1.5869,-1.0,4.8261,0.6945,-1.7446,4.4445,1.8777,1.5967,-1.1919,1.0,9.5287
146511,4206,1.5919,-0.539,-1.4228,0.456,1.5215,0.2954,-1.9329,1.0,4.6357,0.145,-0.3929,4.6155,0.4188,3.095,-1.2172,-1.0,3.1
146511,4207,1.0133,-0.6942,-0.6723,0.2858,0.9664,0.2916,-2.3723,1.0,8.2205,-4.2634,-5.2477,4.6745,6.7612,0.6456,-2.2531,-1.0,1.0171
146511,4208,4.3361,-1.2895,-0.2271,4.1323,1.3093,1.8667,-2.9672,1.0,0.1178,-0.0049,-0.0143,-0.0498,0.0151,-1.9119,-1.8998,-1.0,1.1986
146511,4209,1.6875,1.2718,-0.0655,-1.1022,1.2735,-0.783,-0.0515,-1.0,1.6329,-0.6326,1.4853,0.2209,1.6144,0.1364,1.9734,1.0,2.7971
146511,4210,3.2221,1.2409,1.723,2.4213,2.1233,0.9772,0.9466,1.0,7.9543,-0.968,2.2999,7.552,2.4953,1.8268,1.9692,-1.0,3.0312
146511,4211,11.4577,1.5447,9.5518,6.1355,9.6758,0.5979,1.4105,1.0,8.6538,-7.2989,-4.6458,-0.1407,8.652,-0.0163,-2.5748,-1.0,17.6452
146511,4212,3.2335,1.1045,1.7127,2.5082,2.0379,1.0355,0.998,1.0,0.6134,0.0908,0.0393,-0.5961,0.0989,-2.496,0.4085,-1.0,2.5776
146511,4213,6.382,-2.7122,-1.2926,5.6295,3.0045,1.3857,-2.6968,-1.0,3.2784,2.8869,-0.6637,1.4008,2.9622,0.4568,-0.226,1.0,6.3277
146511,4214,2.9135,-0.1159,1.3963,-2.5523,1.4011,-1.3609,1.6536,1.0,4.7849,1.6499,-1.1603,-4.3376,2.0171,-1.509,-0.6129,-1.0,3.0634
146511,4215,11.1425,-2.1051,3.5238,10.3583,4.1047,1.6559,2.1093,-1.0,7.481,-2.7985,2.7212,6.3811,3.9034,1.2673,2.3702,1.0,1.8926
146511,4216,1.506,-0.5337,-0.1632,1.3948,0.5581,1.6469,-2.8449,-1.0,1.6075,0.519,0.0738,-1.5159,0.5242,-1.7836,0.1413,1.0,3.1098
146511,4217,0.4146,0.3405,0.0595,-0.2031,0.3456,-0.558,0.173,-1.0,0.7454,-0.5577,0.4716,0.1046,0.7304,0.1427,2.4397,1.0,1.0033
146511,4218,59.8943,-1.2289,37.1317,-46.9792,37.1521,-1.0566,1.6039,1.0,33.3537,1.7478,-17.4233,28.3871,17.5108,1.2601,-1.4708,-1.0,89.2235
146511,4219,7.0778,-4.2072,2.1963,-5.2497,4.746,-0.9545,2.6605,-1.0,3.7925,-0.3475,0.2839,-3.7644,0.4487,-2.8237,2.4566,1.0,3.1643
146511,4220,5.314,2.5201,-4.6768,0.0571,5.3126,0.0108,-1.0766,-1.0,3.1256,-0.3568,-0.706,3.022,0.7911,2.0501,-2.0388,1.0,5.3
146511,4221,8.6486,-1.6341,0.8466,-8.4498,1.8404,-2.229,2.6636,1.0,3.6543,-0.3302,1.0578,-3.4807,1.1081,-1.8622,1.8734,-1.0,1.2408
146511,4222,1.5942,0.5906,-0.4951,-1.3916,0.7707,-1.3532,-0.6977,1.0,0.4702,-0.2951,0.2277,-0.2664,0.3727,-0.6647,2.4844,-1.0,1.1636
146511,4223,5.1521,0.7999,0.8231,5.0216,1.1478,2.1819,0.7997,1.0,2.2372,-1.5734,-0.4018,-1.5351,1.6239,-0.8421,-2.8916,-1.0,6.4553
146511,4224,13.2218,-7.0065,9.0498,6.6192,11.4451,0.5502,2.2296,-1.0,1.562,-0.1322,0.7671,1.3501,0.7784,1.3181,1.7414,1.0,2.778
146511,4225,41.6994,-34.7279,-11.587,19.9636,36.6099,0.5214,-2.8196,-1.0,47.1539,37.5213,25.7185,-12.4175,45.4894,-0.2697,0.6009,1.0,87.3526
146511,4226,4.5309,-2.0509,-0.1888,4.0344,2.0596,1.4251,-3.0498,1.0,2.0741,-1.6942,1.1474,0.3222,2.0462,0.1568,2.5463,-1.0,3.1148
146511,4227,3.128,2.139,2.2459,-0.3923,3.1015,-0.1262,0.8098,-1.0,0.9163,-0.6798,-0.1139,0.5944,0.6893,0.7806,-2.9756,1.0,3.105
146511,4228,1.6983,0.6158,0.5554,-1.4782,0.8293,-1.3419,0.7339,1.0,1.4895,-0.8937,-0.7362,0.931,1.1579,0.7358,-2.4525,-1.0,3.1229
146511,4229,22.7292,3.6559,-8.0754,-20.9291,8.8644,-1.5943,-1.1457,1.0,4.9818,2.3762,-0.7551,-4.3117,2.4933,-1.3156,-0.3077,-1.0,4.0544
146511,4230,138.9026,-34.6916,-17.567,-133.3485,38.8858,-1.9461,-2.6729,1.0,22.8711,-20.0588,5.8734,9.2857,20.901,0.4308,2.8567,-1.0,87.4347
146511,4231,2.4154,-1.4796,0.7228,-1.7639,1.6467,-0.9308,2.6872,1.0,16.5553,-8.186,8.4566,-11.6422,11.7697,-0.8737,2.3399,-1.0,1.5739
146511,4232,1.5994,-0.9693,0.0275,1.2676,0.9697,1.0828,3.1132,1.0,2.0844,1.768,1.0828,0.1879,2.0732,0.0905,0.5495,-1.0,3.0954
146511,4233,8.2217,-2.2997,-2.7014,-7.4161,3.5477,-1.4833,-2.276,-1.0,3.9964,-1.368,3.7021,0.6192,3.9468,0.1563,1.9248,1.0,9.4145
146511,4234,8.0414,7.7204,-2.1494,0.6547,8.014,0.0816,-0.2715,1.0,2.56,2.471,-0.4094,-0.5183,2.5047,-0.2055,-0.1642,-1.0,1.3992
146511,4235,11.7785,0.9098,10.6766,-4.8893,10.7153,-0.4418,1.4858,-1.0,1.8261,0.2742,0.3831,-1.7611,0.4711,-2.0292,0.9496,1.0,4.1399
146511,4236,2.0362,-0.5654,-0.7736,1.7935,0.9582,1.3847,-2.2019,1.0,2.7279,-1.8532,1.1137,-1.66,2.1621,-0.7073,2.6005,-1.0,4.0882
146511,4237,19.8202,0.5798,-1.6282,19.7444,1.7283,3.1308,-1.2287,-1.0,11.5725,4.3789,-6.1645,8.7599,7.5614,0.9891,-0.9532,1.0,9.3644
146511,4238,2.0901,1.557,-0.5791,-1.264,1.6612,-0.7018,-0.3561,1.0,14.4197,-10.5487,6.1344,7.6818,12.2027,0.594,2.6149,-1.0,10.9396
146511,4239,13.656,-5.9479,1.4685,12.2041,6.1265,1.4401,2.8995,-1.0,0.9025,0.1863,-0.4426,0.7568,0.4802,1.2363,-1.1724,1.0,3.1168
146511,4240,5.1327,-2.9564,-3.0138,2.9172,4.2218,0.6453,-2.3466,1.0,4.4688,2.2966,1.9389,-3.3053,3.0057,-0.9501,0.7011,-1.0,9.5104
146511,4241,4.8866,4.17,0.3372,-2.5229,4.1836,-0.5714,0.0807,1.0,5.581,-3.9002,-3.9724,-0.3813,5.567,-0.0684,-2.347,-1.0,9.3728
146511,4242,6.845,4.2855,5.2824,-0.757,6.8022,-0.1111,0.8892,1.0,7.1702,4.1821,3.8876,-4.3356,5.7099,-0.7006,0.7489,-1.0,3.8343
146511,4243,1.406,0.4981,-1.1636,0.603,1.2657,0.46,-1.1663,1.0,0.8177,0.1337,0.5873,-0.5428,0.6023,-0.8098,1.3469,-1.0,2.0518
146511,4244,0.8486,-0.3706,-0.7535,-0.0622,0.8397,-0.074,-2.0279,-1.0,5.7423,-1.519,0.0511,5.5365,1.5199,2.0042,3.1079,1.0,3.0673
146511,4245,10.4849,4.6507,-0.357,-9.3897,4.6643,-1.4495,-0.0766,1.0,23.0338,7.168,1.6382,-21.8284,7.3528,-1.8085,0.2247,-1.0,2.7587
146511,4246,5.3195,2.7153,-0.0869,4.5722,2.7167,1.2922,-0.032,-1.0,5.4193,-5.3505,-0.5253,-0.6736,5.3763,-0.125,-3.0437,1.0,9.6334
146511,4247,9.7568,-7.7804,3.4244,4.7878,8.5006,0.537,2.727,1.0,2.4244,-1.748,0.0436,1.676,1.7486,0.8517,3.1166,-1.0,1.9449
146511,4248,28.602,0.2172,18.2246,22.0428,18.2259,1.022,1.5589,1.0,2.0672,-0.5021,0.6944,1.8783,0.8569,1.5263,2.1969,-1.0,3.2217
146511,4249,4.0424,-3.1281,-0.9374,-2.3803,3.2655,-0.6762,-2.8504,-1.0,6.5811,6.0554,2.429,-0.8555,6.5244,-0.1308,0.3815,1.0,9.5704
146511,4250,2.6686,-1.564,2.0932,0.5317,2.613,0.2021,2.2125,1.0,1.8002,-0.5756,-1.6898,-0.2069,1.7851,-0.1156,-1.8991,-1.0,3.8889
146511,4251,11.2828,-7.5637,-4.2357,-7.2208,8.669,-0.7582,-2.6311,-1.0,8.521,-4.815,-3.7011,-5.976,6.0731,-0.87,-2.4862,1.0,1.3444
146511,4252,22.0144,-1.037,6.497,21.008,6.5793,1.8778,1.7291,1.0,8.8234,0.2071,2.4526,8.4725,2.4613,1.9497,1.4866,-1.0,1.0422
146511,4253,4.8073,-2.8306,-0.359,3.8675,2.8533,1.1118,-3.0154,-1.0,2.8214,-1.7648,1.2429,1.8138,2.1585,0.7638,2.528,1.0,2.0052
146511,4254,28.5973,-7.0762,3.1855,-27.5241,7.7601,-1.9785,2.7186,1.0,25.3526,-12.8923,-2.5276,-21.6828,13.1378,-1.2754,-2.948,-1.0,9.4924
146511,4255,1.6559,-0.0501,-0.3486,1.6145,0.3522,2.2276,-1.7136,-1.0,49.4392,1.8639,-16.8917,46.4265,16.9942,1.7301,-1.4609,1.0,1.4995
146511,4256,0.5932,0.1463,-0.3576,0.4376,0.3863,0.9722,-1.1824,-1.0,0.5827,-0.2634,0.1326,-0.4913,0.295,-1.2832,2.6751,1.0,1.147
146511,4257,11.6306,-0.9975,-10.8023,-4.1922,10.8482,-0.3774,-1.6629,-1.0,21.2514,-3.8152,-19.5598,-7.3803,19.9284,-0.3624,-1.7634,1.0,1.5106
146511,4258,34.366,7.8212,14.406,30.2044,16.3922,1.3709,1.0734,1.0,66.7818,-8.7011,2.3957,-66.1691,9.0249,-2.69,2.8729,-1.0,93.0287
146511,4259,1.1835,-1.0885,-0.3606,-0.2733,1.1466,-0.2361,-2.8217,1.0,1.8106,-0.54,-0.8286,-1.5129,0.989,-1.2111,-2.1484,-1.0,1.3069
146511,4260,44.7423,-22.9071,20.1811,-32.7086,30.5289,-0.931,2.4194,-1.0,45.5117,26.8963,-17.7386,32.144,32.2191,0.8797,-0.583,1.0,90.131
146511,4261,40.163,20.5291,-4.1998,-34.2633,20.9543,-1.2675,-0.2018,1.0,55.7709,-9.3531,36.0786,41.4877,37.2713,0.9591,1.8245,-1.0,89.4983
146511,4262,1.3713,0.8509,0.9063,0.5692,1.2431,0.4433,0.8169,-1.0,3.2987,-1.2772,-2.0383,-2.2548,2.4054,-0.8364,-2.1305,1.0,4.1838
146511,4263,5.048,0.5672,4.9646,0.7083,4.9969,0.1413,1.457,1.0,4.4606,-0.6562,-4.3917,-0.4105,4.4404,-0.0923,-1.7191,-1.0,9.4862
146511,4264,3.5833,0.8933,-1.8973,2.9036,2.0971,1.129,-1.1308,1.0,1.9722,-0.7024,0.8675,1.6225,1.1162,1.1687,2.2514,-1.0,3.0465
146511,4265,0.8189,0.0359,-0.7046,0.4021,0.7055,0.5429,-1.5198,1.0,0.5169,0.3952,0.2263,-0.2206,0.4554,-0.4673,0.5202,-1.0,1.1562
146511,4266,0.1227,0.0554,0.0279,-0.0064,0.062,-0.1037,0.4661,1.0,10.9942,2.6732,6.131,-8.725,6.6884,-1.0812,1.1596,-1.0,1.4034
146511,4267,8.9374,-0.9234,1.4502,8.7699,1.7192,2.3321,2.1378,1.0,4.6946,0.8626,-4.5731,0.6088,4.6537,0.1305,-1.3844,-1.0,9.3869
146511,4268,5.6144,-1.2286,-4.7864,2.663,4.9415,0.5157,-1.8221,-1.0,6.706,5.0166,2.4465,3.7159,5.5814,0.6244,0.4537,1.0,9.554
146511,4269,6.5975,2.9343,2.3468,5.4221,3.7573,1.1628,0.6746,1.0,5.0359,-2.966,-4.0038,0.7222,4.9827,0.1444,-2.2084,-1.0,9.7384
146511,4270,40.9882,-29.4911,11.2699,-26.1397,31.5711,-0.7544,2.7766,-1.0,56.713,35.8802,-24.3197,36.5722,43.3455,0.7665,-0.5957,1.0,96.0498
146511,4271,18.3678,-0.4882,5.6,17.4861,5.6212,1.8529,1.6578,1.0,42.5871,7.97,5.7209,41.4415,9.8107,2.1477,0.6226,-1.0,7.6737
146511,4272,3.8784,0.3063,3.5588,-1.5073,3.572,-0.4104,1.4849,1.0,16.611,-5.1755,-0.8359,-15.7617,5.2425,-1.8205,-2.9815,-1.0,9.5118
146511,4273,6.0881,-5.069,-0.6547,-3.3061,5.1111,-0.6086,-3.0131,1.0,15.7046,0.1989,0.1603,-15.7021,0.2554,-4.8118,0.6784,-1.0,9.4681
146511,4274,9.1228,3.2233,2.2155,-8.2412,3.9112,-1.4905,0.6022,1.0,18.4093,0.7548,2.2091,-18.2604,2.3345,-2.7541,1.2415,-1.0,4.5037
146511,4275,2.4883,2.4621,-0.1561,0.3066,2.4671,0.1239,-0.0633,-1.0,1.9507,-0.6886,-0.686,-1.688,0.972,-1.3193,-2.3581,1.0,3.7339
146511,4276,3.4189,0.784,-1.1699,-3.1136,1.4083,-1.5341,-0.9804,1.0,5.3118,-0.578,-2.8841,-4.4217,2.9414,-1.1966,-1.7686,-1.0,1.7223
146511,4277,11.8502,7.7082,0.4007,-8.991,7.7186,-0.9933,0.0519,1.0,5.7304,-2.8892,-0.6465,-4.9052,2.9606,-1.2787,-2.9214,-1.0,9.6275
146511,4278,15.8143,-5.5073,4.5908,14.0952,7.1698,1.4283,2.4467,1.0,11.8499,10.0637,-3.6401,5.0874,10.7018,0.4591,-0.3471,-1.0,19.3823
146511,4279,0.8921,0.8136,-0.223,-0.2701,0.8436,-0.3149,-0.2675,1.0,3.4172,-1.5713,2.9212,-0.8148,3.317,-0.2432,2.0643,-1.0,3.0885
146511,4280,1.2517,0.4739,-0.3479,1.1,0.5878,1.3845,-0.6332,-1.0,1.3474,-1.0882,0.5705,-0.5427,1.2287,-0.4285,2.6588,1.0,2.4531
146511,4281,0.994,-0.6877,-0.4752,0.5275,0.8359,0.5953,-2.5369,1.0,1.5532,0.2156,1.0534,1.1159,1.0753,0.9079,1.3689,-1.0,1.7974
146511,4282,0.533,0.3673,0.1211,-0.3512,0.3868,-0.8148,0.3183,-1.0,16.7044,-4.4667,1.5778,-16.0183,4.7371,-1.9326,2.802,1.0,3.0786
146511,4283,0.9063,0.0878,0.1952,-0.8743,0.2141,-2.1149,1.1482,1.0,4.4434,-1.7391,2.1588,-3.471,2.7722,-1.0489,2.2489,-1.0,1.2122
146511,4284,46.1523,42.2942,17.2537,6.5979,45.6781,0.1439,0.3873,-1.0,44.7546,-41.3925,-16.3757,-4.6325,44.5141,-0.1039,-2.7649,1.0,90.8769
146511,4285,21.6234,-12.0064,-15.2517,-9.5284,19.4105,-0.473,-2.2377,1.0,16.5388,8.0827,14.3225,1.7482,16.4458,0.1061,1.057,-1.0,37.1424
146511,4286,46.6161,28.2001,30.5146,21.1344,41.5498,0.4889,0.8248,-1.0,46.5437,-28.2912,-30.5403,-20.8135,41.6305,-0.4812,-2.318,1.0,93.1592
146511,4287,0.4782,0.0182,-0.0,0.4661,0.0182,3.9351,-0.0026,-1.0,1.006,0.4929,-0.8552,-0.1632,0.9871,-0.1646,-1.048,1.0,1.0577
146511,4288,70.4967,8.591,-28.8405,-63.751,30.0929,-1.4954,-1.2813,-1.0,37.7605,17.5256,32.4644,8.0475,36.8929,0.2164,1.0758,1.0,89.003
146511,4289,1.7029,1.0262,0.6472,1.1902,1.2133,0.8679,0.5627,-1.0,3.094,-0.539,2.9547,-0.7356,3.0035,-0.2425,1.7512,1.0,3.0971
146511,4290,0.2947,-0.2705,-0.0134,0.0483,0.2709,0.1775,-3.0921,1.0,2.5303,1.1111,-1.2495,-1.8961,1.6721,-0.973,-0.844,-1.0,1.5049
146511,4291,29.4219,-7.1112,2.4433,-28.4446,7.5192,-2.0407,2.8106,-1.0,48.4305,-11.3226,5.2489,-46.7948,12.4801,-2.0321,2.7075,1.0,1.0256
146511,4292,0.5428,-0.3128,0.3758,-0.2107,0.489,-0.4186,2.2649,-1.0,0.5882,0.2983,-0.4254,0.2546,0.5196,0.4722,-0.9592,1.0,1.129
146511,4293,3.671,-0.2494,-0.0635,-3.6605,0.2573,-3.3494,-2.8924,-1.0,2.4899,0.311,-2.2077,-1.1035,2.2295,-0.4767,-1.4309,1.0,3.1779
146511,4294,15.7256,7.2305,-2.539,13.7316,7.6633,1.3465,-0.3377,-1.0,10.0638,-2.8736,-2.1424,9.4033,3.5843,1.6921,-2.501,1.0,9.4326
146511,4295,3.0754,1.1728,2.5359,1.281,2.7939,0.4438,1.1376,1.0,0.7525,0.415,-0.4732,0.3987,0.6294,0.5973,-0.8508,-1.0,2.2485
146511,4296,3.4267,-1.6556,1.236,-2.7317,2.0661,-1.0919,2.5003,1.0,4.5936,-2.9489,0.2533,-3.5114,2.9597,-1.0072,3.0559,-1.0,1.389
146511,4297,2.3331,-0.5724,1.8724,1.2644,1.9579,0.6077,1.8675,-1.0,1.585,0.7812,-1.0528,0.8845,1.311,0.6318,-0.9324,1.0,3.1652
146511,4298,1.7606,-1.7093,0.067,-0.403,1.7106,-0.2335,3.1024,1.0,0.5683,-0.2863,-0.342,0.3359,0.446,0.6956,-2.2677,-1.0,1.1667
146511,4299,9.3448,-4.6895,-0.8896,8.0331,4.7732,1.2922,-2.9541,-1.0,4.8703,-0.7781,0.9669,4.7084,1.2411,2.0434,2.2484,1.0,3.1343
146511,4300,1.6978,-0.0727,-0.7502,-1.5176,0.7537,-1.4497,-1.6674,1.0,3.0112,0.4078,-2.9807,-0.0733,3.0085,-0.0244,-1.4348,-1.0,2.3689
146511,4301,1.5709,-0.4735,1.0644,-1.0486,1.1649,-0.809,1.9893,-1.0,1.4762,0.5478,-0.904,1.025,1.057,0.8598,-1.026,1.0,3.0418
146511,4302,62.633,-47.9964,33.144,-22.8189,58.3282,-0.3819,2.5372,-1.0,32.1769,29.1087,-13.3439,-3.1566,32.0215,-0.0984,-0.4298,1.0,86.9793
146511,4303,4.1006,2.827,-0.9403,2.8157,2.9793,0.842,-0.3211,-1.0,2.1122,-0.6036,1.0395,1.7336,1.2021,1.1622,2.0969,1.0,3.5987
146511,4304,15.6932,-12.7414,-2.7465,8.7396,13.034,0.6283,-2.9293,-1.0,6.7028,-3.4143,-1.7669,5.4898,3.8443,1.1542,-2.664,1.0,4.2111
146511,4305,2.2237,0.7806,1.5668,-1.3673,1.7505,-0.7179,1.1086,-1.0,2.499,-1.3269,-1.2033,1.7393,1.7912,0.8607,-2.405,1.0,4.6621
146511,4306,1.2561,0.1984,0.4702,1.1429,0.5104,1.5458,1.1716,-1.0,1.9882,-0.619,-0.6822,-1.7588,0.9212,-1.4023,-2.3076,1.0,3.1503
146511,4307,2.4695,-0.3048,-0.5965,2.3745,0.6698,1.978,-2.0432,-1.0,2.4293,0.7414,0.2291,-2.2996,0.776,-1.8068,0.2997,1.0,4.8649
146511,4308,46.9215,-46.5712,-0.056,-5.7213,46.5713,-0.1225,-3.1404,1.0,48.7706,46.8791,-13.4396,-0.5374,48.7676,-0.011,-0.2792,-1.0,94.5282
146511,4309,4.0895,3.743,0.8997,-1.376,3.8496,-0.3502,0.2359,-1.0,1.6941,0.9097,0.6154,1.2854,1.0983,0.9969,0.5948,1.0,3.0819
146511,4310,1.4122,-0.7009,0.9756,0.735,1.2012,0.5789,2.1938,1.0,1.7204,0.8925,0.9026,1.1564,1.2694,0.817,0.791,-1.0,1.6345
146511,4311,3.9198,3.1313,-1.9371,1.3402,3.6821,0.3564,-0.554,1.0,7.3408,-2.2132,-0.1392,-6.9971,2.2175,-1.8665,-3.0788,-1.0,9.4683
146511,4312,3.7224,1.8458,0.3038,3.2165,1.8706,1.3107,0.1631,1.0,0.5444,0.2107,0.4731,0.1304,0.5178,0.2492,1.1519,-1.0,1.4735
146511,4313,12.9181,8.6642,9.0159,3.242,12.5042,0.2565,0.8053,-1.0,11.9825,9.607,0.4653,7.1455,9.6183,0.6875,0.0484,1.0,9.4025
146511,4314,0.3481,-0.201,-0.0581,-0.2573,0.2092,-1.035,-2.86,-1.0,3.2977,-0.5475,3.1923,0.6111,3.2389,0.1876,1.7407,1.0,1.6684
146511,4315,5.2746,3.0007,-1.1485,-4.1817,3.213,-1.0794,-0.3655,-1.0,3.1449,-0.3029,0.414,-3.101,0.513,-2.4992,2.2024,1.0,3.1674
146511,4316,44.3427,-4.2824,21.5816,-38.4988,22.0024,-1.3258,1.7667,-1.0,44.8897,9.2604,-23.6595,37.0074,25.4072,1.1704,-1.1977,1.0,89.0567
146511,4317,5.2207,3.3268,-1.4013,3.7701,3.6099,0.9124,-0.3987,1.0,9.4139,-2.048,7.321,5.5514,7.6021,0.6773,1.8436,-1.0,9.5186
146511,4318,5.051,4.5534,1.3457,-1.7196,4.7481,-0.3547,0.2874,-1.0,5.3836,-3.3994,-3.7451,-1.8413,5.0578,-0.3564,-2.3078,1.0,9.4399
146511,4319,2.5087,-0.282,-2.4892,0.0824,2.5051,0.0329,-1.6836,-1.0,4.9271,-1.7211,-4.5464,0.7954,4.8613,0.1629,-1.9327,1.0,1.0038
146511,4320,6.6792,-4.9335,0.9347,-4.4031,5.0212,-0.7916,2.9544,1.0,15.3392,2.459,3.0611,-14.8278,3.9264,-2.039,0.894,-1.0,9.6381
146511,4321,2.388,-0.7767,0.4811,2.2038,0.9136,1.6141,2.587,-1.0,7.9993,-3.3811,-3.8458,6.1446,5.1208,1.0159,-2.292,1.0,3.0972
146511,4322,1.9962,-1.7742,-0.6812,-0.6017,1.9005,-0.3115,-2.775,-1.0,2.9024,0.7612,-1.8617,-2.0898,2.0113,-0.9087,-1.1826,1.0,3.043
146511,4323,28.4652,4.7573,20.6875,18.9645,21.2274,0.804,1.3448,1.0,16.0815,-1.5112,-15.3684,4.4868,15.4426,0.2866,-1.6688,-1.0,37.358
146511,4324,2.2608,0.3438,-0.3896,2.1977,0.5196,2.149,-0.8477,1.0,25.9568,6.0713,-0.7151,25.2264,6.1133,2.1249,-0.1172,-1.0,1.332
146511,4325,15.2264,6.7555,-2.0803,-13.4858,7.0685,-1.4017,-0.2987,-1.0,4.6885,1.6499,0.9583,-4.2814,1.908,-1.5477,0.5262,1.0,3.0031
146511,4326,12.9254,-3.3128,-0.1454,-12.4924,3.316,-2.0367,-3.0977,-1.0,14.3668,-4.7645,0.2271,-13.5515,4.7699,-1.7669,3.094,1.0,1.1554
146511,4327,1.5322,1.3563,-0.1822,-0.681,1.3685,-0.4791,-0.1336,-1.0,1.5673,-1.3058,0.1008,0.8544,1.3097,0.6132,3.0646,1.0,3.0932
146511,4328,10.1188,-1.8936,-0.0887,9.939,1.8956,2.359,-3.0948,-1.0,20.0508,2.4108,11.1971,16.4571,11.4536,1.1592,1.3587,1.0,9.4752
146511,4329,28.2388,15.3618,-7.6775,22.4163,17.1735,1.0817,-0.4635,1.0,78.4173,-1.0438,11.5572,-77.5539,11.6042,-2.5983,1.6609,-1.0,90.085
146511,4330,14.3274,-13.429,4.5687,2.0131,14.1849,0.1414,2.8137,1.0,2.4481,-2.0882,0.9523,0.8454,2.2951,0.3605,2.7137,-1.0,1.408
146511,4331,41.4302,-12.8674,-17.1083,-35.4709,21.4071,-1.2788,-2.2156,-1.0,47.9079,20.6938,14.9138,40.5525,25.5079,1.2436,0.6245,1.0,88.8223
146511,4332,1.7797,-0.8662,0.3364,-1.5141,0.9292,-1.2645,2.7711,-1.0,8.2194,-5.602,0.6674,-5.9766,5.6416,-0.9227,3.023,1.0,1.0126
146511,4333,10.6459,-9.2674,-4.9413,-1.7385,10.5024,-0.1648,-2.6517,-1.0,10.8018,8.9488,5.2009,3.088,10.3504,0.2941,0.5265,1.0,21.4012
146511,4334,3.3771,2.5927,-0.3553,-2.1319,2.617,-0.7441,-0.1362,1.0,8.4325,-5.5115,6.3805,0.0833,8.4314,0.0099,2.2833,-1.0,9.5103
146511,4335,35.0262,-0.2252,-8.6938,-33.9292,8.6967,-2.0705,-1.5967,1.0,10.8288,0.6,-3.5273,-10.22,3.578,-1.772,-1.4023,-1.0,2.0067
146511,4336,1.4854,-0.8226,-1.1412,-0.4647,1.4068,-0.3246,-2.1954,1.0,3.5885,3.1208,0.5872,-1.668,3.1755,-0.5037,0.186,-1.0,3.9506
146511,4337,1.8092,1.4244,0.8521,-0.7122,1.6598,-0.4169,0.5391,1.0,8.1642,7.3974,1.878,-2.8974,7.6321,-0.3711,0.2486,-1.0,1.0786
146511,4338,6.5194,2.6348,2.0041,-5.6154,3.3104,-1.299,0.6503,-1.0,19.7166,2.2699,1.6566,-19.515,2.8101,-2.6363,0.6305,1.0,4.3968
146511,4339,3.319,0.3686,-0.5546,-3.2498,0.6659,-2.2887,-0.9842,1.0,6.8911,0.9085,0.9239,6.7673,1.2958,2.3552,0.7939,-1.0,9.4925
146511,4340,11.4987,-4.0394,10.3411,2.9922,11.1021,0.2664,1.9432,-1.0,0.3189,-0.1688,0.1741,0.1781,0.2425,0.6806,2.3405,1.0,1.1511
146511,4341,0.532,0.3531,0.3275,0.1997,0.4816,0.4036,0.7478,1.0,2.7662,1.6486,-2.2098,-0.1981,2.7571,-0.0718,-0.9298,-1.0,1.8242
146511,4342,17.8743,2.5045,6.3799,16.5077,6.8539,1.6127,1.1967,1.0,0.8063,0.6609,0.1623,0.4193,0.6805,0.5827,0.2409,-1.0,3.1016
146511,4343,1.1424,-0.6004,0.9572,-0.1303,1.13,-0.1151,2.131,1.0,1.4693,-0.4473,0.3074,1.3613,0.5427,1.6503,2.5395,-1.0,1.6151
146511,4344,4.288,2.7177,-0.926,3.1831,2.8711,0.9562,-0.3284,1.0,1.4219,0.6709,-1.1534,-0.4798,1.3344,-0.3522,-1.044,-1.0,3.0804
146511,4345,43.7669,8.0198,-41.7784,10.2845,42.5412,0.2395,-1.3811,1.0,46.7382,-13.6599,39.5375,-20.848,41.8307,-0.4798,1.9035,-1.0,89.6813
146511,4346,5.1976,0.0308,-4.3009,-2.9163,4.301,-0.6346,-1.5636,1.0,5.5982,-1.2076,5.012,-2.1796,5.1554,-0.4111,1.8072,-1.0,9.4175
146511,4347,93.4511,-2.6976,1.4289,-93.4011,3.0527,-4.1143,2.6545,-1.0,28.0266,19.8955,-10.1156,16.9505,22.3195,0.7007,-0.4704,1.0,92.4169
146511,4348,4.951,-0.1081,-0.8405,-4.8768,0.8474,-2.4507,-1.6987,1.0,0.8962,-0.0272,-0.5712,-0.682,0.5718,-1.0112,-1.6185,-1.0,1.1311
146511,4349,20.1349,-16.0747,6.9687,9.9219,17.5203,0.5397,2.7325,1.0,1.4252,-0.09,-0.7801,-1.1847,0.7852,-1.1996,-1.6856,-1.0,9.4289
146511,4350,0.9356,-0.0898,0.7724,-0.5094,0.7776,-0.6155,1.6866,1.0,0.7076,-0.062,-0.6811,0.1474,0.6839,0.2139,-1.6616,-1.0,1.5929
146511,4351,15.1781,-2.0791,6.2609,-13.6691,6.5971,-1.4754,1.8914,1.0,14.1702,-4.0412,6.5828,-11.8793,7.7242,-1.2156,2.1214,-1.0,2.487
146511,4352,2.1963,-0.2561,-0.4719,-2.127,0.5369,-2.0853,-2.0679,-1.0,1.6426,1.2448,1.0578,0.1357,1.6335,0.083,0.7044,1.0,3.0742
146511,4353,0.461,0.3442,-0.2725,0.0927,0.439,0.2097,-0.6698,-1.0,3.1233,-0.9426,-1.7451,2.4103,1.9834,1.0257,-2.066,1.0,1.4671
146511,4354,42.3804,-39.4011,-4.3925,-14.9783,39.6452,-0.3694,-3.0306,-1.0,56.6924,41.792,-13.172,35.9714,43.8187,0.7489,-0.3053,1.0,95.1866
146511,4355,1.7496,-0.1798,-0.7369,1.5731,0.7585,1.4762,-1.8101,-1.0,2.0412,0.8396,1.8507,0.1595,2.0322,0.0784,1.1449,1.0,3.1133
146511,4356,51.1645,-50.737,6.3912,1.643,51.138,0.0321,3.0163,-1.0,40.6235,37.1293,-12.7535,10.4414,39.2586,0.2629,-0.3309,1.0,89.7405
146511,4357,1.4309,0.7152,1.0377,0.6695,1.2603,0.509,0.9673,1.0,1.79,0.5256,-0.1684,1.6995,0.5519,1.8432,-0.31,-1.0,1.5707
146511,4358,8.7662,3.6945,1.132,7.8679,3.864,1.4597,0.2973,1.0,4.5968,0.0478,1.7854,4.2343,1.786,1.5981,1.544,-1.0,3.0966
146511,4359,2.7791,-1.5205,2.2627,-0.5293,2.7261,-0.193,2.1625,1.0,2.0519,-1.8672,-0.7994,0.271,2.0311,0.133,-2.7371,-1.0,3.1069
146511,4360,0.2406,0.0159,0.1034,0.1892,0.1046,1.3545,1.418,1.0,1.2087,-0.0363,-0.5002,-1.0946,0.5015,-1.5225,-1.6433,-1.0,1.0597
146511,4361,6.6456,-0.7897,-1.0487,6.5138,1.3127,2.305,-2.2162,1.0,10.9913,-1.6537,-3.0528,10.428,3.472,1.8195,-2.0672,-1.0,1.1152
146511,4362,3.6828,1.4556,-3.1582,-1.208,3.4775,-0.3407,-1.1389,-1.0,1.4231,-0.1364,-0.7177,1.2167,0.7306,1.2831,-1.7586,1.0,3.0509
146511,4363,43.6808,37.402,0.7895,22.5492,37.4104,0.5712,0.0211,1.0,46.0186,-42.823,-1.0892,-16.8138,42.8368,-0.3831,-3.1162,-1.0,89.351
146511,4364,2.8313,1.1299,-0.6658,-2.507,1.3114,-1.4034,-0.5325,-1.0,1.4121,-1.2074,-0.7232,0.0437,1.4074,0.031,-2.6019,1.0,3.1627
146511,4365,9.9336,1.4695,1.1701,9.7538,1.8784,2.3495,0.6724,1.0,10.9573,3.0601,1.342,10.4348,3.3415,1.8566,0.4133,-1.0,1.4213
146511,4366,5.503,-3.3379,0.1786,-4.3702,3.3427,-1.0829,3.0881,-1.0,0.6832,-0.1588,0.6501,-0.0879,0.6692,-0.131,1.8103,1.0,2.3411
146511,4367,2.4955,-1.4066,-0.0886,2.0566,1.4094,1.1719,-3.0787,-1.0,0.9674,0.6317,0.1583,-0.7075,0.6513,-0.9411,0.2455,1.0,3.0929
146511,4368,8.3494,-2.3869,-2.011,-7.7434,3.1211,-1.6401,-2.4415,1.0,13.73,4.361,-8.3985,9.9472,9.4633,0.9171,-1.0919,-1.0,19.2454
146511,4369,10.8682,-2.6993,-2.9506,10.1051,3.9991,1.6572,-2.3117,1.0,11.5185,-3.3595,1.6774,10.8887,3.755,1.7863,2.6785,-1.0,4.7
146511,4370,7.3883,6.3871,-3.284,1.731,7.1819,0.2387,-0.4749,-1.0,0.6877,0.097,0.5801,0.3403,0.5882,0.5503,1.4051,1.0,3.4025
146511,4371,0.88,0.5775,-0.4981,0.4262,0.7626,0.5332,-0.7117,-1.0,0.6056,-0.5934,-0.0051,-0.0586,0.5934,-0.0986,-3.1331,1.0,1.3485
146511,4372,2.9792,-2.7545,0.7928,-0.8052,2.8663,-0.2774,2.8614,1.0,3.6527,2.6211,-1.7671,-1.8271,3.1611,-0.5499,-0.5932,-1.0,6.0071
146511,4373,4.9314,-3.3914,-3.5032,-0.7303,4.8759,-0.1492,-2.34,1.0,5.0547,3.0723,3.6424,1.6829,4.7651,0.3462,0.8701,-1.0,9.9344
146511,4374,4.0473,2.6956,2.7769,-1.1797,3.8701,-0.3003,0.8003,1.0,3.2211,-0.2889,2.3636,-2.1667,2.3811,-0.8162,1.6924,-1.0,3.0683
146511,4375,2.1043,1.8792,-0.8998,0.2759,2.0835,0.132,-0.4466,-1.0,2.4121,0.2843,-2.0499,-1.2345,2.0695,-0.5658,-1.433,1.0,2.4693
146511,4376,4.224,3.5569,-2.0346,1.0196,4.0977,0.2463,-0.5196,-1.0,4.2035,4.1261,0.423,-0.6741,4.1477,-0.1618,0.1022,1.0,3.0458
146511,4377,11.0889,0.3617,3.3857,-10.5527,3.405,-1.8494,1.4644,-1.0,7.6781,-1.8698,-7.367,1.0833,7.6006,0.142,-1.8194,1.0,15.6335
146511,4378,52.5167,-14.8131,-25.9282,-43.2006,29.8614,-1.1648,-2.0899,-1.0,49.0075,40.0038,28.2271,2.1586,48.9599,0.0441,0.6145,1.0,89.3469
146511,4379,6.9237,2.0949,-5.7612,3.2165,6.1302,0.5032,-1.222,1.0,4.0605,4.04,0.3472,0.1853,4.0549,0.0457,0.0857,-1.0,6.4908
146511,4380,4.1869,-3.1762,2.2075,1.5994,3.868,0.4025,2.5342,1.0,30.1018,2.0172,7.4913,29.0846,7.7581,2.0319,1.3078,-1.0,11.7813
146511,4381,12.8405,5.5132,0.5439,-11.5834,5.54,-1.4836,0.0983,1.0,3.3523,2.1266,0.3272,-2.5685,2.1516,-1.012,0.1527,-1.0,1.6743
146511,4382,17.294,-8.4174,0.9874,15.0745,8.4751,1.34,3.0248,-1.0,7.6904,-3.7973,1.3754,6.5436,4.0387,1.2596,2.7941,1.0,1.445
146511,4383,6.8544,0.0879,-2.8296,-6.2416,2.8309,-1.5316,-1.5397,-1.0,3.5508,0.7802,-1.8981,-2.8957,2.0522,-1.1444,-1.1808,1.0,1.2932
146511,4384,5.5729,5.1232,-1.1724,1.8505,5.2557,0.3452,-0.225,-1.0,4.3158,-3.3939,-0.613,-2.5923,3.4488,-0.6945,-2.9629,1.0,9.5424
146511,4385,50.9321,36.3867,33.8596,-11.1181,49.7037,-0.2219,0.7494,1.0,40.2278,-28.7029,-26.9592,8.2228,39.3783,0.2073,-2.3875,-1.0,90.5268
146511,4386,1.633,0.3692,-0.5896,1.4736,0.6956,1.4953,-1.0113,-1.0,10.0103,3.8561,-1.2412,9.1534,4.051,1.554,-0.3114,1.0,1.1947
146511,4387,7.8035,1.6008,1.7119,7.4425,2.3437,1.8725,0.8189,1.0,8.505,2.5352,1.0171,8.0537,2.7316,1.802,0.3815,-1.0,1.1322
146511,4388,1.8108,-0.3968,0.8346,1.5536,0.9241,1.2913,2.0147,1.0,1.407,0.7403,-1.0014,-0.6463,1.2453,-0.4982,-0.9342,-1.0,3.0635
146511,4389,1.8815,-0.4459,1.8226,-0.091,1.8763,-0.0485,1.8107,-1.0,1.3217,0.052,-1.2284,0.4732,1.2295,0.376,-1.5285,1.0,3.0994
146511,4390,16.2843,-0.0492,4.6537,-15.6048,4.6539,-1.9245,1.5814,1.0,11.682,-1.1583,3.3571,-11.1286,3.5513,-1.8599,1.903,-1.0,1.3455
146511,4391,6.3651,1.9582,-2.357,5.578,3.0643,1.3603,-0.8776,1.0,9.4158,5.3573,-7.4092,-2.2473,9.1431,-0.2434,-0.9448,-1.0,9.4367
146511,4392,1.1057,0.5593,-0.5914,0.7409,0.814,0.8164,-0.8133,1.0,0.6382,-0.5535,0.2246,-0.1986,0.5973,-0.3266,2.7561,-1.0,1.6164
146511,4393,3.1247,0.0789,1.2518,2.86,1.2543,1.5623,1.5078,1.0,0.9943,-0.8728,-0.2845,-0.3671,0.918,-0.39,-2.8265,-1.0,3.0308
146511,4394,17.876,3.694,15.4408,8.2145,15.8765,0.4967,1.336,-1.0,0.6204,-0.0636,0.5937,0.1313,0.5971,0.2182,1.6775,1.0,1.4769
146511,4395,15.6678,-0.2136,8.1581,13.3742,8.1609,1.2694,1.597,-1.0,2.4721,0.2338,1.8238,1.6491,1.8387,0.8065,1.4433,1.0,1.9289
146511,4396,4.8073,-1.3973,-0.1052,-4.5974,1.4013,-1.9037,-3.0665,1.0,32.4687,-6.4092,10.0048,-30.2164,11.8817,-1.6631,2.1405,-1.0,4.3081
146511,4397,9.3854,-5.0774,-0.9333,-7.8373,5.1625,-1.2048,-2.9598,-1.0,7.0714,3.2742,3.2847,-5.3371,4.6379,-0.9841,0.787,1.0,9.4065
146511,4398,7.2197,0.3608,2.5305,-6.7513,2.5561,-1.6985,1.4292,-1.0,11.2741,-1.1205,4.0691,-10.4538,4.2205,-1.6386,1.8395,1.0,1.3698
146511,4399,4.8832,1.5716,1.0962,-4.4903,1.9161,-1.5875,0.609,1.0,5.682,-0.8749,3.6699,4.2475,3.7727,0.9676,1.8048,-1.0,9.4003
146511,4400,5.866,-0.9985,2.9845,-4.9493,3.1471,-1.2344,1.8937,-1.0,4.8237,-2.2183,-4.0791,1.3027,4.6432,0.277,-2.0689,1.0,9.4565
146511,4401,7.4703,3.0785,-0.4886,-6.7881,3.1171,-1.5204,-0.1574,-1.0,10.9925,1.0569,-0.2374,-10.9385,1.0832,-3.008,-0.2209,1.0,3.0025
146511,4402,13.5905,-7.308,-2.0341,11.2759,7.5859,1.1872,-2.8701,1.0,4.5054,-1.7192,-0.9688,4.0488,1.9734,1.4665,-2.6284,-1.0,1.451
146511,4403,2.9932,-1.3753,-1.7362,2.0105,2.2149,0.8146,-2.2407,1.0,1.9957,-0.0904,-1.502,1.3067,1.5047,0.7852,-1.6309,-1.0,1.1184
146511,4404,0.6241,-0.0914,0.4594,0.3987,0.4684,0.7721,1.7672,1.0,1.1469,0.2195,0.0534,-1.1194,0.2259,-2.3036,0.2388,-1.0,1.5288
146511,4405,1.8354,1.2659,0.0326,-1.3244,1.2663,-0.9134,0.0258,-1.0,1.2743,-0.9945,-0.0407,0.7887,0.9953,0.7267,-3.1006,1.0,3.0511
146511,4406,45.9575,-36.827,-26.8456,5.9301,45.5732,0.1298,-2.5117,1.0,45.9776,36.6675,27.1115,-5.8645,45.602,-0.1282,0.6367,-1.0,91.9346
146511,4407,2.3894,-0.3213,0.6797,2.2656,0.7518,1.8227,2.0124,1.0,4.7374,0.5431,0.3753,-4.69,0.6601,-2.6588,0.6046,-1.0,6.6145
146511,4408,45.3133,-21.2314,37.1383,-14.9418,42.7788,-0.3425,2.0901,-1.0,42.4835,18.4562,-36.7315,10.7238,41.1076,0.258,-1.1052,1.0,87.6505
146511,4409,0.6077,-0.235,-0.0856,0.5437,0.2501,1.5189,-2.7921,-1.0,1.9583,0.386,0.4722,-1.8579,0.6099,-1.8329,0.8855,1.0,2.1645
146511,4410,4.419,-0.2647,4.3876,0.4426,4.3956,0.1005,1.6311,-1.0,1.1342,-0.6135,0.8588,0.4018,1.0554,0.3721,2.1911,1.0,1.353
146511,4411,6.6325,-0.6515,-1.0136,-6.5213,1.2049,-2.3902,-2.142,-1.0,7.3851,-3.452,-1.8261,-6.2671,3.9053,-1.2515,-2.655,1.0,2.8366
146511,4412,0.4502,-0.3341,-0.2689,0.0869,0.4289,0.2012,-2.4638,1.0,6.5415,6.3794,-1.2211,-0.7698,6.4952,-0.1182,-0.1891,-1.0,3.1066
146511,4413,19.363,0.7751,-13.8313,-13.5281,13.853,-0.8647,-1.5148,1.0,4.7069,-0.2386,-4.0752,-2.3408,4.0822,-0.5459,-1.6293,-1.0,2.5704
146511,4414,6.4472,2.0068,1.0276,6.0392,2.2545,1.7116,0.4732,1.0,1.4698,-0.0311,0.1711,1.4556,0.1739,2.8214,1.7505,-1.0,1.0797
146511,4415,4.4301,3.3525,2.7284,-0.9648,4.3225,-0.2214,0.6831,1.0,5.6544,-3.7745,-3.4718,-2.3793,5.1284,-0.4487,-2.3979,-1.0,9.4754
146511,4416,5.8278,-2.8223,0.5483,-5.0682,2.8751,-1.3322,2.9497,1.0,3.9276,-1.0238,0.9727,-3.6635,1.4122,-1.6817,2.3818,-1.0,1.3498
146511,4417,9.7717,1.1167,-6.5046,7.2054,6.5998,0.9448,-1.4008,1.0,7.4093,1.7612,-5.0084,5.1674,5.309,0.8624,-1.2327,-1.0,1.1276
146511,4418,1.185,-0.7604,-0.3793,0.8191,0.8498,0.8556,-2.6789,1.0,0.7566,0.281,0.3508,-0.5994,0.4494,-1.0988,0.8955,-1.0,1.8683
146511,4419,3.5584,-1.5302,1.3843,2.8972,2.0634,1.1403,2.4062,-1.0,7.9091,-4.7056,0.36,6.3459,4.7194,1.1054,3.0652,1.0,2.0354
146511,4420,0.6215,0.5366,0.2629,0.1344,0.5975,0.2231,0.4556,1.0,0.8445,-0.7358,-0.374,0.1435,0.8254,0.173,-2.6713,-1.0,1.4212
146511,4421,8.8468,-4.5868,-7.5166,0.8464,8.8055,0.096,-2.1187,-1.0,0.8545,-0.6259,-0.5311,0.2126,0.8209,0.2562,-2.438,1.0,1.0276
146511,4422,1.3607,0.5545,1.1708,-0.4027,1.2955,-0.306,1.1285,-1.0,2.2249,0.0667,-0.9777,1.9946,0.9799,1.4594,-1.5026,1.0,3.1462
146511,4423,16.3656,11.4236,-8.52,-8.0457,14.251,-0.5382,-0.6408,1.0,3.4474,2.7259,-1.5867,-1.3875,3.154,-0.4268,-0.5272,-1.0,1.1027
146511,4424,2.8345,-0.321,-1.6621,-2.271,1.6928,-1.1035,-1.7616,-1.0,2.1027,-0.2683,-1.9014,0.8502,1.9202,0.4294,-1.711,1.0,3.0514
146511,4425,0.6664,-0.5696,-0.3119,-0.1062,0.6494,-0.1629,-2.6407,1.0,0.5444,0.3238,0.3081,0.2922,0.447,0.6143,0.7606,-1.0,1.1709
146511,4426,1.7055,0.8248,-0.9789,1.1221,1.2801,0.7914,-0.8706,-1.0,1.0884,-1.0147,0.3787,0.0221,1.0831,0.0204,2.7844,1.0,2.47
146511,4427,0.2017,0.0518,-0.0786,-0.1438,0.0941,-1.21,-0.9874,1.0,2.688,0.5311,-0.7156,2.5338,0.8911,1.7677,-0.9323,-1.0,1.2915
146511,4428,1.2556,-0.7771,0.361,-0.9117,0.8568,-0.9259,2.7067,1.0,5.4229,-2.6978,-1.1545,-4.5592,2.9344,-1.2242,-2.7372,-1.0,1.4028
146511,4429,0.5542,0.2574,0.2874,-0.3835,0.3859,-0.8771,0.8404,1.0,6.9873,-1.7399,-4.8343,-4.7342,5.1379,-0.8247,-1.9163,-1.0,2.7947
146511,4430,2.901,-0.1903,1.4933,2.4776,1.5054,1.273,1.6975,-1.0,24.9384,1.293,12.3261,21.6404,12.3938,1.3239,1.4663,1.0,1.0776
146511,4431,53.7057,-12.7506,18.2117,-48.8882,22.2316,-1.5293,2.1816,1.0,37.2042,0.4422,-11.3109,35.4403,11.3195,1.859,-1.5317,-1.0,88.7956
146511,4432,5.1143,4.9436,1.2964,-0.1587,5.1107,-0.031,0.2565,-1.0,4.5699,-4.4634,-0.3195,-0.9216,4.4748,-0.2045,-3.0701,1.0,9.562
146511,4433,4.1426,-1.7119,1.9424,3.2321,2.5892,1.0465,2.2932,1.0,9.4951,-0.6888,-5.9492,7.3673,5.989,1.0351,-1.6861,-1.0,7.1987
146511,4434,1.5592,-0.1294,1.3253,-0.8042,1.3316,-0.5722,1.6681,1.0,1.6525,0.3375,-1.4372,0.7351,1.4762,0.4794,-1.3402,-1.0,3.2022
146511,4435,2.2365,2.0663,0.3398,-0.7782,2.094,-0.3636,0.163,-1.0,1.0994,-0.9311,-0.5728,0.0499,1.0932,0.0456,-2.5901,1.0,3.0422
146511,4436,9.9804,-2.4888,-2.9368,-9.2075,3.8495,-1.6063,-2.2738,-1.0,6.2198,5.0052,1.0981,-3.5238,5.1242,-0.6425,0.216,1.0,9.5209
146511,4437,2.2118,1.6462,1.4532,0.2432,2.1959,0.1105,0.7232,1.0,1.6366,-0.092,0.9958,1.2912,1.0001,1.073,1.6629,-1.0,2.0106
146511,4438,41.1623,20.307,15.0328,32.4956,25.2658,1.07,0.6373,1.0,14.6809,-10.1739,-10.4519,-1.6639,14.5859,-0.1138,-2.3427,-1.0,45.2129
146511,4439,4.5383,1.6526,1.5923,3.9139,2.2949,1.3036,0.7668,1.0,1.2955,-0.5845,-0.2394,1.1261,0.6316,1.3421,-2.7529,-1.0,2.3791
146511,4440,0.5132,0.0943,-0.0363,-0.4919,0.1011,-2.2859,-0.3678,1.0,0.8304,-0.7228,-0.3673,0.1446,0.8108,0.1773,-2.6714,-1.0,1.0614
146511,4441,0.446,0.0615,0.3096,0.2968,0.3157,0.8385,1.3748,1.0,1.4311,0.9216,-0.9463,0.5405,1.3209,0.3986,-0.7987,-1.0,1.2045
146511,4442,55.5876,15.7155,52.0836,-11.4146,54.4029,-0.2083,1.2777,1.0,42.4928,1.7311,-38.4494,18.0077,38.4883,0.4523,-1.5258,-1.0,95.3206
146511,4443,42.9076,-15.5756,14.7905,-37.1442,21.4793,-1.3156,2.382,1.0,48.7976,18.5041,-16.6466,41.9724,24.89,1.2939,-0.7326,-1.0,91.5123
146511,4444,1.7682,-1.111,-0.6641,1.1999,1.2944,0.8288,-2.6029,1.0,1.1713,-0.1961,1.1493,0.0369,1.1659,0.0316,1.7398,-1.0,2.273
146511,4445,6.2857,3.9232,3.6609,3.2719,5.366,0.5772,0.7508,1.0,10.3078,-2.9993,2.5894,-9.5152,3.9624,-1.61,2.4294,-1.0,14.016
146511,4446,1.2184,-0.6271,0.2019,1.0194,0.6589,1.2207,2.8301,1.0,44.1428,19.7664,0.2638,39.4689,19.7681,1.4421,0.0133,-1.0,7.1975
146511,4447,4.6439,-1.8781,-1.7293,-3.8777,2.553,-1.2052,-2.3974,-1.0,0.6571,0.6028,0.2104,-0.1137,0.6385,-0.1772,0.3358,1.0,2.8696
146511,4448,2.9292,0.8969,0.3622,-2.7629,0.9673,-1.772,0.3838,1.0,1.5692,-1.5047,0.0994,-0.4209,1.508,-0.2756,3.0756,-1.0,3.0849
146511,4449,4.7168,-0.9563,-3.63,-2.8541,3.7539,-0.7014,-1.8284,-1.0,1.5694,0.6491,0.5198,1.3268,0.8316,1.2466,0.6752,1.0,5.2361
146511,4450,6.6797,1.3729,3.532,5.4998,3.7894,1.1675,1.2001,-1.0,11.0264,-8.9147,4.394,4.774,9.9388,0.4636,2.6836,1.0,9.3945
146511,4451,49.2955,35.4633,28.7973,18.5232,45.6829,0.3951,0.682,1.0,43.3174,-29.584,-25.4118,-18.8523,38.9997,-0.4663,-2.4319,-1.0,92.3635
146511,4452,1.8733,-1.42,-0.9951,0.7011,1.7339,0.3941,-2.5304,-1.0,1.4305,1.0673,0.9464,0.0208,1.4265,0.0146,0.7254,1.0,3.2043
146511,4453,1.1442,-0.1959,1.1124,0.1491,1.1295,0.1316,1.7451,1.0,2.4055,1.3178,-1.3782,-1.4627,1.9068,-0.7068,-0.8078,-1.0,3.0896
146511,4454,3.143,-0.3355,-2.1802,2.2364,2.2058,0.8911,-1.7235,-1.0,2.9834,-2.856,0.3007,-0.8015,2.8718,-0.2756,3.0367,1.0,4.6643
146511,4455,10.4901,-2.6127,1.9517,9.9697,3.2612,1.8363,2.5,-1.0,12.1236,-0.4336,2.0107,11.9474,2.0569,2.4598,1.7832,1.0,2.4575
146511,4456,4.5951,0.8544,-4.4083,-0.9697,4.4903,-0.2143,-1.3794,1.0,3.1314,0.8812,-2.9901,0.2781,3.1172,0.0891,-1.2842,-1.0,1.2131
146511,4457,1.3687,-1.2487,-0.195,-0.5149,1.2638,-0.3969,-2.9867,-1.0,1.9003,1.8324,-0.0982,-0.4824,1.835,-0.26,-0.0535,1.0,3.0439
146511,4458,0.3571,0.2494,-0.0735,0.2207,0.26,0.7702,-0.2866,-1.0,2.0786,-0.9932,-0.0271,1.8227,0.9936,1.367,-3.1143,1.0,1.0926
146511,4459,7.5293,-0.7306,-7.082,2.4475,7.1196,0.3373,-1.6736,1.0,3.6715,3.0846,1.59,-1.1943,3.4703,-0.3377,0.476,-1.0,9.3907
146511,4460,15.2908,4.8415,6.053,-13.1802,7.7511,-1.301,0.8961,-1.0,3.6562,0.2794,2.0297,-3.0263,2.0489,-1.182,1.434,1.0,2.1867
146511,4461,5.7753,-1.2103,4.5729,3.3116,4.7304,0.6527,1.8295,1.0,4.2798,1.8501,-3.6244,-1.3217,4.0693,-0.3193,-1.0988,-1.0,9.7896
146511,4462,1.6759,-1.2746,1.0494,-0.2682,1.651,-0.1617,2.4528,-1.0,1.0136,0.9213,-0.3915,-0.1194,1.001,-0.119,-0.4018,1.0,2.5546
146511,4463,47.7516,10.9552,46.3263,-3.7495,47.604,-0.0787,1.3386,-1.0,46.1922,-10.5122,-40.5133,19.5416,41.8549,0.4514,-1.8247,1.0,92.4232
146511,4464,2.8714,-0.9405,2.565,0.8774,2.732,0.3159,1.9222,1.0,1.3688,-0.2843,1.3026,-0.2913,1.3332,-0.2168,1.7857,-1.0,1.0849
146511,4465,1.4181,-1.2996,-0.0197,-0.5571,1.2998,-0.4165,-3.1264,1.0,3.7146,-1.0061,0.4465,3.5462,1.1007,1.8863,2.724,-1.0,3.4513
146511,4466,0.5507,0.0305,-0.255,-0.4756,0.2568,-1.3754,-1.4519,1.0,8.7383,-1.0292,-7.9742,-3.4204,8.0404,-0.4135,-1.6991,-1.0,1.5459
146511,4467,1.5628,-0.5458,-0.6718,1.2969,0.8656,1.1938,-2.253,-1.0,1.5583,0.7072,0.2753,-1.3569,0.7589,-1.3446,0.3712,1.0,3.091
146511,4468,46.1826,-40.8166,11.6225,-18.214,42.4391,-0.417,2.8642,1.0,44.5544,40.0537,-9.9272,16.8,41.2656,0.3966,-0.243,-1.0,90.707
146511,4469,3.6054,2.8483,1.5487,-1.5736,3.2421,-0.4681,0.498,-1.0,3.0726,-2.436,-0.9571,1.606,2.6173,0.5805,-2.7672,1.0,6.6388
146511,4470,109.2252,18.4411,-39.7387,100.0544,43.8092,1.5638,-1.1363,-1.0,92.7591,-53.4728,16.4009,73.9994,55.9314,1.0924,2.844,1.0,93.4401
146511,4471,4.953,0.03,-3.226,-3.7568,3.2261,-0.993,-1.5615,1.0,5.9924,2.8489,1.9976,-4.8776,3.4795,-1.139,0.6115,-1.0,5.9543
146511,4472,1.11,-0.1481,0.0403,1.0942,0.1535,2.6623,2.876,1.0,2.269,-0.7149,0.5705,-2.0738,0.9146,-1.5572,2.4681,-1.0,3.0562
146511,4473,1.0852,1.06,-0.1292,-0.1617,1.0679,-0.1508,-0.1213,1.0,1.1839,-0.3923,0.8255,-0.745,0.914,-0.7444,2.0145,-1.0,1.8428
146511,4474,5.8588,-3.513,-4.3053,-1.854,5.5567,-0.3278,-2.2552,1.0,5.1524,-3.0996,-3.0383,-2.7745,4.3403,-0.6022,-2.3662,-1.0,1.4728
146511,4475,1.56,1.4489,0.2672,0.502,1.4733,0.3345,0.1823,1.0,1.4552,-1.4133,-0.2042,-0.2596,1.428,-0.1808,-2.9981,-1.0,3.0046
146511,4476,32.2106,11.1649,-0.9001,-30.2001,11.2012,-1.7177,-0.0804,-1.0,0.5433,-0.1309,-0.0703,-0.5118,0.1486,-1.9503,-2.6486,1.0,2.628
146511,4477,3.5293,2.4985,-0.6712,-2.3983,2.587,-0.8288,-0.2624,1.0,5.9509,1.4775,-2.661,-5.1125,3.0437,-1.2905,-1.064,-1.0,2.5592
146511,4478,8.9911,-3.1053,1.7738,-8.2486,3.5762,-1.5729,2.6226,1.0,6.391,4.3782,4.0492,-2.2954,5.9636,-0.376,0.7464,-1.0,9.4818
146511,4479,42.9289,-37.134,19.1087,-9.9401,41.7621,-0.2358,2.6663,-1.0,45.7163,38.5464,-24.0879,4.8905,45.4538,0.1074,-0.5585,1.0,88.3498
146511,4480,2.4181,1.1559,-0.068,2.1202,1.1579,1.3654,-0.0588,1.0,3.4554,-0.6835,2.3818,2.406,2.4779,0.8607,1.8503,-1.0,2.9043
146511,4481,1.645,-0.529,1.1556,1.0391,1.2709,0.7464,2.0001,1.0,4.58,-0.8743,3.915,-2.2076,4.0115,-0.5258,1.7905,-1.0,3.1153
146511,4482,11.3941,-2.6499,1.9703,-10.9046,3.3021,-1.91,2.5022,-1.0,3.5593,2.6063,2.419,0.115,3.5559,0.0323,0.7481,1.0,9.3766
146511,4483,2.1866,-0.2891,-2.024,-0.7681,2.0445,-0.3674,-1.7127,-1.0,2.3672,1.0055,-0.9854,1.9001,1.4079,1.1083,-0.7753,1.0,3.1441
146511,4484,4.6652,-1.3391,-4.1007,1.773,4.3139,0.4002,-1.8864,1.0,4.7219,0.7101,4.2548,-1.9177,4.3137,-0.4311,1.4054,-1.0,9.3636
146511,4485,1.4585,0.264,-0.6307,1.2839,0.6837,1.3877,-1.1744,1.0,1.5502,-0.1997,0.5502,-1.4316,0.5853,-1.627,1.919,-1.0,3.0033
146511,4486,24.8926,-1.9518,-6.1202,24.0492,6.4239,2.0306,-1.8795,1.0,19.9717,6.7023,-6.0189,17.8245,9.0082,1.4341,-0.7317,-1.0,9.4594
146511,4487,7.8228,4.344,-0.0444,-6.5048,4.3442,-1.1933,-0.0102,-1.0,12.9128,7.231,-1.8526,-10.5361,7.4645,-1.1446,-0.2508,1.0,1.4114
146511,4488,17.0697,2.5688,5.6202,-15.9116,6.1794,-1.6747,1.1421,1.0,15.1111,0.6081,3.7815,-14.6172,3.83,-2.0492,1.4113,-1.0,2.2603
146511,4489,0.4921,-0.1902,-0.0252,0.4406,0.1919,1.5688,-3.0096,-1.0,3.4747,1.4221,0.4172,3.141,1.482,1.4958,0.2854,1.0,1.1117
146511,4490,3.5718,-1.3833,-1.7631,-2.7793,2.2409,-1.0415,-2.2361,-1.0,3.9999,2.3471,0.6945,-3.1618,2.4477,-1.0734,0.2877,1.0,4.468
146511,4491,7.0705,0.0262,-0.9186,7.0098,0.919,2.7292,-1.5423,1.0,10.9184,-9.6121,-3.1207,4.1315,10.106,0.3982,-2.8277,-1.0,9.5534
146511,4492,44.7858,30.4698,-17.5614,-27.7298,35.1684,-0.7237,-0.5229,1.0,48.4726,-31.5881,14.0559,33.9736,34.5742,0.869,2.7229,-1.0,92.9763
146511,4493,0.6469,0.4492,-0.449,0.0627,0.6351,0.0986,-0.7852,1.0,14.9598,4.8392,-12.8747,5.8827,13.7542,0.4156,-1.2113,-1.0,1.6523
146511,4494,3.1767,-1.6931,1.1191,-2.4415,2.0295,-1.0179,2.5575,-1.0,6.1255,-3.1667,0.6102,-5.2068,3.225,-1.2567,2.9512,1.0,1.1941
146511,4495,1.3518,0.1158,-1.189,-0.6238,1.1946,-0.501,-1.4737,1.0,0.9951,-0.6265,0.6095,-0.4637,0.8741,-0.5083,2.3699,-1.0,1.931
146511,4496,3.7887,-0.6138,-0.5235,3.7003,0.8067,2.228,-2.4354,-1.0,6.0032,-1.9065,-4.5417,3.43,4.9257,0.6497,-1.9682,1.0,3.6098
146511,4497,4.8229,-1.7506,4.3295,-1.1998,4.67,-0.2542,1.955,-1.0,4.763,-2.6762,3.7408,-1.2325,4.5996,-0.2649,2.1918,1.0,1.116
146511,4498,6.7371,-0.0001,0.5478,6.7139,0.5478,3.2008,1.571,1.0,4.6266,-2.7954,-3.2302,-1.7737,4.2718,-0.4041,-2.2842,-1.0,9.4719
146511,4499,4.8573,-1.6879,4.5472,-0.2381,4.8503,-0.0491,1.9262,1.0,5.0232,-0.1304,-4.6993,-1.7666,4.7011,-0.3675,-1.5985,-1.0,9.5014
146511,4500,29.7952,15.7523,14.6729,-20.5989,21.5274,-0.8505,0.7499,-1.0,28.2745,-14.6393,-13.8168,19.855,20.1299,0.8717,-2.3851,1.0,58.0479
146511,4501,6.1625,-0.4507,-2.0768,5.7835,2.1251,1.7265,-1.7845,-1.0,0.6131,-0.4409,-0.2152,0.3521,0.4906,0.6672,-2.6876,1.0,1.488
146511,4502,1.5137,0.5571,-0.2004,1.3891,0.5921,1.5885,-0.3452,1.0,1.5869,-0.7547,0.1384,-1.3851,0.7672,-1.353,2.9603,-1.0,3.0937
146511,4503,2.6867,-1.8234,-1.5146,1.2604,2.3704,0.5094,-2.4485,-1.0,12.9877,4.1076,-5.4003,11.074,6.785,1.2659,-0.9205,1.0,6.3654
146511,4504,0.4688,0.1648,-0.4069,0.1262,0.439,0.2836,-1.186,-1.0,1.7925,1.6597,0.3963,0.5387,1.7064,0.3107,0.2344,1.0,1.1587
146511,4505,6.6723,-4.7352,4.6864,-0.3538,6.6621,-0.0531,2.3614,-1.0,5.8452,4.6773,-3.4198,-0.7635,5.7942,-0.1314,-0.6313,1.0,12.4029
146511,4506,2.2059,2.0636,0.6041,0.481,2.1502,0.2219,0.2848,1.0,4.4106,1.9749,2.626,2.9405,3.2857,0.8051,0.926,-1.0,2.3084
146511,4507,7.3359,7.1045,-1.8111,-0.225,7.3317,-0.0307,-0.2496,-1.0,10.1986,-7.6057,4.098,-5.4185,8.6394,-0.592,2.6474,1.0,16.4356
146511,4508,5.6555,-4.367,1.6498,-3.1908,4.6682,-0.6391,2.7804,1.0,4.9863,4.6962,0.0519,-1.6718,4.6965,-0.3489,0.0111,-1.0,9.3058
146511,4509,0.243,0.0797,0.1276,-0.1588,0.1505,-0.9202,1.0123,1.0,15.0632,5.7947,-1.4284,-13.83,5.9682,-1.5772,-0.2417,-1.0,1.5456
146511,4510,1.6622,0.336,1.0812,1.2124,1.1322,0.9306,1.2695,1.0,20.5851,3.069,3.965,19.9649,5.014,2.0903,0.9121,-1.0,3.0673
146511,4511,3.4924,-0.6481,0.4721,3.3975,0.8018,2.1507,2.512,1.0,1.3267,-0.8375,0.504,0.8908,0.9774,0.8173,2.5998,-1.0,1.2941
146511,4512,36.5379,33.383,-14.8133,1.0706,36.522,0.0293,-0.4176,-1.0,99.7455,-11.1839,23.3752,96.3207,25.9129,2.0237,2.0171,1.0,92.3146
146511,4513,2.7798,2.5874,-0.9188,-0.4211,2.7457,-0.1528,-0.3412,1.0,1.3625,1.1364,-0.557,0.4935,1.2656,0.3807,-0.4558,-1.0,1.0529
146511,4514,5.4779,1.0368,-2.277,4.872,2.5019,1.4198,-1.1435,-1.0,1.1006,-0.2165,0.9603,0.4807,0.9844,0.4707,1.7925,1.0,3.4956
146511,4515,1.5276,1.4869,0.3203,-0.0943,1.521,-0.0619,0.2122,1.0,0.2557,-0.1341,0.0539,-0.1826,0.1445,-1.0561,2.7596,-1.0,1.0645
146511,4516,0.5326,0.5063,-0.0829,-0.0964,0.513,-0.1868,-0.1623,-1.0,0.6123,-0.4995,-0.0566,0.3331,0.5027,0.6218,-3.0287,1.0,1.1114
146511,4517,7.9761,5.2169,-3.7567,4.7199,6.4288,0.6805,-0.6241,1.0,8.5049,-5.2499,4.3128,-5.1148,6.7942,-0.6954,2.4539,-1.0,16.4668
146511,4518,3.7217,1.9719,-0.2207,-3.1468,1.9843,-1.2415,-0.1115,-1.0,7.7542,-7.5535,-1.7387,0.1924,7.7511,0.0248,-2.9153,1.0,9.3794
146511,4519,2.4733,0.1326,-1.5057,-1.9548,1.5115,-1.0744,-1.4829,1.0,1.9472,1.8293,0.376,-0.5412,1.8675,-0.2859,0.2027,-1.0,2.861
146511,4520,0.8599,-0.6857,-0.4646,0.2053,0.8283,0.2454,-2.546,-1.0,4.3987,1.9714,2.9635,2.5823,3.5593,0.6734,0.9838,1.0,3.4618
146511,4521,7.8553,-2.5388,2.6344,6.9504,3.6587,1.3979,2.3377,-1.0,3.9336,1.199,3.7237,-0.398,3.912,-0.1016,1.2593,1.0,7.3364
146511,4522,15.4046,2.7764,8.2221,-12.7271,8.6782,-1.1761,1.2451,1.0,2.1318,-2.1042,-0.1361,0.2952,2.1086,0.1395,-3.077,-1.0,9.3348
146511,4523,6.2309,1.3782,4.3594,-4.232,4.5721,-0.8278,1.2646,1.0,3.6278,-0.6277,-2.1828,2.8268,2.2712,1.0442,-1.8508,-1.0,9.4826
146511,4524,4.4357,-0.2143,1.9493,3.9773,1.961,1.4562,1.6803,1.0,3.1551,2.0838,1.8187,1.5145,2.7659,0.5233,0.7176,-1.0,3.1255
146511,4525,2.9868,-0.9425,1.2715,-2.5307,1.5828,-1.2484,2.2087,-1.0,2.4875,-0.0293,-1.6039,-1.8982,1.6042,-1.0052,-1.5891,1.0,3.0492
146511,4526,0.8014,-0.7119,0.2736,-0.2223,0.7627,-0.2875,2.7748,1.0,3.2986,2.2312,-2.4195,-0.1935,3.2913,-0.0588,-0.8259,-1.0,3.1184
146511,4527,3.7361,0.7191,0.4774,3.6336,0.8631,2.1444,0.5861,1.0,2.6184,0.1764,-2.0401,1.6285,2.0477,0.729,-1.4845,-1.0,3.0737
146511,4528,3.884,1.5798,-0.9903,3.4056,1.8645,1.3632,-0.5599,-1.0,15.5622,-1.2287,-3.9244,15.0086,4.1123,2.0061,-1.8742,1.0,3.8462
146511,4529,1.8217,1.0074,-0.2224,1.4977,1.0316,1.1677,-0.2173,-1.0,1.7856,-1.6984,0.5387,-0.0475,1.7818,-0.0266,2.8344,1.0,3.2143
146511,4530,8.8847,6.8581,1.1752,-5.5238,6.9581,-0.7279,0.1697,1.0,4.1454,-2.1619,3.5218,-0.3099,4.1324,-0.0749,2.1214,-1.0,9.5726
146511,4531,1.7103,0.4481,-0.7897,-1.4456,0.908,-1.2447,-1.0547,-1.0,1.3614,-1.0381,0.2726,-0.8309,1.0733,-0.7124,2.8848,1.0,1.9073
146511,4532,1.2347,0.148,-1.1328,-0.4562,1.1424,-0.3895,-1.4409,-1.0,2.8908,-2.6323,1.0011,-0.6441,2.8162,-0.2268,2.7782,1.0,3.1016
146511,4533,1.7658,-1.3183,0.6777,0.9538,1.4823,0.6057,2.6668,-1.0,0.7618,0.6143,-0.2818,0.3353,0.6758,0.4778,-0.4301,1.0,2.0186
146511,4534,1.2918,1.2639,-0.1514,0.1934,1.2729,0.1513,-0.1192,-1.0,0.5674,-0.3056,0.2108,-0.4159,0.3712,-0.964,2.5378,1.0,1.5766
146511,4535,1.3183,-0.3424,1.2443,-0.2475,1.2905,-0.1906,1.8393,1.0,15.1156,4.037,2.967,14.2608,5.01,1.7687,0.6338,-1.0,6.5051
146511,4536,1.4549,-0.5335,-1.3385,-0.1711,1.4409,-0.1185,-1.9501,1.0,1.9233,1.1626,0.6957,1.361,1.3549,0.8846,0.5393,-1.0,3.0311
146511,4537,5.9911,0.4384,-5.4877,2.3613,5.5052,0.4168,-1.4911,-1.0,4.0639,0.912,3.9289,0.4862,4.0333,0.1203,1.3427,1.0,9.4203
146511,4538,9.793,4.6088,-2.4317,8.2909,5.211,1.2442,-0.4855,-1.0,16.9565,-3.8337,-5.4803,-15.5814,6.6881,-1.5821,-2.1812,1.0,24.4782
146511,4539,36.4241,26.1697,-23.7728,8.7581,35.3554,0.2453,-0.7374,-1.0,32.4759,-23.1145,22.7014,-2.246,32.398,-0.0693,2.3652,1.0,68.5152
146511,4540,2.1492,-0.141,-0.8539,1.9644,0.8655,1.5581,-1.7344,-1.0,23.4348,4.3534,-5.8912,22.2603,7.3252,1.8307,-0.9344,1.0,2.1131
146511,4541,2.8038,-1.1783,2.3839,0.8824,2.6592,0.326,2.0298,1.0,3.592,1.5507,-2.9129,-1.4148,3.3,-0.4166,-1.0816,-1.0,6.3407
146511,4542,55.4654,41.3319,12.7389,-34.7244,43.2505,-0.7349,0.299,1.0,39.472,-36.4121,-1.5159,15.1619,36.4437,0.4049,-3.1,-1.0,92.0883
146511,4543,10.4495,-5.5714,-6.409,6.0881,8.4921,0.6665,-2.2864,1.0,1.769,-0.4722,-1.6386,0.4584,1.7053,0.2657,-1.8514,-1.0,2.2684
146511,4544,3.8887,-3.3608,-0.8931,1.7374,3.4774,0.4809,-2.8818,-1.0,0.9825,-0.6155,-0.6565,-0.3799,0.8999,-0.4106,-2.324,1.0,1.9168
146511,4545,3.7192,2.43,-1.8817,-2.0918,3.0734,-0.6367,-0.6589,1.0,1.4154,0.9668,0.408,-0.9439,1.0493,-0.8085,0.3994,-1.0,1.8543
146511,4546,48.2153,37.1005,-24.4654,-18.7,44.4411,-0.4093,-0.583,-1.0,48.8567,-37.8031,26.0172,16.7629,45.8908,0.3576,2.5388,1.0,97.0376
146511,4547,7.32,-4.2694,-5.7855,1.368,7.1903,0.1891,-2.2065,-1.0,9.3741,2.8607,5.577,-6.9697,6.2679,-0.9584,1.0969,1.0,15.6617
146511,4548,2.7545,1.1605,-1.3321,2.1106,1.7667,1.0125,-0.8541,1.0,4.3613,-2.0351,-1.3809,3.6002,2.4593,1.1746,-2.5454,-1.0,3.1458
146511,4549,30.5311,-4.8152,-4.2155,29.8527,6.3998,2.2445,-2.4225,1.0,10.0235,-2.4274,-0.9656,9.6765,2.6124,2.0203,-2.763,-1.0,1.6801
146511,4550,0.386,0.1239,-0.3238,0.1329,0.3467,0.3745,-1.2053,-1.0,5.8943,1.0015,-1.0432,5.7132,1.4461,2.0827,-0.8058,1.0,1.4597
146511,4551,34.1737,-13.8995,-6.7698,-30.4763,15.4605,-1.4307,-2.6884,1.0,26.071,-8.1869,-4.5611,-24.3281,9.3718,-1.6823,-2.6333,-1.0,3.1149
146511,4552,1.7453,-1.6165,-0.4025,-0.5097,1.6659,-0.3014,-2.8976,-1.0,9.4177,-4.8391,1.835,-7.8675,5.1753,-1.2059,2.7792,1.0,3.2722
146511,4553,4.961,0.8405,-2.3078,-4.3091,2.4561,-1.3281,-1.2215,1.0,3.9913,-1.1305,0.2626,-3.8174,1.1606,-1.9061,2.9133,-1.0,3.1365
146511,4554,4.4204,-4.3246,0.3646,0.8328,4.3399,0.1907,3.0575,-1.0,5.4208,-5.3182,1.0428,-0.0592,5.4194,-0.0109,2.948,1.0,1.1343
146511,4555,3.693,0.9121,2.4646,2.5925,2.6279,0.8718,1.2164,-1.0,5.9532,2.4823,0.3894,5.396,2.5126,1.5077,0.1556,1.0,3.0931
146511,4556,17.6782,-1.3148,-4.3745,-17.0776,4.5679,-2.0293,-1.8628,1.0,2.111,1.7145,-1.0731,0.5949,2.0227,0.29,-0.5592,-1.0,9.4921
146511,4557,2.6391,0.9198,2.1649,1.1919,2.3522,0.4872,1.169,1.0,1.6059,1.4475,-0.6198,-0.2968,1.5747,-0.1874,-0.4046,-1.0,3.0375
146511,4558,7.0601,3.5941,1.9824,-5.7434,4.1046,-1.1376,0.504,-1.0,4.0214,-2.1095,-3.3936,0.4406,3.9958,0.1101,-2.127,1.0,9.5124
146511,4559,19.2141,2.876,-4.5255,-18.4505,5.362,-1.9494,-1.0047,1.0,0.8289,-0.4737,-0.3683,-0.562,0.6001,-0.8357,-2.4807,-1.0,3.2449
146511,4560,47.9822,1.7892,-39.5641,27.0881,39.6045,0.6395,-1.5256,-1.0,42.7115,-5.3537,38.5303,-17.6357,38.9004,-0.4391,1.7089,1.0,90.1234
146511,4561,1.2813,-0.3211,-0.8953,-0.852,0.9511,-0.8058,-1.9152,-1.0,1.0127,0.9209,0.2156,-0.3462,0.9458,-0.3583,0.23,1.0,1.7335
146511,4562,1.86,-0.0576,0.2943,-1.8327,0.2999,-2.51,1.764,-1.0,0.8413,0.5945,0.0605,-0.5827,0.5976,-0.8636,0.1014,1.0,1.0243
146511,4563,5.6391,5.314,-0.5988,1.7864,5.3476,0.3281,-0.1122,1.0,5.4192,-4.008,-1.7766,3.1838,4.384,0.674,-2.7244,-1.0,9.4992
146511,4564,1.6129,-1.1839,-0.0128,1.0902,1.184,0.8242,-3.1307,1.0,1.7395,-0.5526,1.4059,-0.856,1.5106,-0.54,1.9453,-1.0,2.4955
146511,4565,8.7766,-0.4685,-6.3642,6.0245,6.3814,0.8413,-1.6443,1.0,3.715,0.6447,-1.1921,3.4573,1.3552,1.666,-1.075,-1.0,3.0009
146511,4566,4.6954,2.0613,-4.0964,1.0029,4.5858,0.217,-1.1046,-1.0,4.9119,-1.5703,3.7203,-2.7944,4.0381,-0.6461,1.9702,1.0,9.4185
146511,4567,0.7159,0.039,0.6624,-0.247,0.6635,-0.3641,1.512,1.0,1.5919,1.1895,-0.3735,-0.9841,1.2468,-0.7243,-0.3042,-1.0,1.4891
146511,4568,6.9117,-6.0733,2.4616,-2.1947,6.5532,-0.3289,2.7565,-1.0,0.7183,-0.1547,-0.5711,-0.3934,0.5917,-0.6237,-1.8353,1.0,3.0263
146511,4569,2.9404,0.7289,-2.6208,-1.1113,2.7203,-0.3979,-1.2995,-1.0,1.5952,0.3062,-0.5984,1.4427,0.6722,1.5072,-1.0978,1.0,3.0044
146511,4570,0.8198,0.352,0.0575,-0.7305,0.3567,-1.4649,0.1619,-1.0,3.3131,0.4511,-3.2768,-0.1571,3.3077,-0.0475,-1.434,1.0,2.2987
146511,4571,45.6437,-38.2516,-21.8936,-11.8668,44.0739,-0.2661,-2.6217,-1.0,45.9583,39.3386,22.3773,7.9927,45.2578,0.1757,0.5172,1.0,91.5122
146511,4572,12.6942,2.2223,-3.5926,-11.9702,4.2244,-1.7645,-1.0168,1.0,5.2532,1.3478,-0.7388,-5.0222,1.537,-1.8998,-0.5014,-1.0,1.3639
146511,4573,13.0841,-1.2042,-3.9412,-12.4177,4.1211,-1.8226,-1.8673,1.0,5.925,-1.0095,-0.17,-5.835,1.0237,-2.4412,-2.9748,-1.0,2.5269
146511,4574,7.2995,-6.6157,-0.7995,2.9773,6.6638,0.4331,-3.0213,1.0,11.4084,-8.3675,-3.8192,-6.7483,9.1979,-0.68,-2.7134,-1.0,9.4834
146511,4575,5.6683,0.0919,-2.7918,4.9311,2.7933,1.3335,-1.5379,1.0,5.4376,-4.9271,-0.877,2.124,5.0045,0.4126,-2.9654,-1.0,6.0604
146511,4576,6.8242,-4.5625,-2.781,4.2436,5.3433,0.7281,-2.5942,1.0,4.3605,2.1978,3.6139,1.0546,4.2297,0.2468,1.0244,-1.0,9.5258
146511,4577,7.8854,-1.1552,3.0305,-7.1868,3.2432,-1.5362,1.935,-1.0,3.7063,-2.0115,-1.0859,-2.9154,2.2859,-1.0634,-2.6466,1.0,4.3015
146511,4578,5.2826,-2.2106,1.2569,4.629,2.5429,1.3603,2.6246,1.0,2.1726,-1.8243,-0.7522,0.9028,1.9733,0.4429,-2.7505,-1.0,2.9058
146511,4579,0.4724,0.4283,-0.1094,0.1288,0.4421,0.2875,-0.2502,1.0,2.2909,-1.1145,0.1836,1.9903,1.1295,1.3318,2.9783,-1.0,1.6337
146511,4580,3.6235,-1.9363,1.4514,-2.6949,2.4199,-0.9595,2.4984,1.0,6.6099,0.3282,1.7401,-6.3674,1.7708,-1.9917,1.3844,-1.0,3.1344
146511,4581,81.9437,-5.7666,-24.7136,77.915,25.3774,1.8404,-1.8,1.0,15.4581,-1.4774,-8.3842,12.9021,8.5133,1.2033,-1.7452,-1.0,9.5618
146511,4582,4.1706,4.1213,-0.5091,-0.3719,4.1526,-0.0894,-0.1229,1.0,5.5436,-5.3545,-0.292,1.4014,5.3625,0.2584,-3.0871,-1.0,9.5469
146511,4583,35.7781,26.1026,-21.9377,10.8375,34.097,0.3127,-0.6989,-1.0,63.8703,-30.9599,53.3021,-16.7264,61.6411,-0.2681,2.097,1.0,94.2751
146511,4584,1.5442,-0.7522,1.2632,-0.4603,1.4702,-0.3082,2.1079,1.0,2.0046,-0.0589,-0.7712,1.8464,0.7734,1.6046,-1.647,-1.0,3.1262
146511,4585,4.5545,3.6403,2.7069,0.3916,4.5364,0.0862,0.6394,1.0,5.6478,-3.8124,-1.6535,-3.8233,4.1555,-0.8237,-2.7324,-1.0,9.5483
146511,4586,4.9847,-2.4921,-3.7348,2.1625,4.4899,0.4647,-2.1592,-1.0,4.1436,2.7225,2.5761,-1.7635,3.7481,-0.4547,0.7578,1.0,9.0427
146511,4587,28.1578,-23.6561,7.4272,-13.3447,24.7946,-0.5151,2.8374,1.0,76.3407,69.5532,29.5173,10.9071,75.5574,0.1439,0.4013,-1.0,86.2702
146511,4588,3.8866,1.3009,1.4743,-3.3509,1.9662,-1.303,0.8478,1.0,51.1492,12.5186,10.1114,-48.5517,16.0921,-1.8238,0.6794,-1.0,3.1377
146511,4589,37.1363,6.185,18.3573,31.6836,19.3712,1.2677,1.2458,1.0,56.8818,-1.2381,-36.498,-43.6107,36.519,-1.0122,-1.6047,-1.0,91.3433
146511,4590,5.7925,-0.4095,-0.1888,5.774,0.4509,3.2445,-2.7095,-1.0,11.4976,3.4998,2.5462,10.6514,4.328,1.6327,0.629,1.0,3.7482
146511,4591,4.8612,2.8728,1.193,-3.7342,3.1107,-1.0162,0.3936,-1.0,5.8984,2.5408,1.8446,-4.9922,3.1398,-1.2437,0.628,1.0,1.0423
146511,4592,1.4719,1.0486,0.8691,-0.548,1.362,-0.3922,0.6921,1.0,1.682,-1.0384,-1.2635,0.3783,1.6355,0.2293,-2.2587,-1.0,3.1245
146511,4593,0.8302,-0.1606,0.7915,-0.1606,0.8076,-0.1976,1.771,-1.0,1.7393,0.7281,-0.9576,-1.2518,1.203,-0.9098,-0.9207,1.0,2.0635
146511,4594,1.5312,-1.3831,0.2582,-0.595,1.4069,-0.4112,2.9571,1.0,1.0031,-0.1507,-0.258,-0.9517,0.2988,-1.8754,-2.0994,-1.0,1.2955
146511,4595,43.313,-9.0542,-41.5302,-8.3228,42.5058,-0.1946,-1.7855,1.0,51.982,9.1698,48.7841,15.4318,49.6385,0.3061,1.385,-1.0,94.7522
146511,4596,1.773,-0.3212,-1.5565,-0.7787,1.5893,-0.4722,-1.7743,-1.0,0.8939,-0.3744,0.7869,-0.1688,0.8714,-0.1925,2.0149,1.0,2.2668
146511,4597,10.1803,3.6945,-7.8245,5.3625,8.6528,0.5857,-1.1297,-1.0,1.6552,-0.6238,0.9886,1.1671,1.1689,0.8802,2.1337,1.0,6.4254
146511,4598,2.9991,2.0286,-2.2065,-0.0123,2.9972,-0.0041,-0.8274,1.0,5.3099,2.9563,3.9722,1.9146,4.9515,0.3776,0.931,-1.0,6.12
146511,4599,1.5518,-0.0744,-0.75,-1.3523,0.7537,-1.3476,-1.6697,1.0,2.8784,-1.0019,0.1756,-2.6906,1.0172,-1.6998,2.9681,-1.0,1.339
146511,4600,1.9655,-0.743,-1.7725,-0.3975,1.922,-0.2054,-1.9677,1.0,1.5576,1.1622,0.2734,0.9947,1.194,0.7583,0.231,-1.0,3.1036
146511,4601,66.0758,-10.3608,-14.0667,-63.7242,17.4705,-2.0055,-2.2056,1.0,39.3381,29.8156,13.5593,21.7864,32.754,0.6239,0.4268,-1.0,94.7341
146511,4602,44.7199,29.7769,21.5239,25.4935,36.7416,0.6476,0.6259,-1.0,44.6146,-29.0521,-21.879,-25.8405,36.3692,-0.6613,-2.4961,1.0,89.3302
146511,4603,1.5117,-1.2626,0.4389,-0.698,1.3367,-0.501,2.807,1.0,2.3071,1.7219,0.2715,-1.5076,1.7432,-0.7825,0.1564,-1.0,3.0005
146511,4604,2.9869,-1.9409,1.0674,2.001,2.215,0.8114,2.6388,1.0,3.2301,-2.9786,-1.2253,0.2218,3.2208,0.0688,-2.7513,-1.0,3.0797
146511,4605,0.9425,-0.4668,-0.8114,0.0302,0.9361,0.0322,-2.0929,-1.0,1.4044,-0.5361,0.2588,-1.2677,0.5953,-1.5002,2.6919,1.0,1.6327
146511,4606,8.293,0.9467,-5.3755,-6.2426,5.4583,-0.9794,-1.3965,-1.0,4.5765,-1.6914,3.613,-2.2401,3.9893,-0.5356,2.0086,1.0,9.4871
146511,4607,1.7392,-0.5968,1.6043,-0.2895,1.7117,-0.1683,1.9269,-1.0,4.3944,-1.6756,3.7762,1.4939,4.1313,0.3542,1.9884,1.0,1.4341
146511,4608,0.3389,-0.1078,0.0333,0.3016,0.1128,1.7096,2.842,1.0,22.4687,1.1022,5.5561,21.7427,5.6643,2.0548,1.375,-1.0,1.4157
146511,4609,45.7314,-37.5017,12.9891,22.7213,39.6874,0.5451,2.8082,1.0,42.6668,35.6334,-15.1283,-17.9398,38.7119,-0.4483,-0.4015,-1.0,88.2231
146511,4610,4.771,-3.9581,-0.5832,2.5971,4.0008,0.6105,-2.9953,-1.0,9.2227,5.2741,-2.1259,7.2603,5.6865,1.0642,-0.3832,1.0,9.465
146511,4611,0.9358,0.6735,0.6198,-0.1637,0.9153,-0.1779,0.7439,1.0,1.4111,-0.6885,-0.1492,-1.2181,0.7045,-1.3154,-2.9282,-1.0,1.8376
146511,4612,1.7363,-0.4619,-1.2927,1.0578,1.3728,0.7095,-1.914,-1.0,17.2652,-7.4567,-4.7421,14.8319,8.8368,1.2898,-2.5752,1.0,3.0739
146511,4613,1.7389,-1.6022,0.111,-0.6582,1.6061,-0.3991,3.0724,-1.0,2.797,0.777,1.932,-1.8643,2.0824,-0.8053,1.1884,1.0,3.0588
146511,4614,2.3177,-0.0968,-1.2336,1.9569,1.2374,1.2391,-1.6491,-1.0,8.4502,0.0928,-1.1297,8.3731,1.1335,2.6974,-1.4888,1.0,1.9111
146511,4615,10.9634,3.8662,2.6776,-9.903,4.7028,-1.49,0.6057,-1.0,17.4205,4.5653,4.0463,-16.3171,6.1003,-1.7103,0.7252,1.0,1.3617
146511,4616,15.0974,-9.5821,-11.65,0.6165,15.0845,0.0409,-2.2591,-1.0,16.5193,-6.2481,9.2842,12.1508,11.1909,0.9407,2.1632,1.0,24.0919
146511,4617,1.2804,-0.1964,0.8552,0.9265,0.8774,0.9204,1.7966,-1.0,2.0519,0.4978,-0.8504,-1.7967,0.9854,-1.3617,-1.0412,1.0,3.2025
146511,4618,0.1478,0.0112,-0.0962,0.0362,0.0968,0.3659,-1.4547,-1.0,8.2735,0.3938,-2.0727,-7.9993,2.1097,-2.0429,-1.383,1.0,1.625
146511,4619,14.4669,-1.5453,4.6029,13.6274,4.8554,1.7555,1.8947,-1.0,7.4855,0.9812,1.2501,7.314,1.5892,2.2313,0.9053,1.0,2.9643
146511,4620,11.1409,-3.3251,3.2567,-10.1215,4.6542,-1.5191,2.3666,1.0,23.0683,8.6215,-4.0894,21.002,9.5422,1.5301,-0.4429,-1.0,31.9866
146511,4621,46.9647,21.2098,37.9921,-17.6753,43.5115,-0.3958,1.0616,1.0,43.1569,-25.3513,-30.1029,17.7099,39.3557,0.436,-2.2707,-1.0,89.68
146511,4622,33.1533,-9.2788,-2.5916,-31.7225,9.634,-1.9072,-2.8692,1.0,4.5177,-1.5428,0.7298,-4.1816,1.7067,-1.6285,2.6997,-1.0,3.0704
146511,4623,47.5608,-38.2704,-27.1917,7.6163,46.9469,0.1615,-2.5238,1.0,47.6415,36.3203,29.1128,-10.1482,46.548,-0.2163,0.6757,-1.0,95.1293
146511,4624,7.7575,1.9352,3.4511,6.6717,3.9567,1.2938,1.0598,1.0,10.8435,-3.7579,-7.1323,-7.2511,8.0618,-0.8084,-2.0557,-1.0,18.1325
146511,4625,1.6046,0.6673,1.089,-0.9656,1.2772,-0.698,1.021,1.0,2.926,-0.1958,-1.7887,-2.3049,1.7994,-1.0668,-1.6798,-1.0,3.0196
146511,4626,5.1576,-3.4398,3.7436,-0.8615,5.084,-0.1687,2.3139,1.0,4.801,3.2058,-2.7581,-2.2702,4.229,-0.5139,-0.7105,-1.0,9.3989
146511,4627,2.7911,-2.2473,-0.4852,1.579,2.2991,0.6418,-2.9289,-1.0,5.3541,-2.8794,0.2498,4.5057,2.8903,1.227,3.0551,1.0,1.7267
146511,4628,6.5171,1.0635,2.6637,5.8511,2.8682,1.4614,1.1909,-1.0,7.2571,-1.2806,-3.1881,-6.3914,3.4357,-1.3794,-1.9528,1.0,13.7519
146511,4629,4.079,-0.1482,1.6517,3.7252,1.6584,1.5487,1.6603,1.0,0.2794,-0.1146,0.2281,0.0419,0.2553,0.1633,2.0365,-1.0,1.0966
146511,4630,6.4794,-3.702,0.5467,-5.2885,3.7422,-1.1456,2.995,1.0,8.9553,-4.1767,1.3749,-7.8007,4.3972,-1.3378,2.8236,-1.0,1.0664
146511,4631,0.9292,-0.2892,0.8291,0.285,0.8781,0.3191,1.9064,-1.0,1.1717,-0.3728,-0.3523,1.0482,0.5129,1.463,-2.3845,1.0,1.4039
146511,4632,12.2976,-2.995,-5.422,-10.6231,6.1942,-1.3084,-2.0755,1.0,4.2678,0.0306,-2.0395,-3.7473,2.0397,-1.3683,-1.5558,-1.0,1.8546
146511,4633,3.2338,-0.7866,-0.1,3.1333,0.793,2.0828,-3.0152,-1.0,9.8061,-3.794,0.5571,9.0246,3.8347,1.5914,2.9958,1.0,1.0165
146511,4634,3.3257,-1.6098,1.2344,-2.6332,2.0286,-1.0772,2.4874,-1.0,5.1643,-2.1158,-1.9801,-4.2733,2.8978,-1.1806,-2.3893,1.0,3.1533
146511,4635,3.4304,-0.1152,-0.7076,3.353,0.7169,2.247,-1.7321,-1.0,0.1906,0.1228,-0.0995,-0.0129,0.1581,-0.0814,-0.6807,1.0,1.1418
146511,4636,4.1608,-0.3562,-2.3631,-3.4044,2.3898,-1.1522,-1.7204,-1.0,2.3173,0.1722,1.5502,1.7106,1.5597,0.9482,1.4602,1.0,6.197
146511,4637,0.5689,-0.1621,-0.2801,-0.4558,0.3236,-1.143,-2.0953,1.0,19.3573,-1.8087,7.4817,-17.7609,7.6972,-1.5732,1.808,-1.0,3.0759
146511,4638,0.8781,0.8451,0.1958,-0.0857,0.8675,-0.0987,0.2277,1.0,1.2492,-0.9204,0.8283,-0.1274,1.2382,-0.1027,2.4088,-1.0,1.8509
146511,4639,5.3689,-4.1764,3.1587,-1.1807,5.2364,-0.2236,2.4941,-1.0,1.8763,-1.1384,1.4877,-0.0143,1.8733,-0.0076,2.224,1.0,1.1085
146511,4640,1.6364,-1.1944,0.9771,0.5342,1.5432,0.3396,2.4559,1.0,3.0086,-0.9084,0.9562,2.7021,1.3189,1.4652,2.3305,-1.0,1.7157
146511,4641,17.7601,-6.4394,-0.9665,-16.523,6.5115,-1.6611,-2.9926,1.0,21.6359,-3.6592,0.0973,-21.3238,3.6605,-2.4627,3.115,-1.0,4.1147
146511,4642,9.4728,3.6916,7.8709,-3.7609,8.6936,-0.4201,1.1322,1.0,2.5613,0.7169,2.3689,-0.6505,2.475,-0.2599,1.2769,-1.0,1.0344
146511,4643,7.0996,3.1783,3.9866,-4.9396,5.0984,-0.8592,0.8977,1.0,9.7305,5.3951,5.0349,-6.3415,7.3795,-0.7783,0.7509,-1.0,1.0496
146511,4644,0.7421,0.4664,-0.4491,-0.3468,0.6475,-0.5128,-0.7665,1.0,1.396,0.0685,0.182,1.3783,0.1944,2.6566,1.2106,-1.0,1.7748
146511,4645,48.0362,-26.4227,7.6947,-39.3713,27.5203,-1.1557,2.8582,-1.0,46.1064,20.7311,-5.1073,40.8648,21.3509,1.4045,-0.2415,1.0,93.9229
146511,4646,52.5371,26.6586,8.9984,44.3675,28.1363,1.2367,0.3255,1.0,40.5545,-18.2198,-13.0358,-33.8047,22.403,-1.1997,-2.5206,-1.0,92.016
146511,4647,0.6374,0.6165,-0.1175,-0.0358,0.6276,-0.057,-0.1883,1.0,2.7219,1.9189,0.1179,1.9238,1.9226,0.8818,0.0614,-1.0,1.1365
146511,4648,1.0999,0.9902,-0.3184,0.3417,1.0401,0.3228,-0.3111,-1.0,2.1188,-1.2301,-0.2345,1.7059,1.2522,1.1159,-2.9532,1.0,2.4092
146511,4649,1.2012,0.1216,-1.1249,-0.3892,1.1315,-0.3375,-1.4631,-1.0,1.2978,-0.3856,1.1639,0.4119,1.2261,0.3299,1.8907,1.0,2.4845
146511,4650,36.2079,-14.8321,24.52,-22.1309,28.657,-0.7109,2.1148,-1.0,1.8405,1.2676,0.6254,-1.1741,1.4135,-0.7564,0.4583,1.0,9.3955
146511,4651,4.4521,3.0361,-1.0806,-3.0699,3.2226,-0.8475,-0.3419,1.0,5.4459,-1.5817,-0.239,5.2045,1.5996,1.8957,-2.9916,-1.0,9.4634
146511,4652,16.4397,-2.7494,4.214,-15.6504,5.0316,-1.8528,2.1489,1.0,40.6685,2.4746,9.5119,-39.4628,9.8285,-2.0984,1.3163,-1.0,5.9498
146511,4653,6.3972,4.5545,-3.9122,-2.2057,6.004,-0.3596,-0.7097,1.0,3.5368,2.5617,-0.6143,-2.3576,2.6343,-0.8051,-0.2354,-1.0,2.5948
146511,4654,2.8461,1.0477,-1.108,-2.4008,1.5249,-1.2353,-0.8134,-1.0,12.1271,2.5393,-10.0357,-6.3161,10.3519,-0.5775,-1.323,1.0,3.3414
146511,4655,43.4435,2.7769,40.7414,14.824,40.8359,0.3555,1.5027,1.0,47.6291,-2.7854,-43.4452,-19.3204,43.5344,-0.4304,-1.6348,-1.0,90.9213
146511,4656,46.4063,-41.6152,-19.335,-6.9187,45.8875,-0.1502,-2.7067,1.0,46.8084,41.9706,19.4719,7.0945,46.2675,0.1527,0.4344,-1.0,93.2138
146511,4657,2.1649,1.1437,1.8351,-0.0045,2.1623,-0.0021,1.0134,-1.0,4.1711,2.1889,1.5361,3.1994,2.6741,1.0137,0.6119,1.0,2.7325
146511,4658,6.2088,-3.1441,0.7588,-5.2987,3.2344,-1.2691,2.9048,1.0,11.8491,-2.8142,4.2853,-10.682,5.1268,-1.4804,2.1519,-1.0,3.1236
146511,4659,4.7076,4.2206,1.7264,1.1646,4.56,0.2527,0.3883,1.0,4.5379,0.6133,-4.4851,-0.298,4.5269,-0.0658,-1.4349,-1.0,7.3315
146511,4660,1.627,-0.5372,-1.4119,-0.595,1.5106,-0.3843,-1.9344,-1.0,1.8007,-0.5837,1.3869,0.9835,1.5047,0.6142,1.9692,1.0,3.2157
146511,4661,47.8723,-26.3,29.4695,27.0482,39.4986,0.6402,2.2994,1.0,50.487,26.1702,-26.3031,-34.2374,37.1043,-0.8257,-0.7879,-1.0,98.045
146511,4662,16.4112,2.9324,0.8326,-16.1253,3.0483,-2.3678,0.2766,1.0,24.4514,6.5393,3.1962,-23.3427,7.2786,-1.882,0.4546,-1.0,2.4673
146511,4663,4.3485,1.5586,0.1565,4.0551,1.5664,1.6797,0.1001,1.0,9.7563,1.8584,-0.0347,9.577,1.8588,2.3419,-0.0187,-1.0,1.1906
146511,4664,8.6839,-1.4224,4.0457,7.5504,4.2885,1.3312,1.9089,-1.0,1.2607,-1.1233,0.4653,0.3164,1.2158,0.2573,2.7489,1.0,3.1908
146511,4665,8.8061,7.539,-4.0824,2.0082,8.5734,0.2321,-0.4963,1.0,2.9704,-2.2043,-0.4627,-1.9336,2.2524,-0.7777,-2.9347,-1.0,9.4637
146511,4666,5.1753,0.453,-3.0273,-4.1716,3.061,-1.1162,-1.4223,-1.0,4.4854,-1.6884,2.1294,3.5669,2.7176,1.0861,2.2412,1.0,9.52
146511,4667,4.7951,-4.1314,1.2066,2.1113,4.304,0.4727,2.8574,1.0,0.4298,-0.0837,0.334,0.2344,0.3444,0.6367,1.8164,-1.0,1.2869
146511,4668,43.6952,38.1076,18.7031,-10.3571,42.4499,-0.2416,0.4563,1.0,60.0458,-14.3498,-56.1713,-15.6321,57.9752,-0.2665,-1.8209,-1.0,90.1026
146511,4669,5.874,-0.5631,-0.8545,5.7832,1.0233,2.4328,-2.1535,1.0,27.0993,-8.8762,0.5678,25.5979,8.8944,1.7791,3.0777,-1.0,3.6445
146511,4670,5.1957,0.5585,1.2951,-4.9995,1.4104,-1.9779,1.1636,-1.0,5.7544,0.2262,2.3957,-5.226,2.4064,-1.5179,1.4766,1.0,1.0515
146511,4671,9.134,-0.8437,-3.2343,8.4998,3.3425,1.6631,-1.826,-1.0,1.8151,-0.8188,-0.4168,1.5618,0.9188,1.3007,-2.6708,1.0,1.5978
146511,4672,2.2312,0.5505,1.0597,-1.8817,1.1942,-1.2361,1.0917,1.0,3.4509,-0.2415,0.9846,-3.2969,1.0138,-1.8953,1.8113,-1.0,1.0921
146511,4673,10.8853,-3.5229,6.7222,7.8025,7.5894,0.9011,2.0535,-1.0,1.304,-0.2246,1.0239,0.7685,1.0482,0.6796,1.7868,1.0,1.0352
146511,4674,1.6096,1.365,-0.4811,0.6964,1.4473,0.4643,-0.3389,1.0,1.4664,-1.3134,0.3839,-0.5165,1.3684,-0.369,2.8572,-1.0,3.0688
146511,4675,1.5651,1.4936,-0.0782,0.4487,1.4956,0.2957,-0.0523,-1.0,1.1232,-0.6855,-0.1676,0.8674,0.7057,1.0344,-2.9018,1.0,2.1866
146511,4676,5.7226,-0.8205,4.0067,4.0012,4.0898,0.866,1.7728,-1.0,1.8025,-0.6705,0.6535,1.5367,0.9362,1.2707,2.3691,1.0,1.4208
146511,4677,1.412,0.6856,1.0059,0.7077,1.2173,0.5527,0.9725,-1.0,1.5178,-0.2714,0.8594,1.2167,0.9012,1.1086,1.8767,1.0,1.1091
146511,4678,6.486,1.4594,-3.9794,-4.9082,4.2386,-0.9888,-1.2193,-1.0,7.7779,0.6622,-3.8119,-6.7466,3.8689,-1.3228,-1.3988,1.0,1.5552
146511,4679,46.803,45.6078,-6.0724,-8.5774,46.0102,-0.1854,-0.1324,-1.0,45.6013,-39.2394,0.8199,23.2177,39.248,0.5616,3.1207,1.0,90.8629
146511,4680,61.5828,46.6499,12.6041,38.1755,48.3226,0.7249,0.2639,1.0,49.4198,-27.1701,-38.118,15.8461,46.8103,0.3324,-2.1901,-1.0,91.5031
146511,4681,1.1181,0.5324,0.3764,0.9021,0.652,1.1284,0.6154,1.0,0.4718,-0.185,0.4108,-0.0918,0.4506,-0.2024,1.9939,-1.0,1.0634
146511,4682,3.7219,0.7814,-0.4307,-3.6119,0.8922,-2.1064,-0.5038,-1.0,6.094,-0.2311,0.125,6.0875,0.2627,3.8365,2.6458,1.0,9.4778
146511,4683,1.7789,1.5752,-0.7802,0.2515,1.7579,0.1426,-0.4599,-1.0,1.4643,-1.2661,0.3366,0.6457,1.31,0.4748,2.8818,1.0,3.0694
146511,4684,49.8396,-20.0849,-30.2201,34.166,36.2858,0.8395,-2.1574,1.0,58.2039,29.5611,46.7138,18.2113,55.2814,0.3237,1.0066,-1.0,92.5645
146511,4685,0.791,0.3938,-0.579,0.3524,0.7002,0.4841,-0.9736,-1.0,0.5269,-0.4442,0.1638,0.2057,0.4735,0.4219,2.7884,1.0,1.1182
146511,4686,1.4802,0.5551,-1.2253,0.6085,1.3452,0.4382,-1.1455,-1.0,11.8108,10.8905,3.1326,3.327,11.3321,0.2895,0.2801,1.0,5.1502
146511,4687,4.1374,-2.516,-0.1808,-3.2778,2.5225,-1.0781,-3.0698,-1.0,3.3878,-3.1137,0.5556,-1.2095,3.1628,-0.3736,2.965,1.0,2.1588
146511,4688,7.6841,4.105,4.9211,-4.2387,6.4084,-0.6208,0.8756,-1.0,3.5349,-2.5451,-2.2816,-0.8951,3.4181,-0.259,-2.4107,1.0,9.4927
146511,4689,6.3935,0.8084,-1.8447,-6.0671,2.0141,-1.8223,-1.1578,-1.0,1.5364,0.9656,0.7127,-0.9534,1.2001,-0.7283,0.6359,1.0,3.0278
146511,4690,1.9327,1.3794,-0.7492,-1.1225,1.5697,-0.665,-0.4976,1.0,9.0666,8.442,-2.3911,-2.2821,8.7741,-0.2573,-0.276,-1.0,1.7528
146511,4691,11.7761,-3.5871,2.1597,11.0061,4.187,1.694,2.5996,-1.0,7.8485,-0.8315,2.2206,7.481,2.3711,1.8664,1.9291,1.0,2.1545
146511,4692,43.7841,16.6942,1.6324,-40.4435,16.7739,-1.6137,0.0975,-1.0,2.8396,1.4383,0.7375,-2.3323,1.6163,-1.1627,0.4738,1.0,3.0982
146511,4693,5.2298,-0.5796,4.2876,-2.936,4.3266,-0.635,1.7052,-1.0,4.4843,0.9433,-4.0485,1.6786,4.157,0.3936,-1.3419,1.0,9.6226
146511,4694,14.2713,-2.2832,3.3465,-13.6838,4.0512,-1.9316,2.1695,-1.0,4.3792,-0.8082,0.4488,-4.2792,0.9244,-2.237,2.6347,1.0,1.1
146511,4695,2.9093,-0.3996,-2.5556,-1.3275,2.5867,-0.493,-1.7259,-1.0,1.0984,0.7746,0.7031,-0.3179,1.0461,-0.2994,0.7371,1.0,3.1277
146511,4696,0.4354,-0.3758,0.1708,-0.0896,0.4128,-0.2153,2.715,-1.0,2.0655,0.1567,-0.8218,-1.8855,0.8367,-1.5516,-1.3823,1.0,1.3718
146511,4697,7.7744,-4.5274,-3.4009,5.326,5.6625,0.8387,-2.4973,1.0,5.6493,-0.4266,3.2729,-4.5836,3.3006,-1.1314,1.7004,-1.0,12.4534
146511,4698,1.2005,-0.3749,-1.0001,-0.5378,1.0681,-0.4844,-1.9295,-1.0,3.2595,-0.1329,-3.0904,1.0223,3.0933,0.3248,-1.6138,1.0,1.6331
146511,4699,18.2076,5.3685,-8.3375,15.27,9.9164,1.2167,-0.9987,1.0,16.5687,0.5803,-0.262,16.5561,0.6367,3.9517,-0.424,-1.0,9.3356
146511,4700,45.5466,-37.3968,-2.8671,-25.8408,37.5065,-0.6436,-3.0651,1.0,42.4526,32.9913,3.2717,26.5157,33.1531,0.7325,0.0988,-1.0,87.8854
146511,4701,3.2066,2.0019,2.1031,-1.3566,2.9036,-0.4517,0.8101,1.0,0.7235,-0.2822,-0.5519,0.3577,0.6199,0.5491,-2.0435,-1.0,3.014
146511,4702,9.4565,-0.6844,-3.7581,-8.65,3.8199,-1.556,-1.7509,-1.0,20.8193,9.7475,2.122,-18.2734,9.9759,-1.3658,0.2144,1.0,10.3413
146511,4703,2.5014,0.4557,-1.7839,-1.6899,1.8412,-0.8221,-1.3207,-1.0,16.6157,5.4409,-9.2905,-12.6552,10.7664,-1.0001,-1.041,1.0,1.5063
146511,4704,8.2536,0.4804,-2.8405,7.7338,2.8809,1.7137,-1.4033,1.0,9.3202,-0.8908,-2.3113,8.9844,2.477,2.0001,-1.9387,-1.0,1.6222
146511,4705,0.7212,-0.6399,-0.0667,0.3083,0.6433,0.4625,-3.0377,1.0,2.4559,0.4858,2.3722,-0.3965,2.4214,-0.163,1.3688,-1.0,2.1788
146511,4706,2.0343,0.9374,-1.1597,-1.3797,1.4912,-0.8275,-0.891,-1.0,2.6056,-0.1217,-0.5661,-2.5383,0.579,-2.1838,-1.7826,1.0,1.5921
146511,4707,7.581,1.6197,2.0913,7.1037,2.6452,1.714,0.9118,-1.0,38.4517,4.8884,8.0017,37.2907,9.3768,2.0891,1.0224,1.0,1.9786
146511,4708,1.005,-0.1289,0.19,-0.9727,0.2296,-2.1506,2.1669,1.0,2.1048,-0.4039,-0.2534,2.0474,0.4768,2.1636,-2.5813,-1.0,2.8684
146511,4709,2.2418,-0.6328,-0.504,2.088,0.809,1.6769,-2.469,-1.0,8.8976,-5.0861,-1.5133,7.1413,5.3065,1.1061,-2.8524,1.0,1.4595
146511,4710,18.0506,3.4474,17.159,-4.4156,17.5019,-0.2497,1.3725,1.0,7.5332,5.622,3.2305,-3.8335,6.484,-0.5613,0.5215,-1.0,9.4075
146511,4711,1.8244,0.6466,-1.4472,-0.8972,1.5851,-0.5394,-1.1507,1.0,0.6344,-0.582,-0.1656,-0.1586,0.6051,-0.2591,-2.8644,-1.0,1.5251
146511,4712,13.2851,9.1086,-4.8006,-8.3947,10.2962,-0.7446,-0.4851,-1.0,4.7199,3.6501,0.1182,-2.9881,3.652,-0.7468,0.0324,1.0,3.1468
146511,4713,34.4925,9.2822,26.0181,20.6548,27.6242,0.6913,1.2281,-1.0,66.5607,-2.5377,-35.7517,-56.0865,35.8416,-1.2302,-1.6417,1.0,93.8942
146511,4714,1.5485,0.491,-1.3227,-0.6292,1.4109,-0.4324,-1.2154,-1.0,2.4029,-1.2452,-0.6612,1.943,1.4098,1.1252,-2.6534,1.0,3.0631
146511,4715,0.8469,0.7699,-0.0811,0.3268,0.7742,0.4105,-0.1049,1.0,7.4105,5.5956,2.021,4.4168,5.9494,0.6871,0.3466,-1.0,1.1828
146511,4716,0.9176,-0.3977,0.2096,0.7929,0.4496,1.3327,2.6567,1.0,1.6049,0.7427,0.4224,1.3545,0.8544,1.2411,0.5172,-1.0,1.1106
146511,4717,13.0501,-3.2394,-2.3174,12.427,3.983,1.8557,-2.5206,-1.0,17.2153,-1.3482,-5.0639,16.398,5.2403,1.8585,-1.831,1.0,3.0959
146511,4718,6.1895,-3.943,0.9802,-4.668,4.063,-0.9829,2.8979,-1.0,6.9551,1.3999,-0.129,-6.8107,1.4058,-2.2815,-0.0919,1.0,5.816
146511,4719,4.5077,-0.8588,-0.4716,4.3986,0.9797,2.2071,-2.6394,1.0,22.2773,-2.3546,-4.526,21.685,5.1019,2.1537,-2.0505,-1.0,1.3335
146511,4720,16.6219,6.3238,-4.6382,-14.6552,7.8424,-1.3833,-0.6328,1.0,7.8494,4.368,-3.5473,-5.4716,5.627,-0.8617,-0.6821,-1.0,3.527
146511,4721,2.5656,0.8216,-0.1437,-2.424,0.834,-1.7884,-0.1732,1.0,22.2511,3.6187,-5.8269,-21.1672,6.8591,-1.8453,-1.0151,-1.0,1.99
146511,4722,4.5145,-1.2415,-1.5635,-4.0476,1.9965,-1.4558,-2.2419,1.0,0.5564,-0.1778,0.1975,-0.4772,0.2658,-1.3484,2.3036,-1.0,1.1656
146511,4723,2.1458,0.1902,-0.007,2.1348,0.1903,3.1125,-0.0369,1.0,2.4109,-2.1385,1.0949,0.1722,2.4024,0.0716,2.6684,-1.0,3.2346
146511,4724,9.8553,3.7492,6.9822,-5.8574,7.9251,-0.6844,1.078,1.0,0.2992,0.1507,0.2311,-0.0473,0.2759,-0.1706,0.993,-1.0,1.0043
146511,4725,22.0376,11.9904,8.3564,16.4939,14.615,0.9694,0.6087,1.0,19.9118,-8.2642,-10.0009,-15.1048,12.9736,-0.9929,-2.2614,-1.0,41.7281
146511,4726,5.8138,1.3902,-2.3425,-5.1351,2.724,-1.391,-1.0352,1.0,4.5215,2.5925,0.974,3.5726,2.7694,1.0723,0.3594,-1.0,9.3082
146511,4727,1.1468,-0.1868,-1.1138,0.1691,1.1293,0.1492,-1.737,1.0,1.6831,-0.4982,-0.1949,1.5923,0.535,1.811,-2.7687,-1.0,1.6504
146511,4728,1.7818,-0.6421,-1.0489,1.2849,1.2298,0.9127,-2.1201,1.0,1.3907,0.9251,0.7697,-0.6888,1.2035,-0.545,0.694,-1.0,3.0905
146511,4729,0.8443,-0.2106,-0.0059,-0.8108,0.2107,-2.0573,-3.1134,1.0,0.3542,-0.0838,-0.0971,0.3128,0.1283,1.624,-2.2826,-1.0,1.0446
146511,4730,2.1324,1.6437,-0.925,0.9893,1.8861,0.503,-0.5126,-1.0,2.8935,1.7576,0.6143,-2.2125,1.8618,-1.0085,0.3362,1.0,3.4784
146511,4731,45.7106,39.8257,18.0619,13.309,43.7301,0.2998,0.4258,1.0,44.1488,-35.1691,-17.5793,-20.0801,39.3179,-0.4908,-2.6781,-1.0,89.4816
146511,4732,0.7044,-0.4305,-0.5387,-0.0973,0.6896,-0.1407,-2.245,1.0,0.7097,0.3938,0.5792,0.0445,0.7004,0.0635,0.9737,-1.0,1.4121
146511,4733,10.2356,-3.2148,0.687,-9.6928,3.2874,-1.802,2.9311,1.0,24.2287,-7.1167,0.0481,-23.1596,7.1169,-1.8959,3.1348,-1.0,1.1082
146511,4734,44.591,5.1624,-35.843,-26.0189,36.2128,-0.6678,-1.4278,1.0,48.2968,-8.8962,38.4045,27.902,39.4214,0.659,1.7984,-1.0,92.7583
146511,4735,18.7841,-5.073,4.5056,-17.5156,6.785,-1.6771,2.4154,1.0,6.2095,0.0582,0.9925,-6.1284,0.9942,-2.5185,1.5122,-1.0,3.2033
146511,4736,1.6287,-1.0933,0.2759,-1.1705,1.1276,-0.9081,2.8944,1.0,1.6162,1.5747,0.1177,0.3278,1.5791,0.2061,0.0746,-1.0,3.0713
146511,4737,3.6008,-1.1116,0.4162,3.3979,1.1869,1.7741,2.7834,-1.0,2.8712,1.3462,0.0155,-2.5338,1.3462,-1.3896,0.0115,1.0,6.3951
146511,4738,1.2679,0.1261,-0.9733,0.7957,0.9815,0.7411,-1.4419,1.0,1.9494,-0.947,0.8748,1.4583,1.2893,0.9711,2.3958,-1.0,2.1416
146511,4739,5.4568,-3.8012,3.9075,-0.219,5.4514,-0.0402,2.3424,-1.0,1.4182,0.5224,1.3138,0.0349,1.4138,0.0247,1.1923,1.0,3.0364
146511,4740,1.3148,-1.1952,0.5331,-0.0706,1.3087,-0.0539,2.7221,-1.0,0.8881,0.7311,0.3922,-0.2986,0.8297,-0.3526,0.4924,1.0,1.9092
146511,4741,0.7939,0.0253,0.2772,-0.736,0.2784,-1.6994,1.4797,1.0,2.9713,-2.7312,-0.8435,-0.804,2.8585,-0.2777,-2.8421,-1.0,2.0403
146511,4742,6.2114,-2.2206,2.8454,-5.054,3.6093,-1.1381,2.2335,-1.0,4.9372,3.9463,-2.9116,-0.5608,4.9041,-0.1141,-0.6356,1.0,9.4754
146511,4743,1.2987,-0.592,-1.1155,0.2842,1.2628,0.2232,-2.0587,1.0,1.2852,0.1522,-0.7532,-1.0247,0.7685,-1.0987,-1.3714,-1.0,1.563
146511,4744,4.025,-0.6786,-0.9755,3.8442,1.1883,1.8903,-2.1786,-1.0,26.5949,-7.0006,1.3743,25.6199,7.1342,1.9905,2.9477,1.0,3.2123
146511,4745,6.4241,-4.6957,3.9037,-1.9921,6.1065,-0.3207,2.448,1.0,6.1003,3.1195,-5.0009,1.5694,5.894,0.2632,-1.0131,-1.0,12.369
146511,4746,9.799,6.4622,5.5986,4.786,8.5501,0.534,0.7139,1.0,4.5097,3.2359,1.6387,2.6778,3.6271,0.6837,0.4688,-1.0,1.6133
146511,4747,5.4378,-4.7408,1.9119,1.8515,5.1118,0.3547,2.7583,-1.0,4.8009,-4.3577,-1.2511,1.5758,4.5337,0.3409,-2.862,1.0,3.141
146511,4748,1.5839,-0.7393,-0.0258,-1.3966,0.7397,-1.3924,-3.1068,-1.0,19.298,14.3309,-12.6783,2.5074,19.1342,0.1307,-0.7243,1.0,9.4178
146511,4749,3.9215,-2.1557,-1.9624,-2.6209,2.9151,-0.8082,-2.4031,1.0,13.5058,-4.236,0.3684,-12.8186,4.252,-1.8231,3.0548,-1.0,4.684
146511,4750,0.6363,0.3259,-0.0289,0.5354,0.3272,1.2682,-0.0884,1.0,3.5353,2.3243,2.1277,1.5993,3.1511,0.488,0.7413,-1.0,1.1902
146511,4751,3.5927,-1.4325,0.3815,-3.2709,1.4824,-1.5324,2.8813,-1.0,1.309,0.3763,-0.4507,-1.1651,0.5872,-1.4366,-0.8752,1.0,1.7966
146511,4752,2.3682,-2.1243,1.0386,-0.0748,2.3646,-0.0316,2.6868,-1.0,1.5261,-1.4871,-0.0142,0.3257,1.4872,0.2173,-3.132,1.0,1.0052
146511,4753,7.1175,-4.2734,1.6537,-5.4453,4.5822,-1.0085,2.7724,1.0,1.8562,-0.4689,0.844,-1.5818,0.9655,-1.2691,2.0779,-1.0,1.5556
146511,4754,49.7113,29.7702,-39.7524,-2.1657,49.664,-0.0436,-0.928,-1.0,42.2459,-22.1257,34.5379,-10.1139,41.0173,-0.2441,2.1406,1.0,90.6627
146511,4755,1.0024,-0.4966,-0.2446,-0.8289,0.5536,-1.1934,-2.684,1.0,4.5157,-0.4502,1.0251,-4.3735,1.1196,-2.0717,1.9846,-1.0,1.3707
146511,4756,13.068,6.5936,-8.1621,-7.7889,10.4926,-0.687,-0.8913,1.0,9.2631,4.2887,-5.3821,-6.1995,6.8819,-0.8095,-0.898,-1.0,1.065
146511,4757,41.2909,-38.8567,5.0669,13.0156,39.1857,0.3263,3.0119,-1.0,56.4061,25.9239,-16.5099,-47.2971,30.7348,-1.2161,-0.5671,1.0,89.8403
146511,4758,2.1402,0.1815,2.1213,0.1913,2.129,0.0897,1.4855,-1.0,1.0871,0.816,0.5639,0.4323,0.9918,0.4231,0.6047,1.0,1.3498
146511,4759,51.864,-31.3491,-0.3354,41.3157,31.3509,1.0893,-3.1309,1.0,42.8052,32.0491,11.009,-26.1522,33.8872,-0.7105,0.3309,-1.0,92.8327
146511,4760,0.2917,-0.136,-0.1549,0.1772,0.2062,0.7785,-2.2912,-1.0,4.3959,1.5992,2.0733,-3.5294,2.6184,-1.1074,0.9138,1.0,2.217
146511,4761,0.9614,0.7009,0.5908,-0.2698,0.9167,-0.2903,0.7004,1.0,0.9008,-0.5479,-0.6749,-0.2109,0.8693,-0.2403,-2.2527,-1.0,1.7905
146511,4762,51.4144,28.9108,-3.353,42.3835,29.1046,1.1702,-0.1155,-1.0,39.6338,-29.0003,-2.5612,-26.8933,29.1132,-0.8264,-3.0535,1.0,89.5257
146511,4763,35.397,5.5719,8.4518,-33.9183,10.1232,-1.9238,0.9879,1.0,14.9554,-0.7742,3.2,-14.5882,3.2923,-2.1943,1.8082,-1.0,4.8682
146511,4764,3.6061,2.3947,0.3863,2.6663,2.4256,0.9498,0.1599,1.0,10.4775,5.41,2.2707,8.68,5.8673,1.1833,0.3974,-1.0,1.2793
146511,4765,9.6791,8.1012,-4.6949,-2.45,9.3633,-0.2588,-0.5252,1.0,12.3053,-9.4892,6.6488,-4.1423,11.5867,-0.3503,2.5304,-1.0,20.8353
146511,4766,4.0149,-1.6575,-0.562,3.6118,1.7502,1.4718,-2.8147,1.0,0.7756,0.5115,-0.4745,-0.3218,0.6977,-0.4462,-0.7479,-1.0,3.1203
146511,4767,1.1977,0.2125,1.1726,-0.0563,1.1917,-0.0472,1.3915,-1.0,2.5368,1.0619,-1.6281,-1.6265,1.9438,-0.7611,-0.9929,1.0,3.0467
146511,4768,5.567,-1.0302,-1.2204,-5.3319,1.5971,-1.9204,-2.2719,1.0,29.4468,-7.734,-5.6812,-27.8391,9.5964,-1.7867,-2.508,-1.0,1.0994
146511,4769,1.0949,0.8168,0.209,0.6905,0.8431,0.7475,0.2505,-1.0,3.3716,0.402,-3.0836,-1.2985,3.1097,-0.4063,-1.4412,1.0,3.1355
146511,4770,0.9909,-0.8911,0.3405,-0.2468,0.9539,-0.2559,2.7766,-1.0,2.6859,1.8355,0.5863,1.8682,1.9269,0.8597,0.3092,1.0,3.0232
146511,4771,1.3659,-0.465,1.1754,-0.5069,1.264,-0.391,1.9476,1.0,1.805,1.1831,0.4517,-1.2818,1.2664,-0.8899,0.3647,-1.0,1.9216
146511,4772,0.2982,0.0989,0.0914,0.2442,0.1346,1.357,0.7461,-1.0,2.8985,-1.8705,-0.4034,2.1745,1.9135,0.9746,-2.9292,1.0,1.0642
146511,4773,0.9109,0.2648,0.8294,-0.2461,0.8706,-0.2791,1.2618,-1.0,8.9631,4.1838,6.3676,-4.7197,7.6191,-0.5854,0.9895,1.0,1.118
146511,4774,2.5196,-1.3386,-2.1309,0.0717,2.5164,0.0285,-2.1317,-1.0,4.0717,0.6689,-3.5835,1.8108,3.6454,0.4783,-1.3862,1.0,2.6078
146511,4775,5.5943,2.3044,-1.7883,-4.7725,2.9169,-1.268,-0.66,-1.0,3.3263,0.6092,-0.7971,-3.1696,1.0032,-1.8677,-0.9183,1.0,1.1516
146511,4776,5.9984,2.4882,2.4474,4.8773,3.4901,1.1365,0.7771,1.0,13.6306,4.0804,5.1556,11.9396,6.575,1.3581,0.9013,-1.0,1.2401
146511,4777,1.3489,-0.6406,-0.5456,-1.049,0.8414,-1.0455,-2.4361,-1.0,0.5534,-0.3792,0.3443,-0.1809,0.5122,-0.3462,2.4044,1.0,1.0127
146511,4778,4.8475,-1.1726,1.2729,-4.5268,1.7307,-1.6893,2.3152,1.0,5.6026,-1.8538,5.286,-0.0155,5.6016,-0.0028,1.9081,-1.0,6.0329
146511,4779,6.1601,5.03,-1.6232,3.1623,5.2854,0.5674,-0.3121,1.0,4.2766,3.5011,-2.4532,-0.0517,4.275,-0.0121,-0.6112,-1.0,3.139
146511,4780,0.6591,0.3775,0.0367,-0.5285,0.3793,-1.1341,0.097,-1.0,6.0328,-0.6934,-2.6879,-5.3552,2.7759,-1.4115,-1.8233,1.0,1.7421
146511,4781,49.7166,-49.4009,5.5496,-0.6932,49.7117,-0.0139,3.0297,-1.0,42.7931,37.6694,-10.9671,17.0874,39.2334,0.4228,-0.2833,1.0,90.1238
146511,4782,43.814,39.857,-8.1847,-16.2506,40.6887,-0.3895,-0.2025,-1.0,43.7559,-39.7375,8.8692,16.026,40.7153,0.3841,2.922,1.0,87.5668
146511,4783,8.3735,-3.4701,-3.3453,-6.8462,4.82,-1.1498,-2.3745,1.0,0.7773,0.0653,0.5313,-0.5536,0.5353,-0.9053,1.4486,-1.0,3.0768
146511,4784,35.6936,34.6948,4.586,-7.0187,34.9966,-0.1992,0.1314,1.0,93.1645,-3.0023,-26.2528,89.3386,26.4239,1.9325,-1.6847,-1.0,91.4
146511,4785,8.9169,5.3056,1.2399,7.0578,5.4485,1.0756,0.2296,-1.0,4.2482,-1.3983,3.9623,-0.6175,4.2018,-0.1464,1.9101,1.0,9.4611
146511,4786,16.9152,-3.0557,6.8785,-15.1479,7.5268,-1.4492,1.9889,1.0,6.9789,-0.4511,2.955,-6.3054,2.9892,-1.4915,1.7223,-1.0,1.2976
146511,4787,1.8355,1.4542,0.9256,-0.6217,1.7238,-0.3533,0.5668,1.0,3.7659,2.9088,-0.8347,2.239,3.0262,0.685,-0.2795,-1.0,3.1171
146511,4788,1.0923,1.07,-0.0132,0.1923,1.0701,0.1787,-0.0123,-1.0,0.603,-0.2991,0.1602,-0.4872,0.3393,-1.1586,2.6499,1.0,1.4736
146511,4789,2.1162,0.0959,1.5511,1.4325,1.5541,0.8249,1.5091,1.0,1.1455,-0.12,-0.5879,-0.97,0.6001,-1.2577,-1.7721,-1.0,3.0816
146511,4790,2.0574,0.6391,-0.0554,-1.952,0.6415,-1.8319,-0.0865,-1.0,6.936,4.2205,0.7292,-5.4547,4.283,-1.0622,0.1711,1.0,1.3979
146511,4791,6.9194,-2.7512,-5.7883,2.6065,6.4089,0.3962,-2.0145,1.0,3.7201,-0.7982,-3.4513,1.1312,3.5424,0.3141,-1.7981,-1.0,1.1231
146511,4792,14.714,-9.2311,10.5685,-4.4254,14.0323,-0.3104,2.2887,-1.0,14.2211,6.0842,-6.9254,10.8282,9.2184,0.9996,-0.85,1.0,27.8041
146511,4793,57.0524,17.3361,-51.6254,17.007,54.4585,0.3074,-1.2468,1.0,46.2107,-22.8067,4.5624,-39.9306,23.2586,-1.3093,2.9442,-1.0,88.842
146511,4794,6.0241,-0.667,-2.2811,5.5345,2.3766,1.5817,-1.8553,1.0,6.5941,0.6526,-3.1229,5.7699,3.1904,1.3546,-1.3648,-1.0,1.4918
146511,4795,26.8853,16.9764,-17.5683,11.2234,24.4304,0.4446,-0.8025,-1.0,1.56,0.6576,-1.2055,0.7327,1.3732,0.511,-1.0714,1.0,1.6658
146511,4796,1.5859,-1.4881,-0.4797,0.2436,1.5635,0.1552,-2.8298,1.0,1.4341,1.1128,0.0706,0.8956,1.115,0.7352,0.0633,-1.0,2.7413
146511,4797,5.2136,-3.6619,1.7603,3.2652,4.0631,0.7355,2.6935,-1.0,10.6503,-5.0898,5.03,7.8873,7.1559,0.9518,2.3621,1.0,2.1402
146511,4798,16.7524,9.6395,8.5979,-10.6672,12.9168,-0.7527,0.7283,-1.0,1.9485,-1.0995,1.1692,1.0998,1.605,0.6405,2.3255,1.0,9.4796
146511,4799,4.7551,-4.7381,0.0026,-0.3875,4.7381,-0.0817,3.141,-1.0,4.7453,4.7252,-0.1769,-0.385,4.7285,-0.0813,-0.0374,1.0,9.4673
146511,4800,24.2235,-6.3516,8.4818,21.7827,10.5964,1.4683,2.2136,1.0,8.9139,-1.342,-2.9261,8.3117,3.2191,1.6772,-2.0008,-1.0,10.1175
146511,4801,12.7645,3.0089,-1.99,12.2437,3.6074,1.9362,-0.5843,-1.0,6.2005,2.5225,0.427,5.6471,2.5584,1.5326,0.1677,1.0,2.5598
146511,4802,15.7951,0.5608,8.5206,-13.2876,8.5391,-1.2255,1.5051,1.0,5.7455,-1.8476,4.4072,-3.1879,4.7788,-0.6255,1.9678,-1.0,4.8759
146511,4803,2.1699,-2.1386,0.0484,0.3481,2.1392,0.162,3.119,-1.0,6.821,0.5795,-1.8257,6.5457,1.9154,1.9427,-1.2635,1.0,5.2652
146511,4804,27.3478,5.5426,14.1111,-22.7607,15.1606,-1.1955,1.1965,-1.0,5.6638,-2.3966,0.3926,-5.1156,2.4285,-1.4903,2.9792,1.0,9.6136
146511,4805,3.1121,0.7176,2.7896,1.1738,2.8804,0.397,1.319,1.0,3.2931,3.0142,1.2906,-0.2862,3.2789,-0.0872,0.4046,-1.0,3.1088
146511,4806,2.4189,-1.3344,0.9732,1.7642,1.6516,0.9288,2.5115,1.0,0.5235,0.15,0.4848,0.073,0.5075,0.1434,1.2707,-1.0,1.3243
146511,4807,7.5001,2.0939,-2.6056,-6.7132,3.3427,-1.4473,-0.8939,-1.0,4.9226,0.6022,0.6608,-4.8396,0.8941,-2.3904,0.8318,1.0,3.1315
146511,4808,8.443,0.0088,2.1664,-8.1597,2.1664,-2.0365,1.5667,-1.0,1.7707,0.3626,0.7319,-1.5675,0.8168,-1.4069,1.1108,1.0,1.079
146511,4809,1.2591,0.5601,1.0841,0.292,1.2202,0.2371,1.0939,1.0,2.9461,0.0746,-0.0509,-2.9428,0.0903,-4.1772,-0.5991,-1.0,3.031
146511,4810,37.2844,9.7852,4.8376,-35.6506,10.9157,-1.8994,0.4591,-1.0,3.8563,1.1675,0.77,-3.5922,1.3986,-1.6724,0.583,1.0,1.075
146511,4811,11.4876,5.054,-0.1102,10.315,5.0552,1.4616,-0.0218,-1.0,4.7575,0.2233,-0.4884,4.7259,0.5371,2.8711,-1.142,1.0,3.0768
146511,4812,2.7711,2.0434,1.7769,0.579,2.7079,0.2122,0.7158,1.0,3.4847,-1.687,2.9067,-0.9148,3.3608,-0.2689,2.0967,-1.0,4.1182
146511,4813,28.4857,0.3866,-21.8334,-18.2914,21.8369,-0.7618,-1.5531,-1.0,79.2092,-22.6038,24.877,71.7237,33.6124,1.5019,2.3084,1.0,90.7762
146511,4814,2.2101,-1.5988,1.3625,-0.6789,2.1006,-0.3178,2.4358,1.0,7.4395,-6.9914,1.556,-2.0082,7.1625,-0.2768,2.9226,-1.0,1.8931
146511,4815,7.3416,4.5841,-5.7257,-0.3018,7.3346,-0.0411,-0.8957,1.0,10.1098,-5.3371,8.5832,-0.2046,10.1072,-0.0202,2.1271,-1.0,17.192
146511,4816,3.9441,-2.7178,-2.8108,0.5077,3.9098,0.1295,-2.3394,1.0,0.4622,-0.3406,0.2925,0.0305,0.4489,0.0678,2.432,-1.0,1.8521
146511,4817,4.9217,-0.9568,-4.7419,0.9004,4.8375,0.1851,-1.7699,-1.0,0.6874,-0.5479,-0.3184,0.2445,0.6337,0.3767,-2.6152,1.0,1.5101
146511,4818,11.0535,-1.9597,0.3847,-10.8711,1.9971,-2.3959,2.9478,1.0,4.9718,-2.0786,-1.4538,-4.2748,2.5365,-1.2933,-2.5313,-1.0,3.1564
146511,4819,3.2084,0.5724,2.4055,2.0417,2.4727,0.7526,1.3372,1.0,1.1501,-0.8558,-0.6334,0.4218,1.0647,0.3865,-2.5045,-1.0,3.1156
146511,4820,10.2248,-2.5306,-1.8386,9.7341,3.128,1.8533,-2.5133,1.0,14.7824,-2.8744,0.9012,14.4718,3.0124,2.2733,2.8378,-1.0,3.0569
146511,4821,2.3395,-2.0297,-0.2343,1.1347,2.0432,0.5302,-3.0266,-1.0,9.0439,-6.2977,5.3791,3.631,8.2823,0.4254,2.4347,1.0,3.3249
146511,4822,1.43,-1.1228,0.827,0.2989,1.3945,0.2128,2.5068,-1.0,1.753,1.3231,-0.695,-0.91,1.4945,-0.5765,-0.4837,1.0,3.1146
146511,4823,3.1735,-0.452,3.0257,0.8371,3.0593,0.2703,1.7191,1.0,1.9696,1.0583,0.1701,1.649,1.0718,1.2159,0.1593,-1.0,3.1129
146511,4824,29.7073,-28.3513,8.7584,1.4166,29.6733,0.0477,2.842,-1.0,29.276,27.1254,-10.8533,-1.8678,29.2162,-0.0639,-0.3806,1.0,58.9316
146511,4825,21.3682,-17.7874,3.806,-11.2122,18.19,-0.5828,2.9308,1.0,1.7939,-1.724,0.4344,-0.2149,1.7779,-0.1206,2.8947,-1.0,2.6893
146511,4826,5.1193,-0.9004,4.5419,-2.1809,4.6303,-0.4551,1.7665,-1.0,4.8394,0.4399,-4.4152,1.929,4.437,0.4221,-1.4715,1.0,9.944
146511,4827,1.5113,-1.3213,-0.6841,-0.2428,1.4879,-0.1625,-2.6639,-1.0,4.5861,-3.1271,-2.8513,1.7642,4.2319,0.4057,-2.4023,1.0,1.6051
146511,4828,4.9261,-4.6801,0.2872,1.5064,4.6889,0.316,3.0803,1.0,4.7197,4.5769,-1.1042,0.3128,4.7082,0.0664,-0.2367,-1.0,9.4369
146511,4829,47.8486,-7.0972,18.711,43.4626,20.0118,1.5179,1.9333,-1.0,48.784,1.6931,-20.4844,-44.2424,20.5542,-1.5098,-1.4883,1.0,96.4618
146511,4830,7.2272,4.5198,-0.1962,-5.6351,4.5241,-1.0448,-0.0434,-1.0,1.538,0.9313,-1.1762,-0.3215,1.5003,-0.2127,-0.9011,1.0,3.1224
146511,4831,4.7103,-0.3979,-0.8065,4.6224,0.8993,2.3395,-2.0291,1.0,25.5112,2.1869,-6.02,24.6939,6.4049,2.059,-1.2223,-1.0,2.0226
146511,4832,12.1642,-0.8548,-1.829,11.995,2.0189,2.4821,-2.008,1.0,5.5432,-2.3993,-0.5288,4.9679,2.4569,1.4534,-2.9247,-1.0,3.1087
146511,4833,1.4431,0.7502,-0.1326,-1.221,0.7619,-1.2504,-0.1749,-1.0,1.7588,-0.2302,-0.743,1.5739,0.7778,1.4541,-1.8713,1.0,3.015
146511,4834,10.2114,3.9383,2.2594,-9.1459,4.5404,-1.45,0.5209,-1.0,7.4085,2.0235,1.774,-6.9017,2.691,-1.671,0.7198,1.0,1.0615
146511,4835,9.2462,3.6989,-7.1984,4.47,8.0932,0.5275,-1.0961,-1.0,4.5849,-2.8892,-2.6617,-2.362,3.9283,-0.5699,-2.3972,1.0,9.4329
146511,4836,3.1292,-1.2423,1.3784,-2.5175,1.8556,-1.1125,2.3043,1.0,6.6429,0.9912,1.0704,-6.4798,1.4589,-2.1966,0.8238,-1.0,2.9125
146511,4837,0.4557,-0.1876,-0.2051,0.3454,0.2779,1.0431,-2.3117,1.0,2.2885,0.4011,-1.4437,-1.7264,1.4984,-0.985,-1.2998,-1.0,1.6909
146511,4838,0.706,-0.0647,0.6267,-0.3005,0.6301,-0.4605,1.6736,1.0,6.5429,5.1114,-0.1372,-4.0808,5.1133,-0.7312,-0.0268,-1.0,2.7643
146511,4839,3.1882,-1.9208,2.1234,-1.3983,2.8632,-0.4708,2.3061,1.0,2.9351,-2.3404,0.3157,-1.7398,2.3616,-0.6825,3.0075,-1.0,1.8817
146511,4840,44.6104,3.6568,-43.8756,7.1858,44.0278,0.1625,-1.4876,-1.0,41.9796,1.9737,38.7193,-16.0996,38.7696,-0.4042,1.5199,1.0,85.791
146511,4841,1.0371,0.1435,-0.8278,-0.5988,0.8401,-0.663,-1.3992,-1.0,0.5869,0.2111,0.4774,0.2465,0.522,0.4561,1.1544,1.0,1.5049
146511,4842,1.769,0.5624,0.1192,1.6697,0.5749,1.7877,0.2089,-1.0,3.9156,-0.6382,1.399,3.5995,1.5377,1.5864,1.9988,1.0,1.4968
146511,4843,1.1053,1.0233,-0.3122,-0.2569,1.0698,-0.2379,-0.2961,1.0,0.3004,-0.1919,0.0509,0.1992,0.1985,0.884,2.8823,-1.0,1.1015
146511,4844,16.785,-3.0175,-4.5665,15.8672,5.4734,1.786,-2.1547,-1.0,19.0213,-0.7612,-5.8558,18.0812,5.9051,1.8379,-1.7001,1.0,2.5882
146511,4845,2.0823,0.8356,1.0703,-1.5752,1.3579,-0.9901,0.9079,1.0,2.3908,0.8823,-1.8846,-1.1725,2.0809,-0.5372,-1.1329,-1.0,2.9741
146511,4846,0.4745,-0.0804,0.3302,-0.3138,0.3399,-0.8262,1.8098,1.0,0.5745,0.0401,-0.3641,0.4298,0.3663,0.9989,-1.4612,-1.0,1.0413
146511,4847,3.2108,3.1385,0.5597,0.3669,3.188,0.1148,0.1765,1.0,2.1177,0.6436,-1.3091,1.5315,1.4587,0.9162,-1.1139,-1.0,3.1501
146511,4848,11.7342,5.6113,-6.0829,8.3182,8.2758,0.885,-0.8257,1.0,7.0574,3.3691,-4.4693,4.2977,5.597,0.7074,-0.9248,-1.0,1.4027
146511,4849,3.562,0.1349,2.6127,2.415,2.6162,0.8259,1.5192,-1.0,6.302,-1.2313,-4.8242,-3.8619,4.9789,-0.7136,-1.8207,1.0,9.4399
146511,4850,1.3934,0.4344,-0.8231,1.0315,0.9307,0.9559,-1.0852,-1.0,3.5047,-0.7957,-0.1604,3.4078,0.8117,2.1417,-2.9427,1.0,1.7849
146511,4851,2.0371,0.1169,2.03,0.0659,2.0333,0.0324,1.5133,-1.0,3.9906,-2.3685,1.6561,2.7498,2.8901,0.8466,2.5314,1.0,3.1223
146511,4852,2.8477,-2.4969,-0.6189,1.2168,2.5725,0.4569,-2.8986,1.0,8.718,6.2063,6.0858,-0.6616,8.6923,-0.076,0.7756,-1.0,9.4769
146511,4853,3.7651,-0.2254,1.4828,-3.4518,1.4998,-1.5709,1.7216,-1.0,2.7307,1.1771,0.5157,-2.4071,1.2851,-1.3854,0.413,1.0,1.7229
146511,4854,7.4188,-1.8775,2.975,6.5308,3.5179,1.3775,2.1338,1.0,4.8536,-2.1293,1.1525,4.2053,2.4212,1.3194,2.6455,-1.0,1.5026
146511,4855,42.0575,27.9522,23.1657,21.2332,36.3039,0.5558,0.692,1.0,43.5969,-26.6299,-22.1916,-26.4397,34.6644,-0.7033,-2.4469,-1.0,85.4803
146511,4856,4.7095,0.2479,-1.265,-4.5285,1.2891,-1.9693,-1.3773,-1.0,17.1189,2.7028,-4.9149,-16.1736,5.6091,-1.7809,-1.068,1.0,1.0047
146511,4857,9.5012,3.302,-5.2866,7.1701,6.2331,0.9838,-1.0125,-1.0,8.6699,1.6085,-2.7503,8.0625,3.1862,1.6585,-1.0416,1.0,3.0741
146511,4858,7.1481,2.876,-3.6083,5.4583,4.6143,1.005,-0.8979,1.0,0.872,0.1879,-0.0008,0.8449,0.1879,2.2084,-0.004,-1.0,1.4759
146511,4859,20.5598,7.023,1.5905,19.2573,7.2008,1.7101,0.2227,1.0,29.0448,8.3215,2.4772,27.7165,8.6824,1.8776,0.2893,-1.0,1.4425
146511,4860,0.9392,-0.5015,0.4538,0.6431,0.6763,0.8462,2.406,1.0,2.1314,-2.0485,-0.4741,-0.3322,2.1027,-0.1573,-2.9142,-1.0,1.682
146511,4861,47.2354,28.8591,-36.0848,-9.8088,46.2056,-0.2107,-0.8962,-1.0,47.8865,-29.1716,37.3842,6.6746,47.419,0.1403,2.2334,1.0,95.0609
146511,4862,5.2365,-4.7694,0.0851,-2.1575,4.7702,-0.4381,3.1237,1.0,7.5487,-4.2799,1.7531,-5.9649,4.6251,-1.0722,2.7528,-1.0,3.4952
146511,4863,4.4414,3.1834,-1.0559,-2.9096,3.3539,-0.7845,-0.3203,1.0,5.2258,-2.0782,2.4823,4.1009,3.2374,1.058,2.2678,-1.0,9.4223
146511,4864,1.8955,0.7328,1.3198,1.1414,1.5096,0.698,1.0639,-1.0,1.3877,-0.5344,-1.212,-0.4,1.3246,-0.2976,-1.9861,1.0,3.1904
146511,4865,8.4862,1.8498,0.9341,-8.2287,2.0722,-2.0876,0.4676,1.0,2.3193,0.246,0.8968,-2.1221,0.9299,-1.5631,1.3031,-1.0,1.3701
146511,4866,2.0749,-0.9806,-0.0074,-1.8254,0.9806,-1.3799,-3.1341,1.0,2.0864,0.3218,0.6485,-1.9539,0.724,-1.7187,1.1102,-1.0,1.479
146511,4867,4.5101,-1.4755,1.7046,3.9047,2.2545,1.3169,2.2843,-1.0,4.124,-0.9472,2.3728,3.2356,2.5548,1.0578,1.9506,1.0,1.0339
146511,4868,26.5253,0.2001,-9.5971,-24.7272,9.5992,-1.6751,-1.55,-1.0,34.1187,0.0723,-6.6981,-33.4545,6.6985,-2.3113,-1.56,1.0,5.1933
146511,4869,1.8749,1.2743,1.3665,-0.1144,1.8685,-0.0612,0.8203,-1.0,4.1171,-0.5721,2.8752,2.8888,2.9316,0.871,1.7672,1.0,3.1179
146511,4870,6.6816,4.4513,2.4593,4.3325,5.0855,0.7727,0.5048,1.0,10.2972,-5.895,-4.2585,-7.2893,7.2723,-0.883,-2.516,-1.0,16.5594
146511,4871,7.7095,5.957,3.8373,-3.0355,7.086,-0.4163,0.5723,-1.0,1.748,1.304,-0.4303,-1.0764,1.3732,-0.7201,-0.3187,1.0,2.8646
146511,4872,5.5865,2.928,-0.1521,4.754,2.932,1.2603,-0.0519,1.0,29.9775,9.2746,-1.6992,28.4558,9.4289,1.8241,-0.1812,-1.0,3.0934
146511,4873,1.765,-0.4079,-0.9095,-1.4527,0.9968,-1.1709,-1.9924,1.0,6.2142,-1.5986,2.5535,-5.4341,3.0126,-1.3523,2.1301,-1.0,3.0839
146511,4874,1.3275,-1.1014,-0.7317,-0.05,1.3223,-0.0378,-2.5552,1.0,3.0109,2.5495,-0.8941,1.3247,2.7018,0.4725,-0.3373,-1.0,3.5294
146511,4875,1.226,0.1314,1.0153,0.6661,1.0238,0.6117,1.4421,1.0,2.2322,-0.4821,-0.8695,-1.9958,0.9942,-1.4469,-2.0771,-1.0,3.1696
146511,4876,0.488,0.4566,-0.1314,-0.0357,0.4751,-0.0751,-0.2803,-1.0,1.6469,-0.8128,-1.1949,0.7827,1.4452,0.5181,-2.1681,1.0,1.4539
146511,4877,4.8894,-2.7133,-3.8397,1.3381,4.7016,0.2809,-2.186,1.0,6.205,-0.1675,-5.8149,2.1564,5.8173,0.3627,-1.5996,-1.0,3.0604
146511,4878,0.7969,-0.4855,0.1227,0.6108,0.5008,1.0285,2.8941,1.0,0.5254,0.3843,-0.1462,-0.3096,0.4111,-0.6955,-0.3635,-1.0,1.2833
146511,4879,5.6974,-0.1558,-1.3323,5.5362,1.3414,2.1251,-1.6872,-1.0,10.4328,-5.2402,1.794,8.8405,5.5388,1.2469,2.8117,1.0,4.9156
146511,4880,1.6044,0.8877,-0.1945,-1.3179,0.9088,-1.1668,-0.2157,1.0,61.3621,29.9741,-11.1526,-52.3686,31.9816,-1.2687,-0.3562,-1.0,1.1509
146511,4881,4.0545,-1.8249,0.1523,-3.6159,1.8313,-1.4322,3.0583,1.0,2.0638,-1.5944,-1.2946,-0.1734,2.0538,-0.0843,-2.4596,-1.0,3.1748
146511,4882,3.8348,1.8545,2.8332,-1.7969,3.3862,-0.5085,0.9912,-1.0,2.0842,-0.126,1.8281,0.9873,1.8324,0.5157,1.6396,1.0,3.1087
146511,4883,6.128,-0.8835,-2.6322,-5.4619,2.7765,-1.4289,-1.8946,1.0,4.56,0.7074,-0.5994,-4.4634,0.9272,-2.2752,-0.7029,-1.0,2.2904
146511,4884,5.805,-3.1986,-4.6518,1.3475,5.6454,0.2365,-2.1731,1.0,6.7542,5.0961,-1.0874,4.2961,5.2108,0.7517,-0.2102,-1.0,9.4522
146511,4885,11.9525,-11.5548,1.9041,-2.39,11.7106,-0.2027,2.9783,1.0,5.2724,-0.5511,5.123,-1.1126,5.1526,-0.2143,1.678,-1.0,9.4071
146511,4886,1.0392,0.2993,0.9189,0.367,0.9665,0.3712,1.2559,1.0,6.2993,1.2975,6.0617,-1.1148,6.199,-0.1789,1.3599,-1.0,1.4198
146511,4887,2.714,1.039,-0.5561,-2.4426,1.1784,-1.4757,-0.4914,-1.0,2.0673,1.751,1.0928,0.0498,2.064,0.0241,0.5579,1.0,3.0107
146511,4888,4.5932,2.2261,-1.7435,3.6181,2.8276,1.0659,-0.6644,1.0,3.8652,0.3114,-0.3725,3.8332,0.4855,2.7634,-0.8745,-1.0,2.2598
146511,4889,41.193,12.5522,38.6366,6.8199,40.6244,0.1671,1.2567,1.0,52.1199,-0.2076,-43.2026,-29.1541,43.2031,-0.6319,-1.5756,-1.0,89.6395
146511,4890,0.8306,-0.6644,0.1496,-0.4637,0.681,-0.637,2.9201,-1.0,0.9858,0.7249,-0.196,0.63,0.7509,0.7628,-0.2641,1.0,1.8072
146511,4891,8.5683,-7.3976,-1.9851,3.8392,7.6593,0.4823,-2.8794,-1.0,5.8341,5.6462,0.8211,-1.2134,5.7055,-0.2111,0.1444,1.0,14.004
146511,4892,4.7514,-0.8929,-4.4271,-1.4723,4.5163,-0.3205,-1.7698,-1.0,4.802,1.4652,4.2285,1.7384,4.4751,0.3793,1.2372,1.0,9.5305
146511,4893,1.7097,0.7793,1.0105,-1.1329,1.2761,-0.7997,0.9138,-1.0,0.5886,-0.3362,0.345,-0.3214,0.4817,-0.6256,2.3432,1.0,1.0647
146511,4894,10.3428,-0.5087,-5.2302,8.9078,5.2548,1.2984,-1.6677,-1.0,0.9242,-0.0569,0.4298,0.8093,0.4335,1.3824,1.7024,1.0,3.0264
146511,4895,18.696,-14.7653,-6.3957,-9.5189,16.091,-0.5616,-2.7328,1.0,21.231,16.5189,10.2286,-8.5585,19.4293,-0.4274,0.5544,-1.0,35.3499
146511,4896,0.2893,0.0052,0.2423,0.1175,0.2423,0.4676,1.5495,-1.0,5.03,-2.3733,-2.1363,-3.885,3.1932,-1.0266,-2.4087,1.0,2.2148
146511,4897,20.5856,6.462,1.55,-19.4832,6.6453,-1.7967,0.2354,-1.0,38.0024,10.203,-1.188,-36.5877,10.272,-1.9826,-0.1159,1.0,3.2794
146511,4898,44.9416,33.2413,-29.8612,4.8025,44.6842,0.1073,-0.7319,1.0,45.6185,-32.6313,31.2367,-6.3641,45.1723,-0.1404,2.378,-1.0,90.5342
146511,4899,25.8989,5.4911,-6.7255,24.3999,8.6824,1.7567,-0.8861,-1.0,4.0731,-1.4479,1.8152,3.3448,2.3219,1.1613,2.2441,1.0,9.3857
146511,4900,8.6177,2.9946,-2.7354,7.6029,4.0559,1.3861,-0.7402,1.0,1.5551,1.4882,-0.2432,0.3652,1.5079,0.2399,-0.162,-1.0,3.321
146511,4901,4.403,3.8268,0.2176,2.1642,3.8329,0.5383,0.0568,1.0,7.4135,6.0629,-1.3961,4.0301,6.2215,0.6094,-0.2263,-1.0,1.4377
146511,4902,2.6477,2.2228,-0.8081,1.1856,2.3651,0.4824,-0.3487,-1.0,0.3703,0.1406,-0.298,-0.1319,0.3295,-0.3903,-1.1299,1.0,1.0905
146511,4903,47.124,2.4511,-40.8821,-23.309,40.9555,-0.5422,-1.5109,1.0,48.3011,16.9388,45.0721,-3.8166,48.1499,-0.0792,1.2113,-1.0,89.312
146511,4904,1.8247,-1.1404,0.9393,-1.0656,1.4774,-0.67,2.4526,1.0,3.252,1.7022,-0.0563,-2.7683,1.7031,-1.2624,-0.0331,-1.0,3.1588
146511,4905,4.6255,-1.3748,-1.2349,4.239,1.848,1.5678,-2.4097,-1.0,5.0832,1.4497,-2.6377,4.0949,3.0099,1.1148,-1.0683,1.0,3.1307
146511,4906,47.9985,6.0735,44.3908,17.2168,44.8043,0.3754,1.4348,-1.0,47.2409,-6.7519,-42.2155,-20.0987,42.7521,-0.4543,-1.7294,1.0,95.1686
146511,4907,4.0119,0.2002,-0.9022,-3.9026,0.9241,-2.1475,-1.3525,1.0,0.9807,0.5506,-0.7939,-0.1313,0.9662,-0.1355,-0.9645,-1.0,2.2834
146511,4908,7.6535,2.9832,-2.777,6.4772,4.0757,1.2433,-0.7496,1.0,5.7859,0.0518,-3.47,4.6283,3.4704,1.0988,-1.5559,-1.0,3.008
146511,4909,2.416,1.8866,-1.1682,-0.9497,2.219,-0.4159,-0.5544,1.0,2.5804,-0.798,0.4755,-2.4051,0.9289,-1.6798,2.6042,-1.0,3.4706
146511,4910,0.5698,-0.3331,0.1389,-0.4281,0.3609,-1.007,2.7465,-1.0,2.9216,-0.8499,-1.5974,-2.2913,1.8095,-1.0577,-2.0598,1.0,1.1259
146511,4911,5.9002,3.8705,1.3893,-4.2297,4.1123,-0.9014,0.3446,-1.0,43.7909,6.633,3.9435,-43.1055,7.7167,-2.4213,0.5364,1.0,9.4776
146511,4912,41.8429,-11.2291,-40.1338,-3.7418,41.6751,-0.0897,-1.8436,-1.0,44.4525,19.3952,39.9924,0.6688,44.4474,0.015,1.1192,1.0,85.8531
146511,4913,48.5431,-19.834,20.5549,39.2496,28.5638,1.1228,2.3383,-1.0,42.5115,9.8612,-29.5934,-28.8825,31.1932,-0.828,-1.2491,1.0,89.4556
146511,4914,3.1299,2.2293,1.8202,-1.2256,2.878,-0.4139,0.6847,-1.0,2.358,0.6697,2.2484,0.2122,2.346,0.0903,1.2813,1.0,2.0327
146511,4915,4.7306,-3.8786,-2.2334,-1.5284,4.4757,-0.3352,-2.6191,1.0,4.7804,3.8551,2.2921,1.6509,4.485,0.3603,0.5364,-1.0,9.51
146511,4916,23.5178,10.5542,-8.3648,19.2799,13.467,1.1562,-0.6702,1.0,26.1309,9.4994,-7.5866,23.1305,12.1571,1.3992,-0.6739,-1.0,3.1243
146511,4917,3.6679,-2.4806,1.7606,-2.0467,3.0419,-0.6303,2.5244,-1.0,1.5845,-1.2932,-0.8603,0.2947,1.5532,0.1886,-2.5546,1.0,3.0765
146511,4918,48.5163,-15.127,-38.5045,-25.3454,41.3694,-0.5797,-1.9451,1.0,41.3058,13.2976,33.4828,20.2048,36.0267,0.5349,1.1928,-1.0,89.5155
146511,4919,0.6187,0.349,-0.4991,-0.0281,0.609,-0.0462,-0.9605,1.0,4.4935,0.5192,-3.101,-3.2085,3.1442,-0.8958,-1.4049,-1.0,1.3945
146511,4920,2.1502,0.3016,0.3299,2.1006,0.447,2.2517,0.8301,1.0,0.4083,-0.0914,0.3834,-0.0111,0.3942,-0.0283,1.8048,-1.0,1.2755
146511,4921,1.9816,-0.3919,0.5275,1.8665,0.6572,1.7666,2.2098,1.0,13.1541,-5.1527,-1.6009,11.996,5.3957,1.5393,-2.8403,-1.0,2.2415
146511,4922,3.206,-0.5802,1.8487,2.5521,1.9376,1.0888,1.8749,-1.0,1.9042,-1.0172,1.5157,0.5317,1.8254,0.2873,2.1619,1.0,1.6534
146511,4923,38.4824,7.2411,13.3366,35.3636,15.1756,1.5823,1.0734,-1.0,59.044,-24.9183,1.0735,-53.5174,24.9414,-1.507,3.0985,1.0,93.0682
146511,4924,2.1107,-0.1359,0.0177,-2.1036,0.1371,-3.4252,3.0121,1.0,8.3561,-4.2952,3.2302,-6.3977,5.3742,-1.0098,2.4968,-1.0,2.6643
146511,4925,9.9956,-1.3031,-5.9569,-7.9195,6.0977,-1.0777,-1.7862,1.0,27.6899,-1.9537,-15.7106,-22.7174,15.8316,-1.1581,-1.6945,-1.0,1.2216
146511,4926,0.1914,0.1341,-0.0211,-0.0838,0.1358,-0.5836,-0.1563,1.0,1.5725,-1.1987,-0.2883,0.9704,1.2329,0.7226,-2.9056,-1.0,1.047
146511,4927,6.993,5.2216,4.0816,2.2285,6.6276,0.3302,0.6635,-1.0,3.8648,3.0658,-1.2346,2.0007,3.305,0.5734,-0.3828,1.0,4.8188
146511,4928,3.9562,1.5879,1.6965,-3.2001,2.3237,-1.1246,0.8184,1.0,1.1537,-0.8741,-0.4395,-0.6022,0.9784,-0.582,-2.6757,-1.0,3.0926
146511,4929,5.9686,-0.1803,2.5811,5.3776,2.5874,1.4782,1.6405,1.0,1.4441,-0.1344,0.0521,1.433,0.1441,2.9925,2.7718,-1.0,1.2375
146511,4930,4.7115,0.6061,2.4686,-3.9656,2.5419,-1.2276,1.33,1.0,5.0256,-1.5865,-4.0289,2.5489,4.33,0.5591,-1.9459,-1.0,9.4556
146511,4931,6.4439,6.0031,2.3375,0.1058,6.4422,0.0164,0.3713,-1.0,2.2575,1.8594,-0.6672,1.0875,1.9755,0.5259,-0.3445,1.0,3.1114
146511,4932,4.3838,1.0281,-4.1633,-0.9036,4.2883,-0.2092,-1.3287,-1.0,7.0191,-1.2885,1.4577,6.7432,1.9455,1.9563,2.2946,1.0,9.4094
146511,4933,3.6879,2.1985,-2.2202,1.9563,3.1245,0.5911,-0.7903,-1.0,1.1535,-0.2939,-0.5826,0.9454,0.6525,1.1661,-2.038,1.0,1.8807
146511,4934,24.8946,1.8406,-7.4941,23.6682,7.7168,1.8395,-1.33,-1.0,1.7446,-0.0412,0.2753,1.719,0.2784,2.5201,1.7195,1.0,3.1292
146511,4935,7.5904,4.4792,-5.0667,3.445,6.7628,0.4896,-0.8469,1.0,7.3995,5.468,-4.2412,2.6182,6.92,0.3699,-0.6597,-1.0,1.5333
146511,4936,24.6241,12.0158,-21.4524,1.324,24.5883,0.0538,-1.0602,-1.0,26.0666,-14.3738,21.0737,-5.3617,25.509,-0.2087,2.1694,1.0,50.4732
146511,4937,2.0809,-1.8226,-0.9948,-0.0862,2.0764,-0.0415,-2.642,-1.0,1.3445,1.0975,0.1208,-0.7598,1.1042,-0.6429,0.1097,1.0,3.119
146511,4938,1.7153,-1.7101,-0.0581,0.0543,1.7111,0.0318,-3.1076,-1.0,5.0052,-2.0271,-0.0397,4.5749,2.0275,1.5528,-3.122,1.0,3.1237
146511,4939,2.4058,1.1288,-1.9252,0.8922,2.2317,0.3898,-1.0405,1.0,11.5749,6.1299,-7.802,5.9598,9.922,0.5694,-0.9048,-1.0,1.0959
146511,4940,3.7246,-3.6615,0.6056,-0.2964,3.7113,-0.0798,2.9777,1.0,6.4071,5.7246,-1.3788,-2.5234,5.8883,-0.4164,-0.2364,-1.0,9.4787
146511,4941,7.9692,4.7998,4.2558,-4.7274,6.4148,-0.6827,0.7254,-1.0,7.487,-4.4046,-4.037,4.5105,5.9748,0.6971,-2.3997,1.0,15.4481
146511,4942,2.7918,1.0393,0.1631,2.5838,1.052,1.6308,0.1556,-1.0,2.8342,-1.9655,0.3689,2.0056,1.9998,0.8834,2.9561,1.0,3.0738
146511,4943,43.1105,-32.9799,-20.4213,18.8096,38.7905,0.4677,-2.5872,-1.0,47.8249,26.728,24.1275,-31.4752,36.0072,-0.7895,0.7343,1.0,89.7553
146511,4944,1.0429,-0.5343,0.8805,0.1255,1.0299,0.1216,2.1162,-1.0,8.9289,-2.2498,8.593,-0.9016,8.8826,-0.1013,1.8269,1.0,1.156
146511,4945,3.4149,3.3099,0.5042,-0.6638,3.3481,-0.197,0.1512,1.0,11.4765,-0.3402,5.9333,9.8173,5.9431,1.2762,1.6281,-1.0,9.3652
146511,4946,3.43,-3.2596,-0.3645,0.9981,3.2799,0.2998,-3.0302,-1.0,3.1798,-1.7415,-2.626,-0.4141,3.151,-0.131,-2.1564,1.0,3.0652
146511,4947,4.2629,2.794,-0.4342,3.1884,2.8275,0.9688,-0.1542,-1.0,5.1967,-3.2527,1.1336,-3.8897,3.4446,-0.9699,2.8063,1.0,9.3964
146511,4948,0.8946,-0.0331,-0.227,0.8582,0.2294,2.0299,-1.7157,-1.0,20.4713,-3.7262,8.7349,18.135,9.4965,1.4025,1.974,1.0,3.0399
146511,4949,2.3429,-1.4985,-0.3671,-1.7601,1.5428,-0.9775,-2.9013,1.0,11.6515,-1.0085,-2.4593,-11.3438,2.6581,-2.1577,-1.96,-1.0,3.14
146511,4950,5.4921,-3.7904,0.1446,-3.9703,3.7932,-0.914,3.1035,-1.0,2.7021,-1.6137,1.0861,-1.8726,1.9452,-0.8547,2.5492,1.0,1.5119
146511,4951,1.6525,0.2683,1.4267,0.7824,1.4517,0.5158,1.3849,-1.0,10.5392,-3.2731,4.6699,8.8625,5.7027,1.2244,2.1821,1.0,3.069
146511,4952,2.4617,1.4269,1.7192,1.0282,2.2342,0.4453,0.878,1.0,1.2987,-0.8504,-0.565,0.7956,1.021,0.7164,-2.5552,-1.0,3.0249
146511,4953,65.68,-22.2249,-38.9876,47.957,44.8773,0.9291,-2.0889,1.0,35.6315,19.7914,29.0364,-5.8976,35.1398,-0.1671,0.9725,-1.0,91.5973
146511,4954,12.3051,5.2215,-11.0829,-1.1444,12.2513,-0.0933,-1.1305,1.0,1.7119,1.1841,-0.9795,-0.747,1.5367,-0.4688,-0.6911,-1.0,2.5232
146511,4955,0.1503,0.0981,0.0339,0.0258,0.1037,0.2464,0.3324,-1.0,4.0282,0.2023,-1.2021,3.8378,1.219,1.8643,-1.4041,1.0,1.0377
146511,4956,31.8973,-9.8103,7.9112,-29.3019,12.6027,-1.5802,2.463,1.0,9.587,-4.4146,-2.5291,-8.1249,5.0878,-1.2474,-2.6213,-1.0,9.4272
146511,4957,3.1129,-0.277,3.0577,-0.5028,3.0702,-0.163,1.6611,1.0,3.5368,-1.01,-3.2561,0.936,3.4091,0.2712,-1.8716,-1.0,6.5066
146511,4958,2.9622,0.2995,-2.8225,0.841,2.8383,0.2921,-1.4651,1.0,2.895,-0.5015,2.7187,-0.8527,2.7646,-0.3037,1.7532,-1.0,5.8528
146511,4959,1.765,-1.1839,-0.667,1.1213,1.3589,0.7522,-2.6285,1.0,1.4185,0.941,0.032,-1.0556,0.9416,-0.9645,0.034,-1.0,3.1093
146511,4960,3.1741,-0.9414,-0.2514,-3.019,0.9744,-1.849,-2.8806,1.0,1.0701,0.6566,-0.738,-0.3976,0.9878,-0.3923,-0.8437,-1.0,2.2978
146511,4961,0.7996,-0.4929,0.5888,-0.1965,0.7679,-0.2532,2.2677,-1.0,10.6811,-9.3116,3.469,3.916,9.9368,0.3845,2.785,1.0,2.3193
146511,4962,8.1128,-0.8827,7.8386,-1.8927,7.8882,-0.2377,1.6829,1.0,8.2172,-0.0028,-5.3668,6.2216,5.3668,0.9896,-1.5713,-1.0,15.5253
146511,4963,10.6301,-3.6806,6.0986,7.8898,7.1232,0.9555,2.1138,-1.0,1.2066,0.7884,0.6051,0.676,0.9938,0.6364,0.6546,1.0,3.6648
146511,4964,4.7143,-3.4383,3.2194,0.1652,4.7102,0.0351,2.3891,-1.0,6.6033,2.8516,-5.8002,-1.348,6.4633,-0.2071,-1.1139,1.0,10.94
146511,4965,2.5487,-0.6739,-2.1924,-1.1063,2.2936,-0.4654,-1.869,1.0,2.1181,0.3847,-1.6867,-1.2174,1.73,-0.6557,-1.3465,-1.0,1.1171
146511,4966,4.3797,1.2692,2.3599,-3.4628,2.6796,-1.0737,1.0774,1.0,5.1161,-0.1447,-5.113,-0.0066,5.115,-0.0013,-1.5991,-1.0,8.3241
146511,4967,19.7625,-2.2573,3.5866,19.3025,4.2378,2.2212,2.1325,-1.0,11.5501,-0.3256,2.8242,11.1942,2.8429,2.0795,1.6856,1.0,1.6301
146511,4968,3.9271,2.3,-1.5794,-2.7615,2.7901,-0.8741,-0.6017,-1.0,1.7893,0.2133,0.9578,-1.4925,0.9812,-1.2064,1.3517,1.0,2.8066
146511,4969,8.7187,5.0994,1.8025,6.8376,5.4086,1.0564,0.3398,-1.0,7.1082,5.9729,1.7509,3.4314,6.2242,0.5266,0.2851,1.0,3.1335
146511,4970,1.4341,-0.5515,1.0722,0.7693,1.2057,0.6012,2.0459,1.0,1.7016,0.3572,-1.3305,-0.9933,1.3776,-0.6698,-1.3085,-1.0,3.1109
146511,4971,26.1688,-5.9022,-0.2093,-25.4935,5.9059,-2.1688,-3.1061,-1.0,3.4081,-0.9101,-0.564,-3.2338,1.0707,-1.8248,-2.5868,1.0,1.5914
146511,4972,13.2956,-1.0816,3.4021,-12.807,3.5699,-1.9895,1.8786,1.0,6.2952,-1.1183,0.9151,-6.1262,1.445,-2.1513,2.4558,-1.0,1.363
146511,4973,50.8857,-33.9461,0.6205,37.9028,33.9517,0.9613,3.1233,1.0,43.5092,40.3488,-8.0634,-14.1421,41.1466,-0.3373,-0.1972,-1.0,90.8264
146511,4974,1.5897,0.0216,1.0579,-1.1817,1.0581,-0.9615,1.5504,1.0,1.9316,-0.7758,-1.7333,-0.3372,1.899,-0.1767,-1.9916,-1.0,3.0112
146511,4975,5.356,1.88,0.9486,-4.9235,2.1057,-1.5854,0.4673,1.0,5.1056,2.5925,2.0246,-3.9033,3.2894,-1.0074,0.663,-1.0,1.6396
146511,4976,13.1234,0.0467,-13.0562,-1.3212,13.0563,-0.101,-1.5672,1.0,12.8706,-8.7043,-9.4299,0.9758,12.8331,0.076,-2.3162,-1.0,9.7462
146511,4977,3.2417,1.7515,2.553,-0.955,3.0961,-0.3038,0.9695,1.0,0.2317,0.0401,0.0845,0.1838,0.0935,1.4278,1.1282,-1.0,1.1419
146511,4978,5.5329,0.4893,-2.1586,5.0698,2.2133,1.5665,-1.3479,1.0,4.0585,-0.9057,1.1312,-3.7895,1.4491,-1.6891,2.246,-1.0,9.4407
146511,4979,40.978,22.6086,5.9982,33.6461,23.3908,1.1601,0.2593,-1.0,48.8603,-18.0443,-22.118,-39.655,28.5448,-1.1317,-2.2551,1.0,88.0576
146511,4980,64.7905,33.1733,23.2674,50.5565,40.5197,1.0462,0.6117,-1.0,35.2672,-12.8106,3.1798,-32.7038,13.1993,-1.6389,2.8983,1.0,92.6214
146511,4981,0.7386,0.0999,0.1996,0.6961,0.2232,1.8554,1.1067,-1.0,0.543,-0.4043,0.1865,-0.2924,0.4452,-0.6168,2.7095,1.0,1.1126
146511,4982,8.6385,0.3563,-1.6613,-8.469,1.6991,-2.3094,-1.3595,1.0,3.2701,-2.0207,-1.096,-2.3233,2.2988,-0.8889,-2.6446,-1.0,3.8684
146511,4983,16.7302,2.3665,3.6054,-16.1644,4.3127,-2.0317,0.9899,-1.0,3.4813,1.4341,-0.3626,-3.1496,1.4792,-1.5,-0.2477,1.0,3.242
146511,4984,1.8008,1.377,0.8513,-0.7815,1.6189,-0.4657,0.5537,1.0,3.0104,-1.6384,-2.4106,-0.7459,2.9146,-0.2532,-2.1677,-1.0,4.2796
146511,4985,0.5431,0.2157,-0.2436,0.4219,0.3254,1.0764,-0.8462,1.0,5.4574,4.6367,2.1661,-1.8925,5.1176,-0.3619,0.437,-1.0,2.5696
146511,4986,0.8421,0.8181,-0.1579,0.0605,0.8332,0.0726,-0.1906,-1.0,6.7693,1.6064,-0.1598,-6.5731,1.6143,-2.112,-0.0991,1.0,3.0886
146511,4987,2.3076,0.2068,0.976,2.078,0.9977,1.4801,1.362,1.0,5.5339,2.0971,0.7878,5.059,2.2402,1.5535,0.3594,-1.0,1.4596
146511,4988,49.5977,9.6345,30.1005,38.2238,31.6047,1.022,1.261,-1.0,39.3712,-1.645,-25.3268,-30.0986,25.3801,-1.0069,-1.6357,1.0,88.1069
146511,4989,6.6754,-6.484,1.2726,0.9426,6.6077,0.1422,2.9478,1.0,1.2445,-0.9718,0.4109,-0.6514,1.0551,-0.5836,2.7416,-1.0,2.0535
146511,4990,0.779,-0.3926,0.5862,-0.313,0.7055,-0.4303,2.1609,1.0,10.9389,-8.1909,3.2876,-6.4613,8.8261,-0.6787,2.7599,-1.0,1.6538
146511,4991,6.7202,-0.5738,-2.3202,-6.2799,2.3901,-1.6936,-1.8132,-1.0,3.7463,0.0592,-1.1933,3.5491,1.1948,1.8091,-1.5213,1.0,9.4595
146511,4992,1.555,-0.8217,0.3165,-1.2773,0.8805,-1.1671,2.774,1.0,1.5663,0.8105,-0.325,1.296,0.8732,1.186,-0.3814,-1.0,3.1212
146511,4993,2.9465,-1.2775,-0.6908,2.5616,1.4523,1.3327,-2.6459,-1.0,2.6164,-1.1124,-1.9118,1.3936,2.2119,0.5944,-2.0978,1.0,1.6787
146511,4994,0.4201,-0.2775,-0.0517,-0.2926,0.2823,-0.9068,-2.9574,-1.0,7.7133,-2.0702,-2.067,7.1362,2.9254,1.6245,-2.357,1.0,3.0521
146511,4995,1.1899,-0.4628,-0.7106,-0.8279,0.848,-0.8645,-2.1481,1.0,1.0015,0.8275,0.513,-0.2093,0.9736,-0.2133,0.555,-1.0,1.8852
146511,4996,3.9949,2.7316,-2.6062,1.3016,3.7754,0.3383,-0.7619,-1.0,13.2383,-5.4616,7.3431,9.5652,9.1515,0.913,2.2103,1.0,12.2068
146511,4997,5.3902,-0.6864,4.1947,-3.313,4.2505,-0.7165,1.733,-1.0,2.332,-0.3512,2.1398,-0.8516,2.1684,-0.3833,1.7335,1.0,1.0422
146511,4998,17.5233,8.9757,-6.7003,-13.4759,11.2008,-1.018,-0.6412,-1.0,8.8223,5.0005,-3.7585,-6.2201,6.2555,-0.8774,-0.6445,1.0,1.1993
146511,4999,1.7908,-0.5308,-0.119,-1.7029,0.544,-1.8588,-2.9211,1.0,1.3905,0.7426,0.3002,1.1317,0.8009,1.1455,0.3842,-1.0,3.1171
